date,item_id,product_name,category,sales,price,cost,essential,shelf_life_days,supplier,lead_time_days,weather,temperature_c,event,is_weekend,supplier_available
2026-03-01,P001,矿泉水,饮料,33,2.0,1.1,1,365,供应商A,1,晴,11,正常,1,1
2026-03-01,P002,桶装水,饮料,7,8.0,5.2,1,365,供应商A,1,晴,11,正常,1,1
2026-03-01,P003,可乐,饮料,14,3.5,2.2,0,270,供应商A,1,晴,11,正常,1,1
2026-03-01,P004,雪碧,饮料,11,3.5,2.2,0,270,供应商A,1,晴,11,正常,1,1
2026-03-01,P005,橙汁,饮料,11,5.0,3.2,0,180,供应商A,2,晴,11,正常,1,1
2026-03-01,P006,牛奶,乳品,20,3.5,2.4,1,7,供应商B,1,晴,11,正常,1,1
2026-03-01,P007,酸奶,乳品,10,5.0,3.3,0,14,供应商B,1,晴,11,正常,1,1
2026-03-01,P008,鸡蛋,生鲜,12,12.0,8.5,1,20,供应商B,1,晴,11,正常,1,1
2026-03-01,P009,大米5kg,粮油,6,35.0,28.0,1,365,供应商C,2,晴,11,正常,1,1
2026-03-01,P010,食用油5L,粮油,2,65.0,53.0,1,540,供应商C,2,晴,11,正常,1,1
2026-03-01,P011,挂面,粮油,7,8.0,5.5,1,365,供应商C,2,晴,11,正常,1,1
2026-03-01,P012,面粉2.5kg,粮油,5,18.0,14.0,1,365,供应商C,2,晴,11,正常,1,1
2026-03-01,P013,食盐,调味,5,2.5,1.4,1,730,供应商C,2,晴,11,正常,1,1
2026-03-01,P014,酱油,调味,5,8.0,5.6,1,540,供应商C,2,晴,11,正常,1,1
2026-03-01,P015,食醋,调味,4,6.0,4.0,1,540,供应商C,2,晴,11,正常,1,1
2026-03-01,P016,方便面红烧,方便食品,17,5.0,3.4,1,180,供应商D,1,晴,11,正常,1,1
2026-03-01,P017,方便面香辣,方便食品,13,5.0,3.4,0,180,供应商D,1,晴,11,正常,1,1
2026-03-01,P018,火腿肠,方便食品,11,3.0,1.9,0,180,供应商D,1,晴,11,正常,1,1
2026-03-01,P019,八宝粥,方便食品,8,6.0,4.1,0,365,供应商D,1,晴,11,正常,1,1
2026-03-01,P020,榨菜,方便食品,4,2.0,1.2,0,365,供应商D,1,晴,11,正常,1,1
2026-03-01,P021,面包,烘焙,13,6.0,3.8,0,5,供应商B,1,晴,11,正常,1,1
2026-03-01,P022,蛋糕,烘焙,7,8.0,5.2,0,4,供应商B,1,晴,11,正常,1,1
2026-03-01,P023,饼干,零食,8,7.0,4.4,0,270,供应商D,1,晴,11,正常,1,1
2026-03-01,P024,薯片,零食,9,6.0,3.8,0,180,供应商D,1,晴,11,正常,1,1
2026-03-01,P025,瓜子,零食,6,8.0,5.0,0,240,供应商D,1,晴,11,正常,1,1
2026-03-01,P026,花生,零食,8,7.0,4.3,0,240,供应商D,1,晴,11,正常,1,1
2026-03-01,P027,巧克力,零食,4,8.0,5.2,0,300,供应商D,2,晴,11,正常,1,1
2026-03-01,P028,棒棒糖,零食,10,1.0,0.5,0,365,供应商D,2,晴,11,正常,1,1
2026-03-01,P029,冰淇淋,冷饮,14,5.0,3.0,0,180,供应商A,1,晴,11,正常,1,1
2026-03-01,P030,雪糕,冷饮,18,3.0,1.7,0,180,供应商A,1,晴,11,正常,1,1
2026-03-01,P031,纸巾,日用品,10,5.0,3.2,1,1095,供应商E,2,晴,11,正常,1,1
2026-03-01,P032,卷纸,日用品,6,18.0,13.0,1,1095,供应商E,2,晴,11,正常,1,1
2026-03-01,P033,洗衣液,日用品,5,25.0,18.0,0,1095,供应商E,3,晴,11,正常,1,1
2026-03-01,P034,洗洁精,日用品,4,12.0,8.0,0,1095,供应商E,3,晴,11,正常,1,1
2026-03-01,P035,牙膏,日用品,4,12.0,8.5,0,1095,供应商E,3,晴,11,正常,1,1
2026-03-01,P036,牙刷,日用品,4,6.0,3.5,0,1095,供应商E,3,晴,11,正常,1,1
2026-03-01,P037,香皂,日用品,5,5.0,3.0,0,1095,供应商E,3,晴,11,正常,1,1
2026-03-01,P038,垃圾袋,日用品,5,8.0,5.0,0,1095,供应商E,3,晴,11,正常,1,1
2026-03-01,P039,电池,日用品,2,10.0,6.5,0,1095,供应商E,3,晴,11,正常,1,1
2026-03-01,P040,打火机,日用品,6,2.0,1.0,0,1095,供应商E,3,晴,11,正常,1,1
2026-03-01,P041,苹果,水果,9,8.0,5.0,0,10,供应商B,1,晴,11,正常,1,1
2026-03-01,P042,香蕉,水果,14,6.0,3.8,0,6,供应商B,1,晴,11,正常,1,1
2026-03-01,P043,橙子,水果,9,9.0,6.0,0,14,供应商B,1,晴,11,正常,1,1
2026-03-01,P044,西红柿,蔬菜,8,6.0,3.8,1,7,供应商B,1,晴,11,正常,1,1
2026-03-01,P045,土豆,蔬菜,7,5.0,3.0,1,30,供应商B,1,晴,11,正常,1,1
2026-03-01,P046,青菜,蔬菜,8,4.0,2.2,1,3,供应商B,1,晴,11,正常,1,1
2026-03-01,P047,火锅底料,调味,4,12.0,8.0,0,365,供应商C,2,晴,11,正常,1,1
2026-03-01,P048,速冻水饺,冷冻食品,6,18.0,12.5,0,180,供应商D,2,晴,11,正常,1,1
2026-03-01,P049,口罩10只,应急用品,5,10.0,6.0,1,1095,供应商E,3,晴,11,正常,1,1
2026-03-01,P050,创可贴,应急用品,2,5.0,2.8,1,1095,供应商E,3,晴,11,正常,1,1
2026-03-02,P001,矿泉水,饮料,21,2.0,1.1,1,365,供应商A,1,晴,7,正常,0,1
2026-03-02,P002,桶装水,饮料,3,8.0,5.2,1,365,供应商A,1,晴,7,正常,0,1
2026-03-02,P003,可乐,饮料,16,3.5,2.2,0,270,供应商A,1,晴,7,正常,0,1
2026-03-02,P004,雪碧,饮料,11,3.5,2.2,0,270,供应商A,1,晴,7,正常,0,1
2026-03-02,P005,橙汁,饮料,7,5.0,3.2,0,180,供应商A,2,晴,7,正常,0,1
2026-03-02,P006,牛奶,乳品,12,3.5,2.4,1,7,供应商B,1,晴,7,正常,0,1
2026-03-02,P007,酸奶,乳品,9,5.0,3.3,0,14,供应商B,1,晴,7,正常,0,1
2026-03-02,P008,鸡蛋,生鲜,9,12.0,8.5,1,20,供应商B,1,晴,7,正常,0,1
2026-03-02,P009,大米5kg,粮油,2,35.0,28.0,1,365,供应商C,2,晴,7,正常,0,1
2026-03-02,P010,食用油5L,粮油,6,65.0,53.0,1,540,供应商C,2,晴,7,正常,0,1
2026-03-02,P011,挂面,粮油,5,8.0,5.5,1,365,供应商C,2,晴,7,正常,0,1
2026-03-02,P012,面粉2.5kg,粮油,3,18.0,14.0,1,365,供应商C,2,晴,7,正常,0,1
2026-03-02,P013,食盐,调味,7,2.5,1.4,1,730,供应商C,2,晴,7,正常,0,1
2026-03-02,P014,酱油,调味,8,8.0,5.6,1,540,供应商C,2,晴,7,正常,0,1
2026-03-02,P015,食醋,调味,3,6.0,4.0,1,540,供应商C,2,晴,7,正常,0,1
2026-03-02,P016,方便面红烧,方便食品,14,5.0,3.4,1,180,供应商D,1,晴,7,正常,0,1
2026-03-02,P017,方便面香辣,方便食品,11,5.0,3.4,0,180,供应商D,1,晴,7,正常,0,1
2026-03-02,P018,火腿肠,方便食品,13,3.0,1.9,0,180,供应商D,1,晴,7,正常,0,1
2026-03-02,P019,八宝粥,方便食品,6,6.0,4.1,0,365,供应商D,1,晴,7,正常,0,1
2026-03-02,P020,榨菜,方便食品,6,2.0,1.2,0,365,供应商D,1,晴,7,正常,0,1
2026-03-02,P021,面包,烘焙,13,6.0,3.8,0,5,供应商B,1,晴,7,正常,0,1
2026-03-02,P022,蛋糕,烘焙,8,8.0,5.2,0,4,供应商B,1,晴,7,正常,0,1
2026-03-02,P023,饼干,零食,8,7.0,4.4,0,270,供应商D,1,晴,7,正常,0,1
2026-03-02,P024,薯片,零食,10,6.0,3.8,0,180,供应商D,1,晴,7,正常,0,1
2026-03-02,P025,瓜子,零食,4,8.0,5.0,0,240,供应商D,1,晴,7,正常,0,1
2026-03-02,P026,花生,零食,6,7.0,4.3,0,240,供应商D,1,晴,7,正常,0,1
2026-03-02,P027,巧克力,零食,5,8.0,5.2,0,300,供应商D,2,晴,7,正常,0,1
2026-03-02,P028,棒棒糖,零食,9,1.0,0.5,0,365,供应商D,2,晴,7,正常,0,1
2026-03-02,P029,冰淇淋,冷饮,13,5.0,3.0,0,180,供应商A,1,晴,7,正常,0,1
2026-03-02,P030,雪糕,冷饮,18,3.0,1.7,0,180,供应商A,1,晴,7,正常,0,1
2026-03-02,P031,纸巾,日用品,9,5.0,3.2,1,1095,供应商E,2,晴,7,正常,0,1
2026-03-02,P032,卷纸,日用品,5,18.0,13.0,1,1095,供应商E,2,晴,7,正常,0,1
2026-03-02,P033,洗衣液,日用品,3,25.0,18.0,0,1095,供应商E,3,晴,7,正常,0,1
2026-03-02,P034,洗洁精,日用品,4,12.0,8.0,0,1095,供应商E,3,晴,7,正常,0,1
2026-03-02,P035,牙膏,日用品,4,12.0,8.5,0,1095,供应商E,3,晴,7,正常,0,1
2026-03-02,P036,牙刷,日用品,3,6.0,3.5,0,1095,供应商E,3,晴,7,正常,0,1
2026-03-02,P037,香皂,日用品,4,5.0,3.0,0,1095,供应商E,3,晴,7,正常,0,1
2026-03-02,P038,垃圾袋,日用品,4,8.0,5.0,0,1095,供应商E,3,晴,7,正常,0,1
2026-03-02,P039,电池,日用品,6,10.0,6.5,0,1095,供应商E,3,晴,7,正常,0,1
2026-03-02,P040,打火机,日用品,7,2.0,1.0,0,1095,供应商E,3,晴,7,正常,0,1
2026-03-02,P041,苹果,水果,8,8.0,5.0,0,10,供应商B,1,晴,7,正常,0,1
2026-03-02,P042,香蕉,水果,8,6.0,3.8,0,6,供应商B,1,晴,7,正常,0,1
2026-03-02,P043,橙子,水果,5,9.0,6.0,0,14,供应商B,1,晴,7,正常,0,1
2026-03-02,P044,西红柿,蔬菜,10,6.0,3.8,1,7,供应商B,1,晴,7,正常,0,1
2026-03-02,P045,土豆,蔬菜,7,5.0,3.0,1,30,供应商B,1,晴,7,正常,0,1
2026-03-02,P046,青菜,蔬菜,11,4.0,2.2,1,3,供应商B,1,晴,7,正常,0,1
2026-03-02,P047,火锅底料,调味,2,12.0,8.0,0,365,供应商C,2,晴,7,正常,0,1
2026-03-02,P048,速冻水饺,冷冻食品,6,18.0,12.5,0,180,供应商D,2,晴,7,正常,0,1
2026-03-02,P049,口罩10只,应急用品,4,10.0,6.0,1,1095,供应商E,3,晴,7,正常,0,1
2026-03-02,P050,创可贴,应急用品,2,5.0,2.8,1,1095,供应商E,3,晴,7,正常,0,1
2026-03-03,P001,矿泉水,饮料,22,2.0,1.1,1,365,供应商A,1,晴,13,正常,0,1
2026-03-03,P002,桶装水,饮料,6,8.0,5.2,1,365,供应商A,1,晴,13,正常,0,1
2026-03-03,P003,可乐,饮料,16,3.5,2.2,0,270,供应商A,1,晴,13,正常,0,1
2026-03-03,P004,雪碧,饮料,12,3.5,2.2,0,270,供应商A,1,晴,13,正常,0,1
2026-03-03,P005,橙汁,饮料,8,5.0,3.2,0,180,供应商A,2,晴,13,正常,0,1
2026-03-03,P006,牛奶,乳品,13,3.5,2.4,1,7,供应商B,1,晴,13,正常,0,1
2026-03-03,P007,酸奶,乳品,9,5.0,3.3,0,14,供应商B,1,晴,13,正常,0,1
2026-03-03,P008,鸡蛋,生鲜,15,12.0,8.5,1,20,供应商B,1,晴,13,正常,0,1
2026-03-03,P009,大米5kg,粮油,1,35.0,28.0,1,365,供应商C,2,晴,13,正常,0,1
2026-03-03,P010,食用油5L,粮油,3,65.0,53.0,1,540,供应商C,2,晴,13,正常,0,1
2026-03-03,P011,挂面,粮油,7,8.0,5.5,1,365,供应商C,2,晴,13,正常,0,1
2026-03-03,P012,面粉2.5kg,粮油,4,18.0,14.0,1,365,供应商C,2,晴,13,正常,0,1
2026-03-03,P013,食盐,调味,5,2.5,1.4,1,730,供应商C,2,晴,13,正常,0,1
2026-03-03,P014,酱油,调味,3,8.0,5.6,1,540,供应商C,2,晴,13,正常,0,1
2026-03-03,P015,食醋,调味,4,6.0,4.0,1,540,供应商C,2,晴,13,正常,0,1
2026-03-03,P016,方便面红烧,方便食品,19,5.0,3.4,1,180,供应商D,1,晴,13,正常,0,1
2026-03-03,P017,方便面香辣,方便食品,8,5.0,3.4,0,180,供应商D,1,晴,13,正常,0,1
2026-03-03,P018,火腿肠,方便食品,11,3.0,1.9,0,180,供应商D,1,晴,13,正常,0,1
2026-03-03,P019,八宝粥,方便食品,7,6.0,4.1,0,365,供应商D,1,晴,13,正常,0,1
2026-03-03,P020,榨菜,方便食品,6,2.0,1.2,0,365,供应商D,1,晴,13,正常,0,1
2026-03-03,P021,面包,烘焙,10,6.0,3.8,0,5,供应商B,1,晴,13,正常,0,1
2026-03-03,P022,蛋糕,烘焙,7,8.0,5.2,0,4,供应商B,1,晴,13,正常,0,1
2026-03-03,P023,饼干,零食,11,7.0,4.4,0,270,供应商D,1,晴,13,正常,0,1
2026-03-03,P024,薯片,零食,11,6.0,3.8,0,180,供应商D,1,晴,13,正常,0,1
2026-03-03,P025,瓜子,零食,8,8.0,5.0,0,240,供应商D,1,晴,13,正常,0,1
2026-03-03,P026,花生,零食,7,7.0,4.3,0,240,供应商D,1,晴,13,正常,0,1
2026-03-03,P027,巧克力,零食,6,8.0,5.2,0,300,供应商D,2,晴,13,正常,0,1
2026-03-03,P028,棒棒糖,零食,12,1.0,0.5,0,365,供应商D,2,晴,13,正常,0,1
2026-03-03,P029,冰淇淋,冷饮,15,5.0,3.0,0,180,供应商A,1,晴,13,正常,0,1
2026-03-03,P030,雪糕,冷饮,19,3.0,1.7,0,180,供应商A,1,晴,13,正常,0,1
2026-03-03,P031,纸巾,日用品,8,5.0,3.2,1,1095,供应商E,2,晴,13,正常,0,1
2026-03-03,P032,卷纸,日用品,5,18.0,13.0,1,1095,供应商E,2,晴,13,正常,0,1
2026-03-03,P033,洗衣液,日用品,2,25.0,18.0,0,1095,供应商E,3,晴,13,正常,0,1
2026-03-03,P034,洗洁精,日用品,5,12.0,8.0,0,1095,供应商E,3,晴,13,正常,0,1
2026-03-03,P035,牙膏,日用品,3,12.0,8.5,0,1095,供应商E,3,晴,13,正常,0,1
2026-03-03,P036,牙刷,日用品,5,6.0,3.5,0,1095,供应商E,3,晴,13,正常,0,1
2026-03-03,P037,香皂,日用品,4,5.0,3.0,0,1095,供应商E,3,晴,13,正常,0,1
2026-03-03,P038,垃圾袋,日用品,5,8.0,5.0,0,1095,供应商E,3,晴,13,正常,0,1
2026-03-03,P039,电池,日用品,4,10.0,6.5,0,1095,供应商E,3,晴,13,正常,0,1
2026-03-03,P040,打火机,日用品,7,2.0,1.0,0,1095,供应商E,3,晴,13,正常,0,1
2026-03-03,P041,苹果,水果,9,8.0,5.0,0,10,供应商B,1,晴,13,正常,0,1
2026-03-03,P042,香蕉,水果,7,6.0,3.8,0,6,供应商B,1,晴,13,正常,0,1
2026-03-03,P043,橙子,水果,6,9.0,6.0,0,14,供应商B,1,晴,13,正常,0,1
2026-03-03,P044,西红柿,蔬菜,6,6.0,3.8,1,7,供应商B,1,晴,13,正常,0,1
2026-03-03,P045,土豆,蔬菜,6,5.0,3.0,1,30,供应商B,1,晴,13,正常,0,1
2026-03-03,P046,青菜,蔬菜,12,4.0,2.2,1,3,供应商B,1,晴,13,正常,0,1
2026-03-03,P047,火锅底料,调味,5,12.0,8.0,0,365,供应商C,2,晴,13,正常,0,1
2026-03-03,P048,速冻水饺,冷冻食品,4,18.0,12.5,0,180,供应商D,2,晴,13,正常,0,1
2026-03-03,P049,口罩10只,应急用品,2,10.0,6.0,1,1095,供应商E,3,晴,13,正常,0,1
2026-03-03,P050,创可贴,应急用品,3,5.0,2.8,1,1095,供应商E,3,晴,13,正常,0,1
2026-03-04,P001,矿泉水,饮料,19,2.0,1.1,1,365,供应商A,1,晴,13,正常,0,1
2026-03-04,P002,桶装水,饮料,5,8.0,5.2,1,365,供应商A,1,晴,13,正常,0,1
2026-03-04,P003,可乐,饮料,17,3.5,2.2,0,270,供应商A,1,晴,13,正常,0,1
2026-03-04,P004,雪碧,饮料,15,3.5,2.2,0,270,供应商A,1,晴,13,正常,0,1
2026-03-04,P005,橙汁,饮料,9,5.0,3.2,0,180,供应商A,2,晴,13,正常,0,1
2026-03-04,P006,牛奶,乳品,9,3.5,2.4,1,7,供应商B,1,晴,13,正常,0,1
2026-03-04,P007,酸奶,乳品,9,5.0,3.3,0,14,供应商B,1,晴,13,正常,0,1
2026-03-04,P008,鸡蛋,生鲜,12,12.0,8.5,1,20,供应商B,1,晴,13,正常,0,1
2026-03-04,P009,大米5kg,粮油,4,35.0,28.0,1,365,供应商C,2,晴,13,正常,0,1
2026-03-04,P010,食用油5L,粮油,5,65.0,53.0,1,540,供应商C,2,晴,13,正常,0,1
2026-03-04,P011,挂面,粮油,5,8.0,5.5,1,365,供应商C,2,晴,13,正常,0,1
2026-03-04,P012,面粉2.5kg,粮油,3,18.0,14.0,1,365,供应商C,2,晴,13,正常,0,1
2026-03-04,P013,食盐,调味,6,2.5,1.4,1,730,供应商C,2,晴,13,正常,0,1
2026-03-04,P014,酱油,调味,3,8.0,5.6,1,540,供应商C,2,晴,13,正常,0,1
2026-03-04,P015,食醋,调味,6,6.0,4.0,1,540,供应商C,2,晴,13,正常,0,1
2026-03-04,P016,方便面红烧,方便食品,16,5.0,3.4,1,180,供应商D,1,晴,13,正常,0,1
2026-03-04,P017,方便面香辣,方便食品,11,5.0,3.4,0,180,供应商D,1,晴,13,正常,0,1
2026-03-04,P018,火腿肠,方便食品,9,3.0,1.9,0,180,供应商D,1,晴,13,正常,0,1
2026-03-04,P019,八宝粥,方便食品,8,6.0,4.1,0,365,供应商D,1,晴,13,正常,0,1
2026-03-04,P020,榨菜,方便食品,7,2.0,1.2,0,365,供应商D,1,晴,13,正常,0,1
2026-03-04,P021,面包,烘焙,12,6.0,3.8,0,5,供应商B,1,晴,13,正常,0,1
2026-03-04,P022,蛋糕,烘焙,7,8.0,5.2,0,4,供应商B,1,晴,13,正常,0,1
2026-03-04,P023,饼干,零食,9,7.0,4.4,0,270,供应商D,1,晴,13,正常,0,1
2026-03-04,P024,薯片,零食,9,6.0,3.8,0,180,供应商D,1,晴,13,正常,0,1
2026-03-04,P025,瓜子,零食,6,8.0,5.0,0,240,供应商D,1,晴,13,正常,0,1
2026-03-04,P026,花生,零食,6,7.0,4.3,0,240,供应商D,1,晴,13,正常,0,1
2026-03-04,P027,巧克力,零食,5,8.0,5.2,0,300,供应商D,2,晴,13,正常,0,1
2026-03-04,P028,棒棒糖,零食,10,1.0,0.5,0,365,供应商D,2,晴,13,正常,0,1
2026-03-04,P029,冰淇淋,冷饮,12,5.0,3.0,0,180,供应商A,1,晴,13,正常,0,1
2026-03-04,P030,雪糕,冷饮,17,3.0,1.7,0,180,供应商A,1,晴,13,正常,0,1
2026-03-04,P031,纸巾,日用品,10,5.0,3.2,1,1095,供应商E,2,晴,13,正常,0,1
2026-03-04,P032,卷纸,日用品,4,18.0,13.0,1,1095,供应商E,2,晴,13,正常,0,1
2026-03-04,P033,洗衣液,日用品,2,25.0,18.0,0,1095,供应商E,3,晴,13,正常,0,1
2026-03-04,P034,洗洁精,日用品,4,12.0,8.0,0,1095,供应商E,3,晴,13,正常,0,1
2026-03-04,P035,牙膏,日用品,5,12.0,8.5,0,1095,供应商E,3,晴,13,正常,0,1
2026-03-04,P036,牙刷,日用品,4,6.0,3.5,0,1095,供应商E,3,晴,13,正常,0,1
2026-03-04,P037,香皂,日用品,6,5.0,3.0,0,1095,供应商E,3,晴,13,正常,0,1
2026-03-04,P038,垃圾袋,日用品,5,8.0,5.0,0,1095,供应商E,3,晴,13,正常,0,1
2026-03-04,P039,电池,日用品,4,10.0,6.5,0,1095,供应商E,3,晴,13,正常,0,1
2026-03-04,P040,打火机,日用品,6,2.0,1.0,0,1095,供应商E,3,晴,13,正常,0,1
2026-03-04,P041,苹果,水果,11,8.0,5.0,0,10,供应商B,1,晴,13,正常,0,1
2026-03-04,P042,香蕉,水果,9,6.0,3.8,0,6,供应商B,1,晴,13,正常,0,1
2026-03-04,P043,橙子,水果,4,9.0,6.0,0,14,供应商B,1,晴,13,正常,0,1
2026-03-04,P044,西红柿,蔬菜,10,6.0,3.8,1,7,供应商B,1,晴,13,正常,0,1
2026-03-04,P045,土豆,蔬菜,6,5.0,3.0,1,30,供应商B,1,晴,13,正常,0,1
2026-03-04,P046,青菜,蔬菜,10,4.0,2.2,1,3,供应商B,1,晴,13,正常,0,1
2026-03-04,P047,火锅底料,调味,6,12.0,8.0,0,365,供应商C,2,晴,13,正常,0,1
2026-03-04,P048,速冻水饺,冷冻食品,3,18.0,12.5,0,180,供应商D,2,晴,13,正常,0,1
2026-03-04,P049,口罩10只,应急用品,1,10.0,6.0,1,1095,供应商E,3,晴,13,正常,0,1
2026-03-04,P050,创可贴,应急用品,1,5.0,2.8,1,1095,供应商E,3,晴,13,正常,0,1
2026-03-05,P001,矿泉水,饮料,21,2.0,1.1,1,365,供应商A,1,晴,5,正常,0,1
2026-03-05,P002,桶装水,饮料,7,8.0,5.2,1,365,供应商A,1,晴,5,正常,0,1
2026-03-05,P003,可乐,饮料,17,3.5,2.2,0,270,供应商A,1,晴,5,正常,0,1
2026-03-05,P004,雪碧,饮料,14,3.5,2.2,0,270,供应商A,1,晴,5,正常,0,1
2026-03-05,P005,橙汁,饮料,6,5.0,3.2,0,180,供应商A,2,晴,5,正常,0,1
2026-03-05,P006,牛奶,乳品,9,3.5,2.4,1,7,供应商B,1,晴,5,正常,0,1
2026-03-05,P007,酸奶,乳品,9,5.0,3.3,0,14,供应商B,1,晴,5,正常,0,1
2026-03-05,P008,鸡蛋,生鲜,11,12.0,8.5,1,20,供应商B,1,晴,5,正常,0,1
2026-03-05,P009,大米5kg,粮油,5,35.0,28.0,1,365,供应商C,2,晴,5,正常,0,1
2026-03-05,P010,食用油5L,粮油,4,65.0,53.0,1,540,供应商C,2,晴,5,正常,0,1
2026-03-05,P011,挂面,粮油,7,8.0,5.5,1,365,供应商C,2,晴,5,正常,0,1
2026-03-05,P012,面粉2.5kg,粮油,5,18.0,14.0,1,365,供应商C,2,晴,5,正常,0,1
2026-03-05,P013,食盐,调味,5,2.5,1.4,1,730,供应商C,2,晴,5,正常,0,1
2026-03-05,P014,酱油,调味,6,8.0,5.6,1,540,供应商C,2,晴,5,正常,0,1
2026-03-05,P015,食醋,调味,3,6.0,4.0,1,540,供应商C,2,晴,5,正常,0,1
2026-03-05,P016,方便面红烧,方便食品,15,5.0,3.4,1,180,供应商D,1,晴,5,正常,0,1
2026-03-05,P017,方便面香辣,方便食品,10,5.0,3.4,0,180,供应商D,1,晴,5,正常,0,1
2026-03-05,P018,火腿肠,方便食品,11,3.0,1.9,0,180,供应商D,1,晴,5,正常,0,1
2026-03-05,P019,八宝粥,方便食品,7,6.0,4.1,0,365,供应商D,1,晴,5,正常,0,1
2026-03-05,P020,榨菜,方便食品,7,2.0,1.2,0,365,供应商D,1,晴,5,正常,0,1
2026-03-05,P021,面包,烘焙,11,6.0,3.8,0,5,供应商B,1,晴,5,正常,0,1
2026-03-05,P022,蛋糕,烘焙,7,8.0,5.2,0,4,供应商B,1,晴,5,正常,0,1
2026-03-05,P023,饼干,零食,10,7.0,4.4,0,270,供应商D,1,晴,5,正常,0,1
2026-03-05,P024,薯片,零食,7,6.0,3.8,0,180,供应商D,1,晴,5,正常,0,1
2026-03-05,P025,瓜子,零食,4,8.0,5.0,0,240,供应商D,1,晴,5,正常,0,1
2026-03-05,P026,花生,零食,4,7.0,4.3,0,240,供应商D,1,晴,5,正常,0,1
2026-03-05,P027,巧克力,零食,2,8.0,5.2,0,300,供应商D,2,晴,5,正常,0,1
2026-03-05,P028,棒棒糖,零食,8,1.0,0.5,0,365,供应商D,2,晴,5,正常,0,1
2026-03-05,P029,冰淇淋,冷饮,16,5.0,3.0,0,180,供应商A,1,晴,5,正常,0,1
2026-03-05,P030,雪糕,冷饮,16,3.0,1.7,0,180,供应商A,1,晴,5,正常,0,1
2026-03-05,P031,纸巾,日用品,8,5.0,3.2,1,1095,供应商E,2,晴,5,正常,0,1
2026-03-05,P032,卷纸,日用品,6,18.0,13.0,1,1095,供应商E,2,晴,5,正常,0,1
2026-03-05,P033,洗衣液,日用品,5,25.0,18.0,0,1095,供应商E,3,晴,5,正常,0,1
2026-03-05,P034,洗洁精,日用品,4,12.0,8.0,0,1095,供应商E,3,晴,5,正常,0,1
2026-03-05,P035,牙膏,日用品,6,12.0,8.5,0,1095,供应商E,3,晴,5,正常,0,1
2026-03-05,P036,牙刷,日用品,4,6.0,3.5,0,1095,供应商E,3,晴,5,正常,0,1
2026-03-05,P037,香皂,日用品,3,5.0,3.0,0,1095,供应商E,3,晴,5,正常,0,1
2026-03-05,P038,垃圾袋,日用品,3,8.0,5.0,0,1095,供应商E,3,晴,5,正常,0,1
2026-03-05,P039,电池,日用品,1,10.0,6.5,0,1095,供应商E,3,晴,5,正常,0,1
2026-03-05,P040,打火机,日用品,4,2.0,1.0,0,1095,供应商E,3,晴,5,正常,0,1
2026-03-05,P041,苹果,水果,8,8.0,5.0,0,10,供应商B,1,晴,5,正常,0,1
2026-03-05,P042,香蕉,水果,10,6.0,3.8,0,6,供应商B,1,晴,5,正常,0,1
2026-03-05,P043,橙子,水果,8,9.0,6.0,0,14,供应商B,1,晴,5,正常,0,1
2026-03-05,P044,西红柿,蔬菜,6,6.0,3.8,1,7,供应商B,1,晴,5,正常,0,1
2026-03-05,P045,土豆,蔬菜,7,5.0,3.0,1,30,供应商B,1,晴,5,正常,0,1
2026-03-05,P046,青菜,蔬菜,8,4.0,2.2,1,3,供应商B,1,晴,5,正常,0,1
2026-03-05,P047,火锅底料,调味,5,12.0,8.0,0,365,供应商C,2,晴,5,正常,0,1
2026-03-05,P048,速冻水饺,冷冻食品,5,18.0,12.5,0,180,供应商D,2,晴,5,正常,0,1
2026-03-05,P049,口罩10只,应急用品,1,10.0,6.0,1,1095,供应商E,3,晴,5,正常,0,1
2026-03-05,P050,创可贴,应急用品,4,5.0,2.8,1,1095,供应商E,3,晴,5,正常,0,1
2026-03-06,P001,矿泉水,饮料,22,2.0,1.1,1,365,供应商A,1,晴,7,正常,0,1
2026-03-06,P002,桶装水,饮料,5,8.0,5.2,1,365,供应商A,1,晴,7,正常,0,1
2026-03-06,P003,可乐,饮料,13,3.5,2.2,0,270,供应商A,1,晴,7,正常,0,1
2026-03-06,P004,雪碧,饮料,12,3.5,2.2,0,270,供应商A,1,晴,7,正常,0,1
2026-03-06,P005,橙汁,饮料,9,5.0,3.2,0,180,供应商A,2,晴,7,正常,0,1
2026-03-06,P006,牛奶,乳品,14,3.5,2.4,1,7,供应商B,1,晴,7,正常,0,1
2026-03-06,P007,酸奶,乳品,9,5.0,3.3,0,14,供应商B,1,晴,7,正常,0,1
2026-03-06,P008,鸡蛋,生鲜,13,12.0,8.5,1,20,供应商B,1,晴,7,正常,0,1
2026-03-06,P009,大米5kg,粮油,6,35.0,28.0,1,365,供应商C,2,晴,7,正常,0,1
2026-03-06,P010,食用油5L,粮油,3,65.0,53.0,1,540,供应商C,2,晴,7,正常,0,1
2026-03-06,P011,挂面,粮油,5,8.0,5.5,1,365,供应商C,2,晴,7,正常,0,1
2026-03-06,P012,面粉2.5kg,粮油,5,18.0,14.0,1,365,供应商C,2,晴,7,正常,0,1
2026-03-06,P013,食盐,调味,5,2.5,1.4,1,730,供应商C,2,晴,7,正常,0,1
2026-03-06,P014,酱油,调味,6,8.0,5.6,1,540,供应商C,2,晴,7,正常,0,1
2026-03-06,P015,食醋,调味,4,6.0,4.0,1,540,供应商C,2,晴,7,正常,0,1
2026-03-06,P016,方便面红烧,方便食品,15,5.0,3.4,1,180,供应商D,1,晴,7,正常,0,1
2026-03-06,P017,方便面香辣,方便食品,11,5.0,3.4,0,180,供应商D,1,晴,7,正常,0,1
2026-03-06,P018,火腿肠,方便食品,13,3.0,1.9,0,180,供应商D,1,晴,7,正常,0,1
2026-03-06,P019,八宝粥,方便食品,9,6.0,4.1,0,365,供应商D,1,晴,7,正常,0,1
2026-03-06,P020,榨菜,方便食品,6,2.0,1.2,0,365,供应商D,1,晴,7,正常,0,1
2026-03-06,P021,面包,烘焙,12,6.0,3.8,0,5,供应商B,1,晴,7,正常,0,1
2026-03-06,P022,蛋糕,烘焙,8,8.0,5.2,0,4,供应商B,1,晴,7,正常,0,1
2026-03-06,P023,饼干,零食,8,7.0,4.4,0,270,供应商D,1,晴,7,正常,0,1
2026-03-06,P024,薯片,零食,11,6.0,3.8,0,180,供应商D,1,晴,7,正常,0,1
2026-03-06,P025,瓜子,零食,6,8.0,5.0,0,240,供应商D,1,晴,7,正常,0,1
2026-03-06,P026,花生,零食,6,7.0,4.3,0,240,供应商D,1,晴,7,正常,0,1
2026-03-06,P027,巧克力,零食,4,8.0,5.2,0,300,供应商D,2,晴,7,正常,0,1
2026-03-06,P028,棒棒糖,零食,7,1.0,0.5,0,365,供应商D,2,晴,7,正常,0,1
2026-03-06,P029,冰淇淋,冷饮,9,5.0,3.0,0,180,供应商A,1,晴,7,正常,0,1
2026-03-06,P030,雪糕,冷饮,14,3.0,1.7,0,180,供应商A,1,晴,7,正常,0,1
2026-03-06,P031,纸巾,日用品,7,5.0,3.2,1,1095,供应商E,2,晴,7,正常,0,1
2026-03-06,P032,卷纸,日用品,5,18.0,13.0,1,1095,供应商E,2,晴,7,正常,0,1
2026-03-06,P033,洗衣液,日用品,5,25.0,18.0,0,1095,供应商E,3,晴,7,正常,0,1
2026-03-06,P034,洗洁精,日用品,5,12.0,8.0,0,1095,供应商E,3,晴,7,正常,0,1
2026-03-06,P035,牙膏,日用品,3,12.0,8.5,0,1095,供应商E,3,晴,7,正常,0,1
2026-03-06,P036,牙刷,日用品,4,6.0,3.5,0,1095,供应商E,3,晴,7,正常,0,1
2026-03-06,P037,香皂,日用品,4,5.0,3.0,0,1095,供应商E,3,晴,7,正常,0,1
2026-03-06,P038,垃圾袋,日用品,4,8.0,5.0,0,1095,供应商E,3,晴,7,正常,0,1
2026-03-06,P039,电池,日用品,3,10.0,6.5,0,1095,供应商E,3,晴,7,正常,0,1
2026-03-06,P040,打火机,日用品,6,2.0,1.0,0,1095,供应商E,3,晴,7,正常,0,1
2026-03-06,P041,苹果,水果,8,8.0,5.0,0,10,供应商B,1,晴,7,正常,0,1
2026-03-06,P042,香蕉,水果,11,6.0,3.8,0,6,供应商B,1,晴,7,正常,0,1
2026-03-06,P043,橙子,水果,5,9.0,6.0,0,14,供应商B,1,晴,7,正常,0,1
2026-03-06,P044,西红柿,蔬菜,8,6.0,3.8,1,7,供应商B,1,晴,7,正常,0,1
2026-03-06,P045,土豆,蔬菜,10,5.0,3.0,1,30,供应商B,1,晴,7,正常,0,1
2026-03-06,P046,青菜,蔬菜,10,4.0,2.2,1,3,供应商B,1,晴,7,正常,0,1
2026-03-06,P047,火锅底料,调味,6,12.0,8.0,0,365,供应商C,2,晴,7,正常,0,1
2026-03-06,P048,速冻水饺,冷冻食品,5,18.0,12.5,0,180,供应商D,2,晴,7,正常,0,1
2026-03-06,P049,口罩10只,应急用品,4,10.0,6.0,1,1095,供应商E,3,晴,7,正常,0,1
2026-03-06,P050,创可贴,应急用品,3,5.0,2.8,1,1095,供应商E,3,晴,7,正常,0,1
2026-03-07,P001,矿泉水,饮料,26,2.0,1.1,1,365,供应商A,1,晴,11,正常,1,1
2026-03-07,P002,桶装水,饮料,6,8.0,5.2,1,365,供应商A,1,晴,11,正常,1,1
2026-03-07,P003,可乐,饮料,19,3.5,2.2,0,270,供应商A,1,晴,11,正常,1,1
2026-03-07,P004,雪碧,饮料,12,3.5,2.2,0,270,供应商A,1,晴,11,正常,1,1
2026-03-07,P005,橙汁,饮料,10,5.0,3.2,0,180,供应商A,2,晴,11,正常,1,1
2026-03-07,P006,牛奶,乳品,18,3.5,2.4,1,7,供应商B,1,晴,11,正常,1,1
2026-03-07,P007,酸奶,乳品,10,5.0,3.3,0,14,供应商B,1,晴,11,正常,1,1
2026-03-07,P008,鸡蛋,生鲜,13,12.0,8.5,1,20,供应商B,1,晴,11,正常,1,1
2026-03-07,P009,大米5kg,粮油,5,35.0,28.0,1,365,供应商C,2,晴,11,正常,1,1
2026-03-07,P010,食用油5L,粮油,3,65.0,53.0,1,540,供应商C,2,晴,11,正常,1,1
2026-03-07,P011,挂面,粮油,9,8.0,5.5,1,365,供应商C,2,晴,11,正常,1,1
2026-03-07,P012,面粉2.5kg,粮油,2,18.0,14.0,1,365,供应商C,2,晴,11,正常,1,1
2026-03-07,P013,食盐,调味,5,2.5,1.4,1,730,供应商C,2,晴,11,正常,1,1
2026-03-07,P014,酱油,调味,3,8.0,5.6,1,540,供应商C,2,晴,11,正常,1,1
2026-03-07,P015,食醋,调味,3,6.0,4.0,1,540,供应商C,2,晴,11,正常,1,1
2026-03-07,P016,方便面红烧,方便食品,20,5.0,3.4,1,180,供应商D,1,晴,11,正常,1,1
2026-03-07,P017,方便面香辣,方便食品,13,5.0,3.4,0,180,供应商D,1,晴,11,正常,1,1
2026-03-07,P018,火腿肠,方便食品,10,3.0,1.9,0,180,供应商D,1,晴,11,正常,1,1
2026-03-07,P019,八宝粥,方便食品,6,6.0,4.1,0,365,供应商D,1,晴,11,正常,1,1
2026-03-07,P020,榨菜,方便食品,3,2.0,1.2,0,365,供应商D,1,晴,11,正常,1,1
2026-03-07,P021,面包,烘焙,12,6.0,3.8,0,5,供应商B,1,晴,11,正常,1,1
2026-03-07,P022,蛋糕,烘焙,11,8.0,5.2,0,4,供应商B,1,晴,11,正常,1,1
2026-03-07,P023,饼干,零食,11,7.0,4.4,0,270,供应商D,1,晴,11,正常,1,1
2026-03-07,P024,薯片,零食,10,6.0,3.8,0,180,供应商D,1,晴,11,正常,1,1
2026-03-07,P025,瓜子,零食,7,8.0,5.0,0,240,供应商D,1,晴,11,正常,1,1
2026-03-07,P026,花生,零食,5,7.0,4.3,0,240,供应商D,1,晴,11,正常,1,1
2026-03-07,P027,巧克力,零食,5,8.0,5.2,0,300,供应商D,2,晴,11,正常,1,1
2026-03-07,P028,棒棒糖,零食,10,1.0,0.5,0,365,供应商D,2,晴,11,正常,1,1
2026-03-07,P029,冰淇淋,冷饮,15,5.0,3.0,0,180,供应商A,1,晴,11,正常,1,1
2026-03-07,P030,雪糕,冷饮,21,3.0,1.7,0,180,供应商A,1,晴,11,正常,1,1
2026-03-07,P031,纸巾,日用品,9,5.0,3.2,1,1095,供应商E,2,晴,11,正常,1,1
2026-03-07,P032,卷纸,日用品,6,18.0,13.0,1,1095,供应商E,2,晴,11,正常,1,1
2026-03-07,P033,洗衣液,日用品,2,25.0,18.0,0,1095,供应商E,3,晴,11,正常,1,1
2026-03-07,P034,洗洁精,日用品,5,12.0,8.0,0,1095,供应商E,3,晴,11,正常,1,1
2026-03-07,P035,牙膏,日用品,6,12.0,8.5,0,1095,供应商E,3,晴,11,正常,1,1
2026-03-07,P036,牙刷,日用品,3,6.0,3.5,0,1095,供应商E,3,晴,11,正常,1,1
2026-03-07,P037,香皂,日用品,3,5.0,3.0,0,1095,供应商E,3,晴,11,正常,1,1
2026-03-07,P038,垃圾袋,日用品,6,8.0,5.0,0,1095,供应商E,3,晴,11,正常,1,1
2026-03-07,P039,电池,日用品,3,10.0,6.5,0,1095,供应商E,3,晴,11,正常,1,1
2026-03-07,P040,打火机,日用品,7,2.0,1.0,0,1095,供应商E,3,晴,11,正常,1,1
2026-03-07,P041,苹果,水果,8,8.0,5.0,0,10,供应商B,1,晴,11,正常,1,1
2026-03-07,P042,香蕉,水果,12,6.0,3.8,0,6,供应商B,1,晴,11,正常,1,1
2026-03-07,P043,橙子,水果,7,9.0,6.0,0,14,供应商B,1,晴,11,正常,1,1
2026-03-07,P044,西红柿,蔬菜,9,6.0,3.8,1,7,供应商B,1,晴,11,正常,1,1
2026-03-07,P045,土豆,蔬菜,10,5.0,3.0,1,30,供应商B,1,晴,11,正常,1,1
2026-03-07,P046,青菜,蔬菜,10,4.0,2.2,1,3,供应商B,1,晴,11,正常,1,1
2026-03-07,P047,火锅底料,调味,3,12.0,8.0,0,365,供应商C,2,晴,11,正常,1,1
2026-03-07,P048,速冻水饺,冷冻食品,5,18.0,12.5,0,180,供应商D,2,晴,11,正常,1,1
2026-03-07,P049,口罩10只,应急用品,4,10.0,6.0,1,1095,供应商E,3,晴,11,正常,1,1
2026-03-07,P050,创可贴,应急用品,1,5.0,2.8,1,1095,供应商E,3,晴,11,正常,1,1
2026-03-08,P001,矿泉水,饮料,29,2.0,1.1,1,365,供应商A,1,晴,10,正常,1,1
2026-03-08,P002,桶装水,饮料,6,8.0,5.2,1,365,供应商A,1,晴,10,正常,1,1
2026-03-08,P003,可乐,饮料,21,3.5,2.2,0,270,供应商A,1,晴,10,正常,1,1
2026-03-08,P004,雪碧,饮料,9,3.5,2.2,0,270,供应商A,1,晴,10,正常,1,1
2026-03-08,P005,橙汁,饮料,8,5.0,3.2,0,180,供应商A,2,晴,10,正常,1,1
2026-03-08,P006,牛奶,乳品,11,3.5,2.4,1,7,供应商B,1,晴,10,正常,1,1
2026-03-08,P007,酸奶,乳品,9,5.0,3.3,0,14,供应商B,1,晴,10,正常,1,1
2026-03-08,P008,鸡蛋,生鲜,14,12.0,8.5,1,20,供应商B,1,晴,10,正常,1,1
2026-03-08,P009,大米5kg,粮油,4,35.0,28.0,1,365,供应商C,2,晴,10,正常,1,1
2026-03-08,P010,食用油5L,粮油,3,65.0,53.0,1,540,供应商C,2,晴,10,正常,1,1
2026-03-08,P011,挂面,粮油,8,8.0,5.5,1,365,供应商C,2,晴,10,正常,1,1
2026-03-08,P012,面粉2.5kg,粮油,5,18.0,14.0,1,365,供应商C,2,晴,10,正常,1,1
2026-03-08,P013,食盐,调味,4,2.5,1.4,1,730,供应商C,2,晴,10,正常,1,1
2026-03-08,P014,酱油,调味,6,8.0,5.6,1,540,供应商C,2,晴,10,正常,1,1
2026-03-08,P015,食醋,调味,5,6.0,4.0,1,540,供应商C,2,晴,10,正常,1,1
2026-03-08,P016,方便面红烧,方便食品,18,5.0,3.4,1,180,供应商D,1,晴,10,正常,1,1
2026-03-08,P017,方便面香辣,方便食品,12,5.0,3.4,0,180,供应商D,1,晴,10,正常,1,1
2026-03-08,P018,火腿肠,方便食品,12,3.0,1.9,0,180,供应商D,1,晴,10,正常,1,1
2026-03-08,P019,八宝粥,方便食品,10,6.0,4.1,0,365,供应商D,1,晴,10,正常,1,1
2026-03-08,P020,榨菜,方便食品,6,2.0,1.2,0,365,供应商D,1,晴,10,正常,1,1
2026-03-08,P021,面包,烘焙,13,6.0,3.8,0,5,供应商B,1,晴,10,正常,1,1
2026-03-08,P022,蛋糕,烘焙,7,8.0,5.2,0,4,供应商B,1,晴,10,正常,1,1
2026-03-08,P023,饼干,零食,8,7.0,4.4,0,270,供应商D,1,晴,10,正常,1,1
2026-03-08,P024,薯片,零食,9,6.0,3.8,0,180,供应商D,1,晴,10,正常,1,1
2026-03-08,P025,瓜子,零食,6,8.0,5.0,0,240,供应商D,1,晴,10,正常,1,1
2026-03-08,P026,花生,零食,7,7.0,4.3,0,240,供应商D,1,晴,10,正常,1,1
2026-03-08,P027,巧克力,零食,6,8.0,5.2,0,300,供应商D,2,晴,10,正常,1,1
2026-03-08,P028,棒棒糖,零食,10,1.0,0.5,0,365,供应商D,2,晴,10,正常,1,1
2026-03-08,P029,冰淇淋,冷饮,14,5.0,3.0,0,180,供应商A,1,晴,10,正常,1,1
2026-03-08,P030,雪糕,冷饮,21,3.0,1.7,0,180,供应商A,1,晴,10,正常,1,1
2026-03-08,P031,纸巾,日用品,10,5.0,3.2,1,1095,供应商E,2,晴,10,正常,1,1
2026-03-08,P032,卷纸,日用品,5,18.0,13.0,1,1095,供应商E,2,晴,10,正常,1,1
2026-03-08,P033,洗衣液,日用品,3,25.0,18.0,0,1095,供应商E,3,晴,10,正常,1,1
2026-03-08,P034,洗洁精,日用品,5,12.0,8.0,0,1095,供应商E,3,晴,10,正常,1,1
2026-03-08,P035,牙膏,日用品,5,12.0,8.5,0,1095,供应商E,3,晴,10,正常,1,1
2026-03-08,P036,牙刷,日用品,3,6.0,3.5,0,1095,供应商E,3,晴,10,正常,1,1
2026-03-08,P037,香皂,日用品,4,5.0,3.0,0,1095,供应商E,3,晴,10,正常,1,1
2026-03-08,P038,垃圾袋,日用品,5,8.0,5.0,0,1095,供应商E,3,晴,10,正常,1,1
2026-03-08,P039,电池,日用品,2,10.0,6.5,0,1095,供应商E,3,晴,10,正常,1,1
2026-03-08,P040,打火机,日用品,6,2.0,1.0,0,1095,供应商E,3,晴,10,正常,1,1
2026-03-08,P041,苹果,水果,7,8.0,5.0,0,10,供应商B,1,晴,10,正常,1,1
2026-03-08,P042,香蕉,水果,12,6.0,3.8,0,6,供应商B,1,晴,10,正常,1,1
2026-03-08,P043,橙子,水果,8,9.0,6.0,0,14,供应商B,1,晴,10,正常,1,1
2026-03-08,P044,西红柿,蔬菜,8,6.0,3.8,1,7,供应商B,1,晴,10,正常,1,1
2026-03-08,P045,土豆,蔬菜,8,5.0,3.0,1,30,供应商B,1,晴,10,正常,1,1
2026-03-08,P046,青菜,蔬菜,7,4.0,2.2,1,3,供应商B,1,晴,10,正常,1,1
2026-03-08,P047,火锅底料,调味,3,12.0,8.0,0,365,供应商C,2,晴,10,正常,1,1
2026-03-08,P048,速冻水饺,冷冻食品,5,18.0,12.5,0,180,供应商D,2,晴,10,正常,1,1
2026-03-08,P049,口罩10只,应急用品,2,10.0,6.0,1,1095,供应商E,3,晴,10,正常,1,1
2026-03-08,P050,创可贴,应急用品,4,5.0,2.8,1,1095,供应商E,3,晴,10,正常,1,1
2026-03-09,P001,矿泉水,饮料,32,2.0,1.1,1,365,供应商A,1,晴,11,正常,0,1
2026-03-09,P002,桶装水,饮料,5,8.0,5.2,1,365,供应商A,1,晴,11,正常,0,1
2026-03-09,P003,可乐,饮料,14,3.5,2.2,0,270,供应商A,1,晴,11,正常,0,1
2026-03-09,P004,雪碧,饮料,13,3.5,2.2,0,270,供应商A,1,晴,11,正常,0,1
2026-03-09,P005,橙汁,饮料,10,5.0,3.2,0,180,供应商A,2,晴,11,正常,0,1
2026-03-09,P006,牛奶,乳品,11,3.5,2.4,1,7,供应商B,1,晴,11,正常,0,1
2026-03-09,P007,酸奶,乳品,9,5.0,3.3,0,14,供应商B,1,晴,11,正常,0,1
2026-03-09,P008,鸡蛋,生鲜,15,12.0,8.5,1,20,供应商B,1,晴,11,正常,0,1
2026-03-09,P009,大米5kg,粮油,2,35.0,28.0,1,365,供应商C,2,晴,11,正常,0,1
2026-03-09,P010,食用油5L,粮油,1,65.0,53.0,1,540,供应商C,2,晴,11,正常,0,1
2026-03-09,P011,挂面,粮油,6,8.0,5.5,1,365,供应商C,2,晴,11,正常,0,1
2026-03-09,P012,面粉2.5kg,粮油,3,18.0,14.0,1,365,供应商C,2,晴,11,正常,0,1
2026-03-09,P013,食盐,调味,6,2.5,1.4,1,730,供应商C,2,晴,11,正常,0,1
2026-03-09,P014,酱油,调味,5,8.0,5.6,1,540,供应商C,2,晴,11,正常,0,1
2026-03-09,P015,食醋,调味,2,6.0,4.0,1,540,供应商C,2,晴,11,正常,0,1
2026-03-09,P016,方便面红烧,方便食品,16,5.0,3.4,1,180,供应商D,1,晴,11,正常,0,1
2026-03-09,P017,方便面香辣,方便食品,9,5.0,3.4,0,180,供应商D,1,晴,11,正常,0,1
2026-03-09,P018,火腿肠,方便食品,12,3.0,1.9,0,180,供应商D,1,晴,11,正常,0,1
2026-03-09,P019,八宝粥,方便食品,6,6.0,4.1,0,365,供应商D,1,晴,11,正常,0,1
2026-03-09,P020,榨菜,方便食品,5,2.0,1.2,0,365,供应商D,1,晴,11,正常,0,1
2026-03-09,P021,面包,烘焙,13,6.0,3.8,0,5,供应商B,1,晴,11,正常,0,1
2026-03-09,P022,蛋糕,烘焙,8,8.0,5.2,0,4,供应商B,1,晴,11,正常,0,1
2026-03-09,P023,饼干,零食,10,7.0,4.4,0,270,供应商D,1,晴,11,正常,0,1
2026-03-09,P024,薯片,零食,7,6.0,3.8,0,180,供应商D,1,晴,11,正常,0,1
2026-03-09,P025,瓜子,零食,7,8.0,5.0,0,240,供应商D,1,晴,11,正常,0,1
2026-03-09,P026,花生,零食,5,7.0,4.3,0,240,供应商D,1,晴,11,正常,0,1
2026-03-09,P027,巧克力,零食,5,8.0,5.2,0,300,供应商D,2,晴,11,正常,0,1
2026-03-09,P028,棒棒糖,零食,7,1.0,0.5,0,365,供应商D,2,晴,11,正常,0,1
2026-03-09,P029,冰淇淋,冷饮,15,5.0,3.0,0,180,供应商A,1,晴,11,正常,0,1
2026-03-09,P030,雪糕,冷饮,15,3.0,1.7,0,180,供应商A,1,晴,11,正常,0,1
2026-03-09,P031,纸巾,日用品,6,5.0,3.2,1,1095,供应商E,2,晴,11,正常,0,1
2026-03-09,P032,卷纸,日用品,6,18.0,13.0,1,1095,供应商E,2,晴,11,正常,0,1
2026-03-09,P033,洗衣液,日用品,3,25.0,18.0,0,1095,供应商E,3,晴,11,正常,0,1
2026-03-09,P034,洗洁精,日用品,3,12.0,8.0,0,1095,供应商E,3,晴,11,正常,0,1
2026-03-09,P035,牙膏,日用品,6,12.0,8.5,0,1095,供应商E,3,晴,11,正常,0,1
2026-03-09,P036,牙刷,日用品,3,6.0,3.5,0,1095,供应商E,3,晴,11,正常,0,1
2026-03-09,P037,香皂,日用品,4,5.0,3.0,0,1095,供应商E,3,晴,11,正常,0,1
2026-03-09,P038,垃圾袋,日用品,4,8.0,5.0,0,1095,供应商E,3,晴,11,正常,0,1
2026-03-09,P039,电池,日用品,2,10.0,6.5,0,1095,供应商E,3,晴,11,正常,0,1
2026-03-09,P040,打火机,日用品,6,2.0,1.0,0,1095,供应商E,3,晴,11,正常,0,1
2026-03-09,P041,苹果,水果,7,8.0,5.0,0,10,供应商B,1,晴,11,正常,0,1
2026-03-09,P042,香蕉,水果,8,6.0,3.8,0,6,供应商B,1,晴,11,正常,0,1
2026-03-09,P043,橙子,水果,8,9.0,6.0,0,14,供应商B,1,晴,11,正常,0,1
2026-03-09,P044,西红柿,蔬菜,7,6.0,3.8,1,7,供应商B,1,晴,11,正常,0,1
2026-03-09,P045,土豆,蔬菜,4,5.0,3.0,1,30,供应商B,1,晴,11,正常,0,1
2026-03-09,P046,青菜,蔬菜,13,4.0,2.2,1,3,供应商B,1,晴,11,正常,0,1
2026-03-09,P047,火锅底料,调味,7,12.0,8.0,0,365,供应商C,2,晴,11,正常,0,1
2026-03-09,P048,速冻水饺,冷冻食品,5,18.0,12.5,0,180,供应商D,2,晴,11,正常,0,1
2026-03-09,P049,口罩10只,应急用品,1,10.0,6.0,1,1095,供应商E,3,晴,11,正常,0,1
2026-03-09,P050,创可贴,应急用品,3,5.0,2.8,1,1095,供应商E,3,晴,11,正常,0,1
2026-03-10,P001,矿泉水,饮料,23,2.0,1.1,1,365,供应商A,1,晴,9,正常,0,1
2026-03-10,P002,桶装水,饮料,6,8.0,5.2,1,365,供应商A,1,晴,9,正常,0,1
2026-03-10,P003,可乐,饮料,13,3.5,2.2,0,270,供应商A,1,晴,9,正常,0,1
2026-03-10,P004,雪碧,饮料,14,3.5,2.2,0,270,供应商A,1,晴,9,正常,0,1
2026-03-10,P005,橙汁,饮料,9,5.0,3.2,0,180,供应商A,2,晴,9,正常,0,1
2026-03-10,P006,牛奶,乳品,11,3.5,2.4,1,7,供应商B,1,晴,9,正常,0,1
2026-03-10,P007,酸奶,乳品,10,5.0,3.3,0,14,供应商B,1,晴,9,正常,0,1
2026-03-10,P008,鸡蛋,生鲜,16,12.0,8.5,1,20,供应商B,1,晴,9,正常,0,1
2026-03-10,P009,大米5kg,粮油,4,35.0,28.0,1,365,供应商C,2,晴,9,正常,0,1
2026-03-10,P010,食用油5L,粮油,3,65.0,53.0,1,540,供应商C,2,晴,9,正常,0,1
2026-03-10,P011,挂面,粮油,7,8.0,5.5,1,365,供应商C,2,晴,9,正常,0,1
2026-03-10,P012,面粉2.5kg,粮油,5,18.0,14.0,1,365,供应商C,2,晴,9,正常,0,1
2026-03-10,P013,食盐,调味,3,2.5,1.4,1,730,供应商C,2,晴,9,正常,0,1
2026-03-10,P014,酱油,调味,5,8.0,5.6,1,540,供应商C,2,晴,9,正常,0,1
2026-03-10,P015,食醋,调味,4,6.0,4.0,1,540,供应商C,2,晴,9,正常,0,1
2026-03-10,P016,方便面红烧,方便食品,19,5.0,3.4,1,180,供应商D,1,晴,9,正常,0,1
2026-03-10,P017,方便面香辣,方便食品,10,5.0,3.4,0,180,供应商D,1,晴,9,正常,0,1
2026-03-10,P018,火腿肠,方便食品,13,3.0,1.9,0,180,供应商D,1,晴,9,正常,0,1
2026-03-10,P019,八宝粥,方便食品,6,6.0,4.1,0,365,供应商D,1,晴,9,正常,0,1
2026-03-10,P020,榨菜,方便食品,7,2.0,1.2,0,365,供应商D,1,晴,9,正常,0,1
2026-03-10,P021,面包,烘焙,13,6.0,3.8,0,5,供应商B,1,晴,9,正常,0,1
2026-03-10,P022,蛋糕,烘焙,6,8.0,5.2,0,4,供应商B,1,晴,9,正常,0,1
2026-03-10,P023,饼干,零食,9,7.0,4.4,0,270,供应商D,1,晴,9,正常,0,1
2026-03-10,P024,薯片,零食,12,6.0,3.8,0,180,供应商D,1,晴,9,正常,0,1
2026-03-10,P025,瓜子,零食,6,8.0,5.0,0,240,供应商D,1,晴,9,正常,0,1
2026-03-10,P026,花生,零食,4,7.0,4.3,0,240,供应商D,1,晴,9,正常,0,1
2026-03-10,P027,巧克力,零食,5,8.0,5.2,0,300,供应商D,2,晴,9,正常,0,1
2026-03-10,P028,棒棒糖,零食,8,1.0,0.5,0,365,供应商D,2,晴,9,正常,0,1
2026-03-10,P029,冰淇淋,冷饮,13,5.0,3.0,0,180,供应商A,1,晴,9,正常,0,1
2026-03-10,P030,雪糕,冷饮,17,3.0,1.7,0,180,供应商A,1,晴,9,正常,0,1
2026-03-10,P031,纸巾,日用品,6,5.0,3.2,1,1095,供应商E,2,晴,9,正常,0,1
2026-03-10,P032,卷纸,日用品,3,18.0,13.0,1,1095,供应商E,2,晴,9,正常,0,1
2026-03-10,P033,洗衣液,日用品,4,25.0,18.0,0,1095,供应商E,3,晴,9,正常,0,1
2026-03-10,P034,洗洁精,日用品,3,12.0,8.0,0,1095,供应商E,3,晴,9,正常,0,1
2026-03-10,P035,牙膏,日用品,1,12.0,8.5,0,1095,供应商E,3,晴,9,正常,0,1
2026-03-10,P036,牙刷,日用品,5,6.0,3.5,0,1095,供应商E,3,晴,9,正常,0,1
2026-03-10,P037,香皂,日用品,4,5.0,3.0,0,1095,供应商E,3,晴,9,正常,0,1
2026-03-10,P038,垃圾袋,日用品,3,8.0,5.0,0,1095,供应商E,3,晴,9,正常,0,1
2026-03-10,P039,电池,日用品,1,10.0,6.5,0,1095,供应商E,3,晴,9,正常,0,1
2026-03-10,P040,打火机,日用品,6,2.0,1.0,0,1095,供应商E,3,晴,9,正常,0,1
2026-03-10,P041,苹果,水果,8,8.0,5.0,0,10,供应商B,1,晴,9,正常,0,1
2026-03-10,P042,香蕉,水果,12,6.0,3.8,0,6,供应商B,1,晴,9,正常,0,1
2026-03-10,P043,橙子,水果,7,9.0,6.0,0,14,供应商B,1,晴,9,正常,0,1
2026-03-10,P044,西红柿,蔬菜,8,6.0,3.8,1,7,供应商B,1,晴,9,正常,0,1
2026-03-10,P045,土豆,蔬菜,7,5.0,3.0,1,30,供应商B,1,晴,9,正常,0,1
2026-03-10,P046,青菜,蔬菜,11,4.0,2.2,1,3,供应商B,1,晴,9,正常,0,1
2026-03-10,P047,火锅底料,调味,5,12.0,8.0,0,365,供应商C,2,晴,9,正常,0,1
2026-03-10,P048,速冻水饺,冷冻食品,7,18.0,12.5,0,180,供应商D,2,晴,9,正常,0,1
2026-03-10,P049,口罩10只,应急用品,2,10.0,6.0,1,1095,供应商E,3,晴,9,正常,0,1
2026-03-10,P050,创可贴,应急用品,2,5.0,2.8,1,1095,供应商E,3,晴,9,正常,0,1
2026-03-11,P001,矿泉水,饮料,22,2.0,1.1,1,365,供应商A,1,晴,14,正常,0,1
2026-03-11,P002,桶装水,饮料,7,8.0,5.2,1,365,供应商A,1,晴,14,正常,0,1
2026-03-11,P003,可乐,饮料,20,3.5,2.2,0,270,供应商A,1,晴,14,正常,0,1
2026-03-11,P004,雪碧,饮料,12,3.5,2.2,0,270,供应商A,1,晴,14,正常,0,1
2026-03-11,P005,橙汁,饮料,7,5.0,3.2,0,180,供应商A,2,晴,14,正常,0,1
2026-03-11,P006,牛奶,乳品,15,3.5,2.4,1,7,供应商B,1,晴,14,正常,0,1
2026-03-11,P007,酸奶,乳品,9,5.0,3.3,0,14,供应商B,1,晴,14,正常,0,1
2026-03-11,P008,鸡蛋,生鲜,14,12.0,8.5,1,20,供应商B,1,晴,14,正常,0,1
2026-03-11,P009,大米5kg,粮油,1,35.0,28.0,1,365,供应商C,2,晴,14,正常,0,1
2026-03-11,P010,食用油5L,粮油,2,65.0,53.0,1,540,供应商C,2,晴,14,正常,0,1
2026-03-11,P011,挂面,粮油,6,8.0,5.5,1,365,供应商C,2,晴,14,正常,0,1
2026-03-11,P012,面粉2.5kg,粮油,1,18.0,14.0,1,365,供应商C,2,晴,14,正常,0,1
2026-03-11,P013,食盐,调味,4,2.5,1.4,1,730,供应商C,2,晴,14,正常,0,1
2026-03-11,P014,酱油,调味,4,8.0,5.6,1,540,供应商C,2,晴,14,正常,0,1
2026-03-11,P015,食醋,调味,4,6.0,4.0,1,540,供应商C,2,晴,14,正常,0,1
2026-03-11,P016,方便面红烧,方便食品,18,5.0,3.4,1,180,供应商D,1,晴,14,正常,0,1
2026-03-11,P017,方便面香辣,方便食品,10,5.0,3.4,0,180,供应商D,1,晴,14,正常,0,1
2026-03-11,P018,火腿肠,方便食品,8,3.0,1.9,0,180,供应商D,1,晴,14,正常,0,1
2026-03-11,P019,八宝粥,方便食品,7,6.0,4.1,0,365,供应商D,1,晴,14,正常,0,1
2026-03-11,P020,榨菜,方便食品,7,2.0,1.2,0,365,供应商D,1,晴,14,正常,0,1
2026-03-11,P021,面包,烘焙,10,6.0,3.8,0,5,供应商B,1,晴,14,正常,0,1
2026-03-11,P022,蛋糕,烘焙,6,8.0,5.2,0,4,供应商B,1,晴,14,正常,0,1
2026-03-11,P023,饼干,零食,10,7.0,4.4,0,270,供应商D,1,晴,14,正常,0,1
2026-03-11,P024,薯片,零食,10,6.0,3.8,0,180,供应商D,1,晴,14,正常,0,1
2026-03-11,P025,瓜子,零食,7,8.0,5.0,0,240,供应商D,1,晴,14,正常,0,1
2026-03-11,P026,花生,零食,6,7.0,4.3,0,240,供应商D,1,晴,14,正常,0,1
2026-03-11,P027,巧克力,零食,6,8.0,5.2,0,300,供应商D,2,晴,14,正常,0,1
2026-03-11,P028,棒棒糖,零食,8,1.0,0.5,0,365,供应商D,2,晴,14,正常,0,1
2026-03-11,P029,冰淇淋,冷饮,14,5.0,3.0,0,180,供应商A,1,晴,14,正常,0,1
2026-03-11,P030,雪糕,冷饮,16,3.0,1.7,0,180,供应商A,1,晴,14,正常,0,1
2026-03-11,P031,纸巾,日用品,6,5.0,3.2,1,1095,供应商E,2,晴,14,正常,0,1
2026-03-11,P032,卷纸,日用品,3,18.0,13.0,1,1095,供应商E,2,晴,14,正常,0,1
2026-03-11,P033,洗衣液,日用品,4,25.0,18.0,0,1095,供应商E,3,晴,14,正常,0,1
2026-03-11,P034,洗洁精,日用品,4,12.0,8.0,0,1095,供应商E,3,晴,14,正常,0,1
2026-03-11,P035,牙膏,日用品,3,12.0,8.5,0,1095,供应商E,3,晴,14,正常,0,1
2026-03-11,P036,牙刷,日用品,4,6.0,3.5,0,1095,供应商E,3,晴,14,正常,0,1
2026-03-11,P037,香皂,日用品,5,5.0,3.0,0,1095,供应商E,3,晴,14,正常,0,1
2026-03-11,P038,垃圾袋,日用品,1,8.0,5.0,0,1095,供应商E,3,晴,14,正常,0,1
2026-03-11,P039,电池,日用品,1,10.0,6.5,0,1095,供应商E,3,晴,14,正常,0,1
2026-03-11,P040,打火机,日用品,4,2.0,1.0,0,1095,供应商E,3,晴,14,正常,0,1
2026-03-11,P041,苹果,水果,10,8.0,5.0,0,10,供应商B,1,晴,14,正常,0,1
2026-03-11,P042,香蕉,水果,9,6.0,3.8,0,6,供应商B,1,晴,14,正常,0,1
2026-03-11,P043,橙子,水果,7,9.0,6.0,0,14,供应商B,1,晴,14,正常,0,1
2026-03-11,P044,西红柿,蔬菜,7,6.0,3.8,1,7,供应商B,1,晴,14,正常,0,1
2026-03-11,P045,土豆,蔬菜,6,5.0,3.0,1,30,供应商B,1,晴,14,正常,0,1
2026-03-11,P046,青菜,蔬菜,11,4.0,2.2,1,3,供应商B,1,晴,14,正常,0,1
2026-03-11,P047,火锅底料,调味,4,12.0,8.0,0,365,供应商C,2,晴,14,正常,0,1
2026-03-11,P048,速冻水饺,冷冻食品,6,18.0,12.5,0,180,供应商D,2,晴,14,正常,0,1
2026-03-11,P049,口罩10只,应急用品,3,10.0,6.0,1,1095,供应商E,3,晴,14,正常,0,1
2026-03-11,P050,创可贴,应急用品,3,5.0,2.8,1,1095,供应商E,3,晴,14,正常,0,1
2026-03-12,P001,矿泉水,饮料,25,2.0,1.1,1,365,供应商A,1,晴,14,正常,0,1
2026-03-12,P002,桶装水,饮料,7,8.0,5.2,1,365,供应商A,1,晴,14,正常,0,1
2026-03-12,P003,可乐,饮料,18,3.5,2.2,0,270,供应商A,1,晴,14,正常,0,1
2026-03-12,P004,雪碧,饮料,10,3.5,2.2,0,270,供应商A,1,晴,14,正常,0,1
2026-03-12,P005,橙汁,饮料,5,5.0,3.2,0,180,供应商A,2,晴,14,正常,0,1
2026-03-12,P006,牛奶,乳品,16,3.5,2.4,1,7,供应商B,1,晴,14,正常,0,1
2026-03-12,P007,酸奶,乳品,11,5.0,3.3,0,14,供应商B,1,晴,14,正常,0,1
2026-03-12,P008,鸡蛋,生鲜,10,12.0,8.5,1,20,供应商B,1,晴,14,正常,0,1
2026-03-12,P009,大米5kg,粮油,2,35.0,28.0,1,365,供应商C,2,晴,14,正常,0,1
2026-03-12,P010,食用油5L,粮油,3,65.0,53.0,1,540,供应商C,2,晴,14,正常,0,1
2026-03-12,P011,挂面,粮油,8,8.0,5.5,1,365,供应商C,2,晴,14,正常,0,1
2026-03-12,P012,面粉2.5kg,粮油,6,18.0,14.0,1,365,供应商C,2,晴,14,正常,0,1
2026-03-12,P013,食盐,调味,6,2.5,1.4,1,730,供应商C,2,晴,14,正常,0,1
2026-03-12,P014,酱油,调味,5,8.0,5.6,1,540,供应商C,2,晴,14,正常,0,1
2026-03-12,P015,食醋,调味,3,6.0,4.0,1,540,供应商C,2,晴,14,正常,0,1
2026-03-12,P016,方便面红烧,方便食品,15,5.0,3.4,1,180,供应商D,1,晴,14,正常,0,1
2026-03-12,P017,方便面香辣,方便食品,10,5.0,3.4,0,180,供应商D,1,晴,14,正常,0,1
2026-03-12,P018,火腿肠,方便食品,8,3.0,1.9,0,180,供应商D,1,晴,14,正常,0,1
2026-03-12,P019,八宝粥,方便食品,9,6.0,4.1,0,365,供应商D,1,晴,14,正常,0,1
2026-03-12,P020,榨菜,方便食品,8,2.0,1.2,0,365,供应商D,1,晴,14,正常,0,1
2026-03-12,P021,面包,烘焙,14,6.0,3.8,0,5,供应商B,1,晴,14,正常,0,1
2026-03-12,P022,蛋糕,烘焙,6,8.0,5.2,0,4,供应商B,1,晴,14,正常,0,1
2026-03-12,P023,饼干,零食,10,7.0,4.4,0,270,供应商D,1,晴,14,正常,0,1
2026-03-12,P024,薯片,零食,11,6.0,3.8,0,180,供应商D,1,晴,14,正常,0,1
2026-03-12,P025,瓜子,零食,7,8.0,5.0,0,240,供应商D,1,晴,14,正常,0,1
2026-03-12,P026,花生,零食,7,7.0,4.3,0,240,供应商D,1,晴,14,正常,0,1
2026-03-12,P027,巧克力,零食,6,8.0,5.2,0,300,供应商D,2,晴,14,正常,0,1
2026-03-12,P028,棒棒糖,零食,10,1.0,0.5,0,365,供应商D,2,晴,14,正常,0,1
2026-03-12,P029,冰淇淋,冷饮,15,5.0,3.0,0,180,供应商A,1,晴,14,正常,0,1
2026-03-12,P030,雪糕,冷饮,18,3.0,1.7,0,180,供应商A,1,晴,14,正常,0,1
2026-03-12,P031,纸巾,日用品,6,5.0,3.2,1,1095,供应商E,2,晴,14,正常,0,1
2026-03-12,P032,卷纸,日用品,5,18.0,13.0,1,1095,供应商E,2,晴,14,正常,0,1
2026-03-12,P033,洗衣液,日用品,2,25.0,18.0,0,1095,供应商E,3,晴,14,正常,0,1
2026-03-12,P034,洗洁精,日用品,2,12.0,8.0,0,1095,供应商E,3,晴,14,正常,0,1
2026-03-12,P035,牙膏,日用品,6,12.0,8.5,0,1095,供应商E,3,晴,14,正常,0,1
2026-03-12,P036,牙刷,日用品,6,6.0,3.5,0,1095,供应商E,3,晴,14,正常,0,1
2026-03-12,P037,香皂,日用品,6,5.0,3.0,0,1095,供应商E,3,晴,14,正常,0,1
2026-03-12,P038,垃圾袋,日用品,4,8.0,5.0,0,1095,供应商E,3,晴,14,正常,0,1
2026-03-12,P039,电池,日用品,5,10.0,6.5,0,1095,供应商E,3,晴,14,正常,0,1
2026-03-12,P040,打火机,日用品,5,2.0,1.0,0,1095,供应商E,3,晴,14,正常,0,1
2026-03-12,P041,苹果,水果,8,8.0,5.0,0,10,供应商B,1,晴,14,正常,0,1
2026-03-12,P042,香蕉,水果,7,6.0,3.8,0,6,供应商B,1,晴,14,正常,0,1
2026-03-12,P043,橙子,水果,6,9.0,6.0,0,14,供应商B,1,晴,14,正常,0,1
2026-03-12,P044,西红柿,蔬菜,8,6.0,3.8,1,7,供应商B,1,晴,14,正常,0,1
2026-03-12,P045,土豆,蔬菜,5,5.0,3.0,1,30,供应商B,1,晴,14,正常,0,1
2026-03-12,P046,青菜,蔬菜,10,4.0,2.2,1,3,供应商B,1,晴,14,正常,0,1
2026-03-12,P047,火锅底料,调味,4,12.0,8.0,0,365,供应商C,2,晴,14,正常,0,1
2026-03-12,P048,速冻水饺,冷冻食品,7,18.0,12.5,0,180,供应商D,2,晴,14,正常,0,1
2026-03-12,P049,口罩10只,应急用品,4,10.0,6.0,1,1095,供应商E,3,晴,14,正常,0,1
2026-03-12,P050,创可贴,应急用品,3,5.0,2.8,1,1095,供应商E,3,晴,14,正常,0,1
2026-03-13,P001,矿泉水,饮料,25,2.0,1.1,1,365,供应商A,1,晴,13,正常,0,1
2026-03-13,P002,桶装水,饮料,6,8.0,5.2,1,365,供应商A,1,晴,13,正常,0,1
2026-03-13,P003,可乐,饮料,15,3.5,2.2,0,270,供应商A,1,晴,13,正常,0,1
2026-03-13,P004,雪碧,饮料,11,3.5,2.2,0,270,供应商A,1,晴,13,正常,0,1
2026-03-13,P005,橙汁,饮料,8,5.0,3.2,0,180,供应商A,2,晴,13,正常,0,1
2026-03-13,P006,牛奶,乳品,12,3.5,2.4,1,7,供应商B,1,晴,13,正常,0,1
2026-03-13,P007,酸奶,乳品,7,5.0,3.3,0,14,供应商B,1,晴,13,正常,0,1
2026-03-13,P008,鸡蛋,生鲜,13,12.0,8.5,1,20,供应商B,1,晴,13,正常,0,1
2026-03-13,P009,大米5kg,粮油,4,35.0,28.0,1,365,供应商C,2,晴,13,正常,0,1
2026-03-13,P010,食用油5L,粮油,1,65.0,53.0,1,540,供应商C,2,晴,13,正常,0,1
2026-03-13,P011,挂面,粮油,7,8.0,5.5,1,365,供应商C,2,晴,13,正常,0,1
2026-03-13,P012,面粉2.5kg,粮油,5,18.0,14.0,1,365,供应商C,2,晴,13,正常,0,1
2026-03-13,P013,食盐,调味,6,2.5,1.4,1,730,供应商C,2,晴,13,正常,0,1
2026-03-13,P014,酱油,调味,6,8.0,5.6,1,540,供应商C,2,晴,13,正常,0,1
2026-03-13,P015,食醋,调味,4,6.0,4.0,1,540,供应商C,2,晴,13,正常,0,1
2026-03-13,P016,方便面红烧,方便食品,13,5.0,3.4,1,180,供应商D,1,晴,13,正常,0,1
2026-03-13,P017,方便面香辣,方便食品,8,5.0,3.4,0,180,供应商D,1,晴,13,正常,0,1
2026-03-13,P018,火腿肠,方便食品,11,3.0,1.9,0,180,供应商D,1,晴,13,正常,0,1
2026-03-13,P019,八宝粥,方便食品,7,6.0,4.1,0,365,供应商D,1,晴,13,正常,0,1
2026-03-13,P020,榨菜,方便食品,8,2.0,1.2,0,365,供应商D,1,晴,13,正常,0,1
2026-03-13,P021,面包,烘焙,14,6.0,3.8,0,5,供应商B,1,晴,13,正常,0,1
2026-03-13,P022,蛋糕,烘焙,7,8.0,5.2,0,4,供应商B,1,晴,13,正常,0,1
2026-03-13,P023,饼干,零食,7,7.0,4.4,0,270,供应商D,1,晴,13,正常,0,1
2026-03-13,P024,薯片,零食,9,6.0,3.8,0,180,供应商D,1,晴,13,正常,0,1
2026-03-13,P025,瓜子,零食,6,8.0,5.0,0,240,供应商D,1,晴,13,正常,0,1
2026-03-13,P026,花生,零食,6,7.0,4.3,0,240,供应商D,1,晴,13,正常,0,1
2026-03-13,P027,巧克力,零食,4,8.0,5.2,0,300,供应商D,2,晴,13,正常,0,1
2026-03-13,P028,棒棒糖,零食,9,1.0,0.5,0,365,供应商D,2,晴,13,正常,0,1
2026-03-13,P029,冰淇淋,冷饮,13,5.0,3.0,0,180,供应商A,1,晴,13,正常,0,1
2026-03-13,P030,雪糕,冷饮,15,3.0,1.7,0,180,供应商A,1,晴,13,正常,0,1
2026-03-13,P031,纸巾,日用品,8,5.0,3.2,1,1095,供应商E,2,晴,13,正常,0,1
2026-03-13,P032,卷纸,日用品,5,18.0,13.0,1,1095,供应商E,2,晴,13,正常,0,1
2026-03-13,P033,洗衣液,日用品,3,25.0,18.0,0,1095,供应商E,3,晴,13,正常,0,1
2026-03-13,P034,洗洁精,日用品,4,12.0,8.0,0,1095,供应商E,3,晴,13,正常,0,1
2026-03-13,P035,牙膏,日用品,3,12.0,8.5,0,1095,供应商E,3,晴,13,正常,0,1
2026-03-13,P036,牙刷,日用品,3,6.0,3.5,0,1095,供应商E,3,晴,13,正常,0,1
2026-03-13,P037,香皂,日用品,6,5.0,3.0,0,1095,供应商E,3,晴,13,正常,0,1
2026-03-13,P038,垃圾袋,日用品,3,8.0,5.0,0,1095,供应商E,3,晴,13,正常,0,1
2026-03-13,P039,电池,日用品,0,10.0,6.5,0,1095,供应商E,3,晴,13,正常,0,1
2026-03-13,P040,打火机,日用品,3,2.0,1.0,0,1095,供应商E,3,晴,13,正常,0,1
2026-03-13,P041,苹果,水果,8,8.0,5.0,0,10,供应商B,1,晴,13,正常,0,1
2026-03-13,P042,香蕉,水果,9,6.0,3.8,0,6,供应商B,1,晴,13,正常,0,1
2026-03-13,P043,橙子,水果,6,9.0,6.0,0,14,供应商B,1,晴,13,正常,0,1
2026-03-13,P044,西红柿,蔬菜,10,6.0,3.8,1,7,供应商B,1,晴,13,正常,0,1
2026-03-13,P045,土豆,蔬菜,4,5.0,3.0,1,30,供应商B,1,晴,13,正常,0,1
2026-03-13,P046,青菜,蔬菜,11,4.0,2.2,1,3,供应商B,1,晴,13,正常,0,1
2026-03-13,P047,火锅底料,调味,6,12.0,8.0,0,365,供应商C,2,晴,13,正常,0,1
2026-03-13,P048,速冻水饺,冷冻食品,4,18.0,12.5,0,180,供应商D,2,晴,13,正常,0,1
2026-03-13,P049,口罩10只,应急用品,3,10.0,6.0,1,1095,供应商E,3,晴,13,正常,0,1
2026-03-13,P050,创可贴,应急用品,2,5.0,2.8,1,1095,供应商E,3,晴,13,正常,0,1
2026-03-14,P001,矿泉水,饮料,23,2.0,1.1,1,365,供应商A,1,晴,16,正常,1,1
2026-03-14,P002,桶装水,饮料,6,8.0,5.2,1,365,供应商A,1,晴,16,正常,1,1
2026-03-14,P003,可乐,饮料,22,3.5,2.2,0,270,供应商A,1,晴,16,正常,1,1
2026-03-14,P004,雪碧,饮料,19,3.5,2.2,0,270,供应商A,1,晴,16,正常,1,1
2026-03-14,P005,橙汁,饮料,8,5.0,3.2,0,180,供应商A,2,晴,16,正常,1,1
2026-03-14,P006,牛奶,乳品,20,3.5,2.4,1,7,供应商B,1,晴,16,正常,1,1
2026-03-14,P007,酸奶,乳品,10,5.0,3.3,0,14,供应商B,1,晴,16,正常,1,1
2026-03-14,P008,鸡蛋,生鲜,17,12.0,8.5,1,20,供应商B,1,晴,16,正常,1,1
2026-03-14,P009,大米5kg,粮油,4,35.0,28.0,1,365,供应商C,2,晴,16,正常,1,1
2026-03-14,P010,食用油5L,粮油,3,65.0,53.0,1,540,供应商C,2,晴,16,正常,1,1
2026-03-14,P011,挂面,粮油,8,8.0,5.5,1,365,供应商C,2,晴,16,正常,1,1
2026-03-14,P012,面粉2.5kg,粮油,8,18.0,14.0,1,365,供应商C,2,晴,16,正常,1,1
2026-03-14,P013,食盐,调味,7,2.5,1.4,1,730,供应商C,2,晴,16,正常,1,1
2026-03-14,P014,酱油,调味,5,8.0,5.6,1,540,供应商C,2,晴,16,正常,1,1
2026-03-14,P015,食醋,调味,6,6.0,4.0,1,540,供应商C,2,晴,16,正常,1,1
2026-03-14,P016,方便面红烧,方便食品,16,5.0,3.4,1,180,供应商D,1,晴,16,正常,1,1
2026-03-14,P017,方便面香辣,方便食品,10,5.0,3.4,0,180,供应商D,1,晴,16,正常,1,1
2026-03-14,P018,火腿肠,方便食品,13,3.0,1.9,0,180,供应商D,1,晴,16,正常,1,1
2026-03-14,P019,八宝粥,方便食品,8,6.0,4.1,0,365,供应商D,1,晴,16,正常,1,1
2026-03-14,P020,榨菜,方便食品,7,2.0,1.2,0,365,供应商D,1,晴,16,正常,1,1
2026-03-14,P021,面包,烘焙,13,6.0,3.8,0,5,供应商B,1,晴,16,正常,1,1
2026-03-14,P022,蛋糕,烘焙,8,8.0,5.2,0,4,供应商B,1,晴,16,正常,1,1
2026-03-14,P023,饼干,零食,11,7.0,4.4,0,270,供应商D,1,晴,16,正常,1,1
2026-03-14,P024,薯片,零食,8,6.0,3.8,0,180,供应商D,1,晴,16,正常,1,1
2026-03-14,P025,瓜子,零食,7,8.0,5.0,0,240,供应商D,1,晴,16,正常,1,1
2026-03-14,P026,花生,零食,5,7.0,4.3,0,240,供应商D,1,晴,16,正常,1,1
2026-03-14,P027,巧克力,零食,4,8.0,5.2,0,300,供应商D,2,晴,16,正常,1,1
2026-03-14,P028,棒棒糖,零食,10,1.0,0.5,0,365,供应商D,2,晴,16,正常,1,1
2026-03-14,P029,冰淇淋,冷饮,16,5.0,3.0,0,180,供应商A,1,晴,16,正常,1,1
2026-03-14,P030,雪糕,冷饮,17,3.0,1.7,0,180,供应商A,1,晴,16,正常,1,1
2026-03-14,P031,纸巾,日用品,10,5.0,3.2,1,1095,供应商E,2,晴,16,正常,1,1
2026-03-14,P032,卷纸,日用品,4,18.0,13.0,1,1095,供应商E,2,晴,16,正常,1,1
2026-03-14,P033,洗衣液,日用品,3,25.0,18.0,0,1095,供应商E,3,晴,16,正常,1,1
2026-03-14,P034,洗洁精,日用品,4,12.0,8.0,0,1095,供应商E,3,晴,16,正常,1,1
2026-03-14,P035,牙膏,日用品,4,12.0,8.5,0,1095,供应商E,3,晴,16,正常,1,1
2026-03-14,P036,牙刷,日用品,5,6.0,3.5,0,1095,供应商E,3,晴,16,正常,1,1
2026-03-14,P037,香皂,日用品,3,5.0,3.0,0,1095,供应商E,3,晴,16,正常,1,1
2026-03-14,P038,垃圾袋,日用品,5,8.0,5.0,0,1095,供应商E,3,晴,16,正常,1,1
2026-03-14,P039,电池,日用品,3,10.0,6.5,0,1095,供应商E,3,晴,16,正常,1,1
2026-03-14,P040,打火机,日用品,3,2.0,1.0,0,1095,供应商E,3,晴,16,正常,1,1
2026-03-14,P041,苹果,水果,6,8.0,5.0,0,10,供应商B,1,晴,16,正常,1,1
2026-03-14,P042,香蕉,水果,10,6.0,3.8,0,6,供应商B,1,晴,16,正常,1,1
2026-03-14,P043,橙子,水果,6,9.0,6.0,0,14,供应商B,1,晴,16,正常,1,1
2026-03-14,P044,西红柿,蔬菜,9,6.0,3.8,1,7,供应商B,1,晴,16,正常,1,1
2026-03-14,P045,土豆,蔬菜,8,5.0,3.0,1,30,供应商B,1,晴,16,正常,1,1
2026-03-14,P046,青菜,蔬菜,11,4.0,2.2,1,3,供应商B,1,晴,16,正常,1,1
2026-03-14,P047,火锅底料,调味,6,12.0,8.0,0,365,供应商C,2,晴,16,正常,1,1
2026-03-14,P048,速冻水饺,冷冻食品,4,18.0,12.5,0,180,供应商D,2,晴,16,正常,1,1
2026-03-14,P049,口罩10只,应急用品,2,10.0,6.0,1,1095,供应商E,3,晴,16,正常,1,1
2026-03-14,P050,创可贴,应急用品,2,5.0,2.8,1,1095,供应商E,3,晴,16,正常,1,1
2026-03-15,P001,矿泉水,饮料,28,2.0,1.1,1,365,供应商A,1,晴,14,正常,1,1
2026-03-15,P002,桶装水,饮料,8,8.0,5.2,1,365,供应商A,1,晴,14,正常,1,1
2026-03-15,P003,可乐,饮料,16,3.5,2.2,0,270,供应商A,1,晴,14,正常,1,1
2026-03-15,P004,雪碧,饮料,9,3.5,2.2,0,270,供应商A,1,晴,14,正常,1,1
2026-03-15,P005,橙汁,饮料,6,5.0,3.2,0,180,供应商A,2,晴,14,正常,1,1
2026-03-15,P006,牛奶,乳品,13,3.5,2.4,1,7,供应商B,1,晴,14,正常,1,1
2026-03-15,P007,酸奶,乳品,9,5.0,3.3,0,14,供应商B,1,晴,14,正常,1,1
2026-03-15,P008,鸡蛋,生鲜,12,12.0,8.5,1,20,供应商B,1,晴,14,正常,1,1
2026-03-15,P009,大米5kg,粮油,4,35.0,28.0,1,365,供应商C,2,晴,14,正常,1,1
2026-03-15,P010,食用油5L,粮油,3,65.0,53.0,1,540,供应商C,2,晴,14,正常,1,1
2026-03-15,P011,挂面,粮油,9,8.0,5.5,1,365,供应商C,2,晴,14,正常,1,1
2026-03-15,P012,面粉2.5kg,粮油,4,18.0,14.0,1,365,供应商C,2,晴,14,正常,1,1
2026-03-15,P013,食盐,调味,4,2.5,1.4,1,730,供应商C,2,晴,14,正常,1,1
2026-03-15,P014,酱油,调味,6,8.0,5.6,1,540,供应商C,2,晴,14,正常,1,1
2026-03-15,P015,食醋,调味,3,6.0,4.0,1,540,供应商C,2,晴,14,正常,1,1
2026-03-15,P016,方便面红烧,方便食品,18,5.0,3.4,1,180,供应商D,1,晴,14,正常,1,1
2026-03-15,P017,方便面香辣,方便食品,11,5.0,3.4,0,180,供应商D,1,晴,14,正常,1,1
2026-03-15,P018,火腿肠,方便食品,11,3.0,1.9,0,180,供应商D,1,晴,14,正常,1,1
2026-03-15,P019,八宝粥,方便食品,10,6.0,4.1,0,365,供应商D,1,晴,14,正常,1,1
2026-03-15,P020,榨菜,方便食品,6,2.0,1.2,0,365,供应商D,1,晴,14,正常,1,1
2026-03-15,P021,面包,烘焙,18,6.0,3.8,0,5,供应商B,1,晴,14,正常,1,1
2026-03-15,P022,蛋糕,烘焙,7,8.0,5.2,0,4,供应商B,1,晴,14,正常,1,1
2026-03-15,P023,饼干,零食,8,7.0,4.4,0,270,供应商D,1,晴,14,正常,1,1
2026-03-15,P024,薯片,零食,11,6.0,3.8,0,180,供应商D,1,晴,14,正常,1,1
2026-03-15,P025,瓜子,零食,5,8.0,5.0,0,240,供应商D,1,晴,14,正常,1,1
2026-03-15,P026,花生,零食,6,7.0,4.3,0,240,供应商D,1,晴,14,正常,1,1
2026-03-15,P027,巧克力,零食,6,8.0,5.2,0,300,供应商D,2,晴,14,正常,1,1
2026-03-15,P028,棒棒糖,零食,11,1.0,0.5,0,365,供应商D,2,晴,14,正常,1,1
2026-03-15,P029,冰淇淋,冷饮,14,5.0,3.0,0,180,供应商A,1,晴,14,正常,1,1
2026-03-15,P030,雪糕,冷饮,22,3.0,1.7,0,180,供应商A,1,晴,14,正常,1,1
2026-03-15,P031,纸巾,日用品,10,5.0,3.2,1,1095,供应商E,2,晴,14,正常,1,1
2026-03-15,P032,卷纸,日用品,7,18.0,13.0,1,1095,供应商E,2,晴,14,正常,1,1
2026-03-15,P033,洗衣液,日用品,4,25.0,18.0,0,1095,供应商E,3,晴,14,正常,1,1
2026-03-15,P034,洗洁精,日用品,6,12.0,8.0,0,1095,供应商E,3,晴,14,正常,1,1
2026-03-15,P035,牙膏,日用品,2,12.0,8.5,0,1095,供应商E,3,晴,14,正常,1,1
2026-03-15,P036,牙刷,日用品,4,6.0,3.5,0,1095,供应商E,3,晴,14,正常,1,1
2026-03-15,P037,香皂,日用品,3,5.0,3.0,0,1095,供应商E,3,晴,14,正常,1,1
2026-03-15,P038,垃圾袋,日用品,5,8.0,5.0,0,1095,供应商E,3,晴,14,正常,1,1
2026-03-15,P039,电池,日用品,3,10.0,6.5,0,1095,供应商E,3,晴,14,正常,1,1
2026-03-15,P040,打火机,日用品,5,2.0,1.0,0,1095,供应商E,3,晴,14,正常,1,1
2026-03-15,P041,苹果,水果,11,8.0,5.0,0,10,供应商B,1,晴,14,正常,1,1
2026-03-15,P042,香蕉,水果,10,6.0,3.8,0,6,供应商B,1,晴,14,正常,1,1
2026-03-15,P043,橙子,水果,7,9.0,6.0,0,14,供应商B,1,晴,14,正常,1,1
2026-03-15,P044,西红柿,蔬菜,8,6.0,3.8,1,7,供应商B,1,晴,14,正常,1,1
2026-03-15,P045,土豆,蔬菜,8,5.0,3.0,1,30,供应商B,1,晴,14,正常,1,1
2026-03-15,P046,青菜,蔬菜,11,4.0,2.2,1,3,供应商B,1,晴,14,正常,1,1
2026-03-15,P047,火锅底料,调味,5,12.0,8.0,0,365,供应商C,2,晴,14,正常,1,1
2026-03-15,P048,速冻水饺,冷冻食品,7,18.0,12.5,0,180,供应商D,2,晴,14,正常,1,1
2026-03-15,P049,口罩10只,应急用品,5,10.0,6.0,1,1095,供应商E,3,晴,14,正常,1,1
2026-03-15,P050,创可贴,应急用品,4,5.0,2.8,1,1095,供应商E,3,晴,14,正常,1,1
2026-03-16,P001,矿泉水,饮料,26,2.0,1.1,1,365,供应商A,1,晴,10,正常,0,1
2026-03-16,P002,桶装水,饮料,5,8.0,5.2,1,365,供应商A,1,晴,10,正常,0,1
2026-03-16,P003,可乐,饮料,16,3.5,2.2,0,270,供应商A,1,晴,10,正常,0,1
2026-03-16,P004,雪碧,饮料,15,3.5,2.2,0,270,供应商A,1,晴,10,正常,0,1
2026-03-16,P005,橙汁,饮料,9,5.0,3.2,0,180,供应商A,2,晴,10,正常,0,1
2026-03-16,P006,牛奶,乳品,14,3.5,2.4,1,7,供应商B,1,晴,10,正常,0,1
2026-03-16,P007,酸奶,乳品,10,5.0,3.3,0,14,供应商B,1,晴,10,正常,0,1
2026-03-16,P008,鸡蛋,生鲜,13,12.0,8.5,1,20,供应商B,1,晴,10,正常,0,1
2026-03-16,P009,大米5kg,粮油,5,35.0,28.0,1,365,供应商C,2,晴,10,正常,0,1
2026-03-16,P010,食用油5L,粮油,3,65.0,53.0,1,540,供应商C,2,晴,10,正常,0,1
2026-03-16,P011,挂面,粮油,7,8.0,5.5,1,365,供应商C,2,晴,10,正常,0,1
2026-03-16,P012,面粉2.5kg,粮油,4,18.0,14.0,1,365,供应商C,2,晴,10,正常,0,1
2026-03-16,P013,食盐,调味,1,2.5,1.4,1,730,供应商C,2,晴,10,正常,0,1
2026-03-16,P014,酱油,调味,5,8.0,5.6,1,540,供应商C,2,晴,10,正常,0,1
2026-03-16,P015,食醋,调味,0,6.0,4.0,1,540,供应商C,2,晴,10,正常,0,1
2026-03-16,P016,方便面红烧,方便食品,11,5.0,3.4,1,180,供应商D,1,晴,10,正常,0,1
2026-03-16,P017,方便面香辣,方便食品,11,5.0,3.4,0,180,供应商D,1,晴,10,正常,0,1
2026-03-16,P018,火腿肠,方便食品,11,3.0,1.9,0,180,供应商D,1,晴,10,正常,0,1
2026-03-16,P019,八宝粥,方便食品,6,6.0,4.1,0,365,供应商D,1,晴,10,正常,0,1
2026-03-16,P020,榨菜,方便食品,5,2.0,1.2,0,365,供应商D,1,晴,10,正常,0,1
2026-03-16,P021,面包,烘焙,15,6.0,3.8,0,5,供应商B,1,晴,10,正常,0,1
2026-03-16,P022,蛋糕,烘焙,6,8.0,5.2,0,4,供应商B,1,晴,10,正常,0,1
2026-03-16,P023,饼干,零食,12,7.0,4.4,0,270,供应商D,1,晴,10,正常,0,1
2026-03-16,P024,薯片,零食,10,6.0,3.8,0,180,供应商D,1,晴,10,正常,0,1
2026-03-16,P025,瓜子,零食,6,8.0,5.0,0,240,供应商D,1,晴,10,正常,0,1
2026-03-16,P026,花生,零食,8,7.0,4.3,0,240,供应商D,1,晴,10,正常,0,1
2026-03-16,P027,巧克力,零食,5,8.0,5.2,0,300,供应商D,2,晴,10,正常,0,1
2026-03-16,P028,棒棒糖,零食,8,1.0,0.5,0,365,供应商D,2,晴,10,正常,0,1
2026-03-16,P029,冰淇淋,冷饮,14,5.0,3.0,0,180,供应商A,1,晴,10,正常,0,1
2026-03-16,P030,雪糕,冷饮,17,3.0,1.7,0,180,供应商A,1,晴,10,正常,0,1
2026-03-16,P031,纸巾,日用品,6,5.0,3.2,1,1095,供应商E,2,晴,10,正常,0,1
2026-03-16,P032,卷纸,日用品,5,18.0,13.0,1,1095,供应商E,2,晴,10,正常,0,1
2026-03-16,P033,洗衣液,日用品,2,25.0,18.0,0,1095,供应商E,3,晴,10,正常,0,1
2026-03-16,P034,洗洁精,日用品,5,12.0,8.0,0,1095,供应商E,3,晴,10,正常,0,1
2026-03-16,P035,牙膏,日用品,4,12.0,8.5,0,1095,供应商E,3,晴,10,正常,0,1
2026-03-16,P036,牙刷,日用品,4,6.0,3.5,0,1095,供应商E,3,晴,10,正常,0,1
2026-03-16,P037,香皂,日用品,4,5.0,3.0,0,1095,供应商E,3,晴,10,正常,0,1
2026-03-16,P038,垃圾袋,日用品,4,8.0,5.0,0,1095,供应商E,3,晴,10,正常,0,1
2026-03-16,P039,电池,日用品,4,10.0,6.5,0,1095,供应商E,3,晴,10,正常,0,1
2026-03-16,P040,打火机,日用品,4,2.0,1.0,0,1095,供应商E,3,晴,10,正常,0,1
2026-03-16,P041,苹果,水果,7,8.0,5.0,0,10,供应商B,1,晴,10,正常,0,1
2026-03-16,P042,香蕉,水果,11,6.0,3.8,0,6,供应商B,1,晴,10,正常,0,1
2026-03-16,P043,橙子,水果,6,9.0,6.0,0,14,供应商B,1,晴,10,正常,0,1
2026-03-16,P044,西红柿,蔬菜,6,6.0,3.8,1,7,供应商B,1,晴,10,正常,0,1
2026-03-16,P045,土豆,蔬菜,8,5.0,3.0,1,30,供应商B,1,晴,10,正常,0,1
2026-03-16,P046,青菜,蔬菜,11,4.0,2.2,1,3,供应商B,1,晴,10,正常,0,1
2026-03-16,P047,火锅底料,调味,2,12.0,8.0,0,365,供应商C,2,晴,10,正常,0,1
2026-03-16,P048,速冻水饺,冷冻食品,5,18.0,12.5,0,180,供应商D,2,晴,10,正常,0,1
2026-03-16,P049,口罩10只,应急用品,4,10.0,6.0,1,1095,供应商E,3,晴,10,正常,0,1
2026-03-16,P050,创可贴,应急用品,3,5.0,2.8,1,1095,供应商E,3,晴,10,正常,0,1
2026-03-17,P001,矿泉水,饮料,26,2.0,1.1,1,365,供应商A,1,晴,14,正常,0,1
2026-03-17,P002,桶装水,饮料,4,8.0,5.2,1,365,供应商A,1,晴,14,正常,0,1
2026-03-17,P003,可乐,饮料,17,3.5,2.2,0,270,供应商A,1,晴,14,正常,0,1
2026-03-17,P004,雪碧,饮料,12,3.5,2.2,0,270,供应商A,1,晴,14,正常,0,1
2026-03-17,P005,橙汁,饮料,7,5.0,3.2,0,180,供应商A,2,晴,14,正常,0,1
2026-03-17,P006,牛奶,乳品,16,3.5,2.4,1,7,供应商B,1,晴,14,正常,0,1
2026-03-17,P007,酸奶,乳品,11,5.0,3.3,0,14,供应商B,1,晴,14,正常,0,1
2026-03-17,P008,鸡蛋,生鲜,15,12.0,8.5,1,20,供应商B,1,晴,14,正常,0,1
2026-03-17,P009,大米5kg,粮油,6,35.0,28.0,1,365,供应商C,2,晴,14,正常,0,1
2026-03-17,P010,食用油5L,粮油,3,65.0,53.0,1,540,供应商C,2,晴,14,正常,0,1
2026-03-17,P011,挂面,粮油,7,8.0,5.5,1,365,供应商C,2,晴,14,正常,0,1
2026-03-17,P012,面粉2.5kg,粮油,5,18.0,14.0,1,365,供应商C,2,晴,14,正常,0,1
2026-03-17,P013,食盐,调味,5,2.5,1.4,1,730,供应商C,2,晴,14,正常,0,1
2026-03-17,P014,酱油,调味,5,8.0,5.6,1,540,供应商C,2,晴,14,正常,0,1
2026-03-17,P015,食醋,调味,5,6.0,4.0,1,540,供应商C,2,晴,14,正常,0,1
2026-03-17,P016,方便面红烧,方便食品,15,5.0,3.4,1,180,供应商D,1,晴,14,正常,0,1
2026-03-17,P017,方便面香辣,方便食品,9,5.0,3.4,0,180,供应商D,1,晴,14,正常,0,1
2026-03-17,P018,火腿肠,方便食品,9,3.0,1.9,0,180,供应商D,1,晴,14,正常,0,1
2026-03-17,P019,八宝粥,方便食品,8,6.0,4.1,0,365,供应商D,1,晴,14,正常,0,1
2026-03-17,P020,榨菜,方便食品,6,2.0,1.2,0,365,供应商D,1,晴,14,正常,0,1
2026-03-17,P021,面包,烘焙,13,6.0,3.8,0,5,供应商B,1,晴,14,正常,0,1
2026-03-17,P022,蛋糕,烘焙,8,8.0,5.2,0,4,供应商B,1,晴,14,正常,0,1
2026-03-17,P023,饼干,零食,8,7.0,4.4,0,270,供应商D,1,晴,14,正常,0,1
2026-03-17,P024,薯片,零食,11,6.0,3.8,0,180,供应商D,1,晴,14,正常,0,1
2026-03-17,P025,瓜子,零食,6,8.0,5.0,0,240,供应商D,1,晴,14,正常,0,1
2026-03-17,P026,花生,零食,5,7.0,4.3,0,240,供应商D,1,晴,14,正常,0,1
2026-03-17,P027,巧克力,零食,7,8.0,5.2,0,300,供应商D,2,晴,14,正常,0,1
2026-03-17,P028,棒棒糖,零食,8,1.0,0.5,0,365,供应商D,2,晴,14,正常,0,1
2026-03-17,P029,冰淇淋,冷饮,10,5.0,3.0,0,180,供应商A,1,晴,14,正常,0,1
2026-03-17,P030,雪糕,冷饮,14,3.0,1.7,0,180,供应商A,1,晴,14,正常,0,1
2026-03-17,P031,纸巾,日用品,7,5.0,3.2,1,1095,供应商E,2,晴,14,正常,0,1
2026-03-17,P032,卷纸,日用品,5,18.0,13.0,1,1095,供应商E,2,晴,14,正常,0,1
2026-03-17,P033,洗衣液,日用品,3,25.0,18.0,0,1095,供应商E,3,晴,14,正常,0,1
2026-03-17,P034,洗洁精,日用品,4,12.0,8.0,0,1095,供应商E,3,晴,14,正常,0,1
2026-03-17,P035,牙膏,日用品,5,12.0,8.5,0,1095,供应商E,3,晴,14,正常,0,1
2026-03-17,P036,牙刷,日用品,4,6.0,3.5,0,1095,供应商E,3,晴,14,正常,0,1
2026-03-17,P037,香皂,日用品,4,5.0,3.0,0,1095,供应商E,3,晴,14,正常,0,1
2026-03-17,P038,垃圾袋,日用品,4,8.0,5.0,0,1095,供应商E,3,晴,14,正常,0,1
2026-03-17,P039,电池,日用品,4,10.0,6.5,0,1095,供应商E,3,晴,14,正常,0,1
2026-03-17,P040,打火机,日用品,2,2.0,1.0,0,1095,供应商E,3,晴,14,正常,0,1
2026-03-17,P041,苹果,水果,8,8.0,5.0,0,10,供应商B,1,晴,14,正常,0,1
2026-03-17,P042,香蕉,水果,6,6.0,3.8,0,6,供应商B,1,晴,14,正常,0,1
2026-03-17,P043,橙子,水果,6,9.0,6.0,0,14,供应商B,1,晴,14,正常,0,1
2026-03-17,P044,西红柿,蔬菜,8,6.0,3.8,1,7,供应商B,1,晴,14,正常,0,1
2026-03-17,P045,土豆,蔬菜,8,5.0,3.0,1,30,供应商B,1,晴,14,正常,0,1
2026-03-17,P046,青菜,蔬菜,12,4.0,2.2,1,3,供应商B,1,晴,14,正常,0,1
2026-03-17,P047,火锅底料,调味,4,12.0,8.0,0,365,供应商C,2,晴,14,正常,0,1
2026-03-17,P048,速冻水饺,冷冻食品,4,18.0,12.5,0,180,供应商D,2,晴,14,正常,0,1
2026-03-17,P049,口罩10只,应急用品,4,10.0,6.0,1,1095,供应商E,3,晴,14,正常,0,1
2026-03-17,P050,创可贴,应急用品,2,5.0,2.8,1,1095,供应商E,3,晴,14,正常,0,1
2026-03-18,P001,矿泉水,饮料,24,2.0,1.1,1,365,供应商A,1,晴,11,正常,0,1
2026-03-18,P002,桶装水,饮料,7,8.0,5.2,1,365,供应商A,1,晴,11,正常,0,1
2026-03-18,P003,可乐,饮料,15,3.5,2.2,0,270,供应商A,1,晴,11,正常,0,1
2026-03-18,P004,雪碧,饮料,15,3.5,2.2,0,270,供应商A,1,晴,11,正常,0,1
2026-03-18,P005,橙汁,饮料,9,5.0,3.2,0,180,供应商A,2,晴,11,正常,0,1
2026-03-18,P006,牛奶,乳品,12,3.5,2.4,1,7,供应商B,1,晴,11,正常,0,1
2026-03-18,P007,酸奶,乳品,10,5.0,3.3,0,14,供应商B,1,晴,11,正常,0,1
2026-03-18,P008,鸡蛋,生鲜,13,12.0,8.5,1,20,供应商B,1,晴,11,正常,0,1
2026-03-18,P009,大米5kg,粮油,4,35.0,28.0,1,365,供应商C,2,晴,11,正常,0,1
2026-03-18,P010,食用油5L,粮油,2,65.0,53.0,1,540,供应商C,2,晴,11,正常,0,1
2026-03-18,P011,挂面,粮油,6,8.0,5.5,1,365,供应商C,2,晴,11,正常,0,1
2026-03-18,P012,面粉2.5kg,粮油,3,18.0,14.0,1,365,供应商C,2,晴,11,正常,0,1
2026-03-18,P013,食盐,调味,6,2.5,1.4,1,730,供应商C,2,晴,11,正常,0,1
2026-03-18,P014,酱油,调味,4,8.0,5.6,1,540,供应商C,2,晴,11,正常,0,1
2026-03-18,P015,食醋,调味,5,6.0,4.0,1,540,供应商C,2,晴,11,正常,0,1
2026-03-18,P016,方便面红烧,方便食品,12,5.0,3.4,1,180,供应商D,1,晴,11,正常,0,1
2026-03-18,P017,方便面香辣,方便食品,10,5.0,3.4,0,180,供应商D,1,晴,11,正常,0,1
2026-03-18,P018,火腿肠,方便食品,10,3.0,1.9,0,180,供应商D,1,晴,11,正常,0,1
2026-03-18,P019,八宝粥,方便食品,10,6.0,4.1,0,365,供应商D,1,晴,11,正常,0,1
2026-03-18,P020,榨菜,方便食品,4,2.0,1.2,0,365,供应商D,1,晴,11,正常,0,1
2026-03-18,P021,面包,烘焙,15,6.0,3.8,0,5,供应商B,1,晴,11,正常,0,1
2026-03-18,P022,蛋糕,烘焙,7,8.0,5.2,0,4,供应商B,1,晴,11,正常,0,1
2026-03-18,P023,饼干,零食,10,7.0,4.4,0,270,供应商D,1,晴,11,正常,0,1
2026-03-18,P024,薯片,零食,10,6.0,3.8,0,180,供应商D,1,晴,11,正常,0,1
2026-03-18,P025,瓜子,零食,7,8.0,5.0,0,240,供应商D,1,晴,11,正常,0,1
2026-03-18,P026,花生,零食,6,7.0,4.3,0,240,供应商D,1,晴,11,正常,0,1
2026-03-18,P027,巧克力,零食,7,8.0,5.2,0,300,供应商D,2,晴,11,正常,0,1
2026-03-18,P028,棒棒糖,零食,8,1.0,0.5,0,365,供应商D,2,晴,11,正常,0,1
2026-03-18,P029,冰淇淋,冷饮,17,5.0,3.0,0,180,供应商A,1,晴,11,正常,0,1
2026-03-18,P030,雪糕,冷饮,15,3.0,1.7,0,180,供应商A,1,晴,11,正常,0,1
2026-03-18,P031,纸巾,日用品,8,5.0,3.2,1,1095,供应商E,2,晴,11,正常,0,1
2026-03-18,P032,卷纸,日用品,4,18.0,13.0,1,1095,供应商E,2,晴,11,正常,0,1
2026-03-18,P033,洗衣液,日用品,4,25.0,18.0,0,1095,供应商E,3,晴,11,正常,0,1
2026-03-18,P034,洗洁精,日用品,6,12.0,8.0,0,1095,供应商E,3,晴,11,正常,0,1
2026-03-18,P035,牙膏,日用品,4,12.0,8.5,0,1095,供应商E,3,晴,11,正常,0,1
2026-03-18,P036,牙刷,日用品,4,6.0,3.5,0,1095,供应商E,3,晴,11,正常,0,1
2026-03-18,P037,香皂,日用品,3,5.0,3.0,0,1095,供应商E,3,晴,11,正常,0,1
2026-03-18,P038,垃圾袋,日用品,4,8.0,5.0,0,1095,供应商E,3,晴,11,正常,0,1
2026-03-18,P039,电池,日用品,1,10.0,6.5,0,1095,供应商E,3,晴,11,正常,0,1
2026-03-18,P040,打火机,日用品,4,2.0,1.0,0,1095,供应商E,3,晴,11,正常,0,1
2026-03-18,P041,苹果,水果,8,8.0,5.0,0,10,供应商B,1,晴,11,正常,0,1
2026-03-18,P042,香蕉,水果,11,6.0,3.8,0,6,供应商B,1,晴,11,正常,0,1
2026-03-18,P043,橙子,水果,9,9.0,6.0,0,14,供应商B,1,晴,11,正常,0,1
2026-03-18,P044,西红柿,蔬菜,7,6.0,3.8,1,7,供应商B,1,晴,11,正常,0,1
2026-03-18,P045,土豆,蔬菜,9,5.0,3.0,1,30,供应商B,1,晴,11,正常,0,1
2026-03-18,P046,青菜,蔬菜,10,4.0,2.2,1,3,供应商B,1,晴,11,正常,0,1
2026-03-18,P047,火锅底料,调味,4,12.0,8.0,0,365,供应商C,2,晴,11,正常,0,1
2026-03-18,P048,速冻水饺,冷冻食品,6,18.0,12.5,0,180,供应商D,2,晴,11,正常,0,1
2026-03-18,P049,口罩10只,应急用品,3,10.0,6.0,1,1095,供应商E,3,晴,11,正常,0,1
2026-03-18,P050,创可贴,应急用品,3,5.0,2.8,1,1095,供应商E,3,晴,11,正常,0,1
2026-03-19,P001,矿泉水,饮料,22,2.0,1.1,1,365,供应商A,1,晴,17,正常,0,1
2026-03-19,P002,桶装水,饮料,4,8.0,5.2,1,365,供应商A,1,晴,17,正常,0,1
2026-03-19,P003,可乐,饮料,12,3.5,2.2,0,270,供应商A,1,晴,17,正常,0,1
2026-03-19,P004,雪碧,饮料,14,3.5,2.2,0,270,供应商A,1,晴,17,正常,0,1
2026-03-19,P005,橙汁,饮料,8,5.0,3.2,0,180,供应商A,2,晴,17,正常,0,1
2026-03-19,P006,牛奶,乳品,13,3.5,2.4,1,7,供应商B,1,晴,17,正常,0,1
2026-03-19,P007,酸奶,乳品,9,5.0,3.3,0,14,供应商B,1,晴,17,正常,0,1
2026-03-19,P008,鸡蛋,生鲜,14,12.0,8.5,1,20,供应商B,1,晴,17,正常,0,1
2026-03-19,P009,大米5kg,粮油,4,35.0,28.0,1,365,供应商C,2,晴,17,正常,0,1
2026-03-19,P010,食用油5L,粮油,2,65.0,53.0,1,540,供应商C,2,晴,17,正常,0,1
2026-03-19,P011,挂面,粮油,8,8.0,5.5,1,365,供应商C,2,晴,17,正常,0,1
2026-03-19,P012,面粉2.5kg,粮油,6,18.0,14.0,1,365,供应商C,2,晴,17,正常,0,1
2026-03-19,P013,食盐,调味,6,2.5,1.4,1,730,供应商C,2,晴,17,正常,0,1
2026-03-19,P014,酱油,调味,6,8.0,5.6,1,540,供应商C,2,晴,17,正常,0,1
2026-03-19,P015,食醋,调味,5,6.0,4.0,1,540,供应商C,2,晴,17,正常,0,1
2026-03-19,P016,方便面红烧,方便食品,18,5.0,3.4,1,180,供应商D,1,晴,17,正常,0,1
2026-03-19,P017,方便面香辣,方便食品,11,5.0,3.4,0,180,供应商D,1,晴,17,正常,0,1
2026-03-19,P018,火腿肠,方便食品,11,3.0,1.9,0,180,供应商D,1,晴,17,正常,0,1
2026-03-19,P019,八宝粥,方便食品,8,6.0,4.1,0,365,供应商D,1,晴,17,正常,0,1
2026-03-19,P020,榨菜,方便食品,5,2.0,1.2,0,365,供应商D,1,晴,17,正常,0,1
2026-03-19,P021,面包,烘焙,13,6.0,3.8,0,5,供应商B,1,晴,17,正常,0,1
2026-03-19,P022,蛋糕,烘焙,5,8.0,5.2,0,4,供应商B,1,晴,17,正常,0,1
2026-03-19,P023,饼干,零食,8,7.0,4.4,0,270,供应商D,1,晴,17,正常,0,1
2026-03-19,P024,薯片,零食,12,6.0,3.8,0,180,供应商D,1,晴,17,正常,0,1
2026-03-19,P025,瓜子,零食,7,8.0,5.0,0,240,供应商D,1,晴,17,正常,0,1
2026-03-19,P026,花生,零食,8,7.0,4.3,0,240,供应商D,1,晴,17,正常,0,1
2026-03-19,P027,巧克力,零食,5,8.0,5.2,0,300,供应商D,2,晴,17,正常,0,1
2026-03-19,P028,棒棒糖,零食,7,1.0,0.5,0,365,供应商D,2,晴,17,正常,0,1
2026-03-19,P029,冰淇淋,冷饮,13,5.0,3.0,0,180,供应商A,1,晴,17,正常,0,1
2026-03-19,P030,雪糕,冷饮,17,3.0,1.7,0,180,供应商A,1,晴,17,正常,0,1
2026-03-19,P031,纸巾,日用品,8,5.0,3.2,1,1095,供应商E,2,晴,17,正常,0,1
2026-03-19,P032,卷纸,日用品,6,18.0,13.0,1,1095,供应商E,2,晴,17,正常,0,1
2026-03-19,P033,洗衣液,日用品,3,25.0,18.0,0,1095,供应商E,3,晴,17,正常,0,1
2026-03-19,P034,洗洁精,日用品,4,12.0,8.0,0,1095,供应商E,3,晴,17,正常,0,1
2026-03-19,P035,牙膏,日用品,3,12.0,8.5,0,1095,供应商E,3,晴,17,正常,0,1
2026-03-19,P036,牙刷,日用品,5,6.0,3.5,0,1095,供应商E,3,晴,17,正常,0,1
2026-03-19,P037,香皂,日用品,4,5.0,3.0,0,1095,供应商E,3,晴,17,正常,0,1
2026-03-19,P038,垃圾袋,日用品,3,8.0,5.0,0,1095,供应商E,3,晴,17,正常,0,1
2026-03-19,P039,电池,日用品,3,10.0,6.5,0,1095,供应商E,3,晴,17,正常,0,1
2026-03-19,P040,打火机,日用品,5,2.0,1.0,0,1095,供应商E,3,晴,17,正常,0,1
2026-03-19,P041,苹果,水果,8,8.0,5.0,0,10,供应商B,1,晴,17,正常,0,1
2026-03-19,P042,香蕉,水果,12,6.0,3.8,0,6,供应商B,1,晴,17,正常,0,1
2026-03-19,P043,橙子,水果,6,9.0,6.0,0,14,供应商B,1,晴,17,正常,0,1
2026-03-19,P044,西红柿,蔬菜,8,6.0,3.8,1,7,供应商B,1,晴,17,正常,0,1
2026-03-19,P045,土豆,蔬菜,4,5.0,3.0,1,30,供应商B,1,晴,17,正常,0,1
2026-03-19,P046,青菜,蔬菜,9,4.0,2.2,1,3,供应商B,1,晴,17,正常,0,1
2026-03-19,P047,火锅底料,调味,4,12.0,8.0,0,365,供应商C,2,晴,17,正常,0,1
2026-03-19,P048,速冻水饺,冷冻食品,4,18.0,12.5,0,180,供应商D,2,晴,17,正常,0,1
2026-03-19,P049,口罩10只,应急用品,5,10.0,6.0,1,1095,供应商E,3,晴,17,正常,0,1
2026-03-19,P050,创可贴,应急用品,3,5.0,2.8,1,1095,供应商E,3,晴,17,正常,0,1
2026-03-20,P001,矿泉水,饮料,29,2.0,1.1,1,365,供应商A,1,晴,14,正常,0,1
2026-03-20,P002,桶装水,饮料,6,8.0,5.2,1,365,供应商A,1,晴,14,正常,0,1
2026-03-20,P003,可乐,饮料,16,3.5,2.2,0,270,供应商A,1,晴,14,正常,0,1
2026-03-20,P004,雪碧,饮料,13,3.5,2.2,0,270,供应商A,1,晴,14,正常,0,1
2026-03-20,P005,橙汁,饮料,8,5.0,3.2,0,180,供应商A,2,晴,14,正常,0,1
2026-03-20,P006,牛奶,乳品,18,3.5,2.4,1,7,供应商B,1,晴,14,正常,0,1
2026-03-20,P007,酸奶,乳品,6,5.0,3.3,0,14,供应商B,1,晴,14,正常,0,1
2026-03-20,P008,鸡蛋,生鲜,8,12.0,8.5,1,20,供应商B,1,晴,14,正常,0,1
2026-03-20,P009,大米5kg,粮油,3,35.0,28.0,1,365,供应商C,2,晴,14,正常,0,1
2026-03-20,P010,食用油5L,粮油,3,65.0,53.0,1,540,供应商C,2,晴,14,正常,0,1
2026-03-20,P011,挂面,粮油,8,8.0,5.5,1,365,供应商C,2,晴,14,正常,0,1
2026-03-20,P012,面粉2.5kg,粮油,5,18.0,14.0,1,365,供应商C,2,晴,14,正常,0,1
2026-03-20,P013,食盐,调味,5,2.5,1.4,1,730,供应商C,2,晴,14,正常,0,1
2026-03-20,P014,酱油,调味,6,8.0,5.6,1,540,供应商C,2,晴,14,正常,0,1
2026-03-20,P015,食醋,调味,5,6.0,4.0,1,540,供应商C,2,晴,14,正常,0,1
2026-03-20,P016,方便面红烧,方便食品,15,5.0,3.4,1,180,供应商D,1,晴,14,正常,0,1
2026-03-20,P017,方便面香辣,方便食品,12,5.0,3.4,0,180,供应商D,1,晴,14,正常,0,1
2026-03-20,P018,火腿肠,方便食品,10,3.0,1.9,0,180,供应商D,1,晴,14,正常,0,1
2026-03-20,P019,八宝粥,方便食品,6,6.0,4.1,0,365,供应商D,1,晴,14,正常,0,1
2026-03-20,P020,榨菜,方便食品,7,2.0,1.2,0,365,供应商D,1,晴,14,正常,0,1
2026-03-20,P021,面包,烘焙,12,6.0,3.8,0,5,供应商B,1,晴,14,正常,0,1
2026-03-20,P022,蛋糕,烘焙,7,8.0,5.2,0,4,供应商B,1,晴,14,正常,0,1
2026-03-20,P023,饼干,零食,11,7.0,4.4,0,270,供应商D,1,晴,14,正常,0,1
2026-03-20,P024,薯片,零食,6,6.0,3.8,0,180,供应商D,1,晴,14,正常,0,1
2026-03-20,P025,瓜子,零食,4,8.0,5.0,0,240,供应商D,1,晴,14,正常,0,1
2026-03-20,P026,花生,零食,5,7.0,4.3,0,240,供应商D,1,晴,14,正常,0,1
2026-03-20,P027,巧克力,零食,5,8.0,5.2,0,300,供应商D,2,晴,14,正常,0,1
2026-03-20,P028,棒棒糖,零食,9,1.0,0.5,0,365,供应商D,2,晴,14,正常,0,1
2026-03-20,P029,冰淇淋,冷饮,11,5.0,3.0,0,180,供应商A,1,晴,14,正常,0,1
2026-03-20,P030,雪糕,冷饮,14,3.0,1.7,0,180,供应商A,1,晴,14,正常,0,1
2026-03-20,P031,纸巾,日用品,7,5.0,3.2,1,1095,供应商E,2,晴,14,正常,0,1
2026-03-20,P032,卷纸,日用品,8,18.0,13.0,1,1095,供应商E,2,晴,14,正常,0,1
2026-03-20,P033,洗衣液,日用品,5,25.0,18.0,0,1095,供应商E,3,晴,14,正常,0,1
2026-03-20,P034,洗洁精,日用品,4,12.0,8.0,0,1095,供应商E,3,晴,14,正常,0,1
2026-03-20,P035,牙膏,日用品,4,12.0,8.5,0,1095,供应商E,3,晴,14,正常,0,1
2026-03-20,P036,牙刷,日用品,3,6.0,3.5,0,1095,供应商E,3,晴,14,正常,0,1
2026-03-20,P037,香皂,日用品,2,5.0,3.0,0,1095,供应商E,3,晴,14,正常,0,1
2026-03-20,P038,垃圾袋,日用品,4,8.0,5.0,0,1095,供应商E,3,晴,14,正常,0,1
2026-03-20,P039,电池,日用品,2,10.0,6.5,0,1095,供应商E,3,晴,14,正常,0,1
2026-03-20,P040,打火机,日用品,5,2.0,1.0,0,1095,供应商E,3,晴,14,正常,0,1
2026-03-20,P041,苹果,水果,6,8.0,5.0,0,10,供应商B,1,晴,14,正常,0,1
2026-03-20,P042,香蕉,水果,8,6.0,3.8,0,6,供应商B,1,晴,14,正常,0,1
2026-03-20,P043,橙子,水果,6,9.0,6.0,0,14,供应商B,1,晴,14,正常,0,1
2026-03-20,P044,西红柿,蔬菜,8,6.0,3.8,1,7,供应商B,1,晴,14,正常,0,1
2026-03-20,P045,土豆,蔬菜,8,5.0,3.0,1,30,供应商B,1,晴,14,正常,0,1
2026-03-20,P046,青菜,蔬菜,8,4.0,2.2,1,3,供应商B,1,晴,14,正常,0,1
2026-03-20,P047,火锅底料,调味,5,12.0,8.0,0,365,供应商C,2,晴,14,正常,0,1
2026-03-20,P048,速冻水饺,冷冻食品,4,18.0,12.5,0,180,供应商D,2,晴,14,正常,0,1
2026-03-20,P049,口罩10只,应急用品,4,10.0,6.0,1,1095,供应商E,3,晴,14,正常,0,1
2026-03-20,P050,创可贴,应急用品,3,5.0,2.8,1,1095,供应商E,3,晴,14,正常,0,1
2026-03-21,P001,矿泉水,饮料,21,2.0,1.1,1,365,供应商A,1,晴,14,正常,1,1
2026-03-21,P002,桶装水,饮料,6,8.0,5.2,1,365,供应商A,1,晴,14,正常,1,1
2026-03-21,P003,可乐,饮料,19,3.5,2.2,0,270,供应商A,1,晴,14,正常,1,1
2026-03-21,P004,雪碧,饮料,16,3.5,2.2,0,270,供应商A,1,晴,14,正常,1,1
2026-03-21,P005,橙汁,饮料,9,5.0,3.2,0,180,供应商A,2,晴,14,正常,1,1
2026-03-21,P006,牛奶,乳品,19,3.5,2.4,1,7,供应商B,1,晴,14,正常,1,1
2026-03-21,P007,酸奶,乳品,11,5.0,3.3,0,14,供应商B,1,晴,14,正常,1,1
2026-03-21,P008,鸡蛋,生鲜,13,12.0,8.5,1,20,供应商B,1,晴,14,正常,1,1
2026-03-21,P009,大米5kg,粮油,5,35.0,28.0,1,365,供应商C,2,晴,14,正常,1,1
2026-03-21,P010,食用油5L,粮油,6,65.0,53.0,1,540,供应商C,2,晴,14,正常,1,1
2026-03-21,P011,挂面,粮油,10,8.0,5.5,1,365,供应商C,2,晴,14,正常,1,1
2026-03-21,P012,面粉2.5kg,粮油,3,18.0,14.0,1,365,供应商C,2,晴,14,正常,1,1
2026-03-21,P013,食盐,调味,4,2.5,1.4,1,730,供应商C,2,晴,14,正常,1,1
2026-03-21,P014,酱油,调味,7,8.0,5.6,1,540,供应商C,2,晴,14,正常,1,1
2026-03-21,P015,食醋,调味,3,6.0,4.0,1,540,供应商C,2,晴,14,正常,1,1
2026-03-21,P016,方便面红烧,方便食品,13,5.0,3.4,1,180,供应商D,1,晴,14,正常,1,1
2026-03-21,P017,方便面香辣,方便食品,10,5.0,3.4,0,180,供应商D,1,晴,14,正常,1,1
2026-03-21,P018,火腿肠,方便食品,12,3.0,1.9,0,180,供应商D,1,晴,14,正常,1,1
2026-03-21,P019,八宝粥,方便食品,8,6.0,4.1,0,365,供应商D,1,晴,14,正常,1,1
2026-03-21,P020,榨菜,方便食品,6,2.0,1.2,0,365,供应商D,1,晴,14,正常,1,1
2026-03-21,P021,面包,烘焙,12,6.0,3.8,0,5,供应商B,1,晴,14,正常,1,1
2026-03-21,P022,蛋糕,烘焙,7,8.0,5.2,0,4,供应商B,1,晴,14,正常,1,1
2026-03-21,P023,饼干,零食,9,7.0,4.4,0,270,供应商D,1,晴,14,正常,1,1
2026-03-21,P024,薯片,零食,15,6.0,3.8,0,180,供应商D,1,晴,14,正常,1,1
2026-03-21,P025,瓜子,零食,7,8.0,5.0,0,240,供应商D,1,晴,14,正常,1,1
2026-03-21,P026,花生,零食,8,7.0,4.3,0,240,供应商D,1,晴,14,正常,1,1
2026-03-21,P027,巧克力,零食,5,8.0,5.2,0,300,供应商D,2,晴,14,正常,1,1
2026-03-21,P028,棒棒糖,零食,10,1.0,0.5,0,365,供应商D,2,晴,14,正常,1,1
2026-03-21,P029,冰淇淋,冷饮,14,5.0,3.0,0,180,供应商A,1,晴,14,正常,1,1
2026-03-21,P030,雪糕,冷饮,11,3.0,1.7,0,180,供应商A,1,晴,14,正常,1,1
2026-03-21,P031,纸巾,日用品,7,5.0,3.2,1,1095,供应商E,2,晴,14,正常,1,1
2026-03-21,P032,卷纸,日用品,3,18.0,13.0,1,1095,供应商E,2,晴,14,正常,1,1
2026-03-21,P033,洗衣液,日用品,1,25.0,18.0,0,1095,供应商E,3,晴,14,正常,1,1
2026-03-21,P034,洗洁精,日用品,3,12.0,8.0,0,1095,供应商E,3,晴,14,正常,1,1
2026-03-21,P035,牙膏,日用品,6,12.0,8.5,0,1095,供应商E,3,晴,14,正常,1,1
2026-03-21,P036,牙刷,日用品,4,6.0,3.5,0,1095,供应商E,3,晴,14,正常,1,1
2026-03-21,P037,香皂,日用品,6,5.0,3.0,0,1095,供应商E,3,晴,14,正常,1,1
2026-03-21,P038,垃圾袋,日用品,5,8.0,5.0,0,1095,供应商E,3,晴,14,正常,1,1
2026-03-21,P039,电池,日用品,4,10.0,6.5,0,1095,供应商E,3,晴,14,正常,1,1
2026-03-21,P040,打火机,日用品,4,2.0,1.0,0,1095,供应商E,3,晴,14,正常,1,1
2026-03-21,P041,苹果,水果,10,8.0,5.0,0,10,供应商B,1,晴,14,正常,1,1
2026-03-21,P042,香蕉,水果,11,6.0,3.8,0,6,供应商B,1,晴,14,正常,1,1
2026-03-21,P043,橙子,水果,6,9.0,6.0,0,14,供应商B,1,晴,14,正常,1,1
2026-03-21,P044,西红柿,蔬菜,10,6.0,3.8,1,7,供应商B,1,晴,14,正常,1,1
2026-03-21,P045,土豆,蔬菜,8,5.0,3.0,1,30,供应商B,1,晴,14,正常,1,1
2026-03-21,P046,青菜,蔬菜,10,4.0,2.2,1,3,供应商B,1,晴,14,正常,1,1
2026-03-21,P047,火锅底料,调味,3,12.0,8.0,0,365,供应商C,2,晴,14,正常,1,1
2026-03-21,P048,速冻水饺,冷冻食品,4,18.0,12.5,0,180,供应商D,2,晴,14,正常,1,1
2026-03-21,P049,口罩10只,应急用品,3,10.0,6.0,1,1095,供应商E,3,晴,14,正常,1,1
2026-03-21,P050,创可贴,应急用品,4,5.0,2.8,1,1095,供应商E,3,晴,14,正常,1,1
2026-03-22,P001,矿泉水,饮料,23,2.0,1.1,1,365,供应商A,1,晴,13,正常,1,1
2026-03-22,P002,桶装水,饮料,7,8.0,5.2,1,365,供应商A,1,晴,13,正常,1,1
2026-03-22,P003,可乐,饮料,19,3.5,2.2,0,270,供应商A,1,晴,13,正常,1,1
2026-03-22,P004,雪碧,饮料,16,3.5,2.2,0,270,供应商A,1,晴,13,正常,1,1
2026-03-22,P005,橙汁,饮料,11,5.0,3.2,0,180,供应商A,2,晴,13,正常,1,1
2026-03-22,P006,牛奶,乳品,19,3.5,2.4,1,7,供应商B,1,晴,13,正常,1,1
2026-03-22,P007,酸奶,乳品,8,5.0,3.3,0,14,供应商B,1,晴,13,正常,1,1
2026-03-22,P008,鸡蛋,生鲜,17,12.0,8.5,1,20,供应商B,1,晴,13,正常,1,1
2026-03-22,P009,大米5kg,粮油,4,35.0,28.0,1,365,供应商C,2,晴,13,正常,1,1
2026-03-22,P010,食用油5L,粮油,5,65.0,53.0,1,540,供应商C,2,晴,13,正常,1,1
2026-03-22,P011,挂面,粮油,8,8.0,5.5,1,365,供应商C,2,晴,13,正常,1,1
2026-03-22,P012,面粉2.5kg,粮油,4,18.0,14.0,1,365,供应商C,2,晴,13,正常,1,1
2026-03-22,P013,食盐,调味,3,2.5,1.4,1,730,供应商C,2,晴,13,正常,1,1
2026-03-22,P014,酱油,调味,5,8.0,5.6,1,540,供应商C,2,晴,13,正常,1,1
2026-03-22,P015,食醋,调味,3,6.0,4.0,1,540,供应商C,2,晴,13,正常,1,1
2026-03-22,P016,方便面红烧,方便食品,19,5.0,3.4,1,180,供应商D,1,晴,13,正常,1,1
2026-03-22,P017,方便面香辣,方便食品,14,5.0,3.4,0,180,供应商D,1,晴,13,正常,1,1
2026-03-22,P018,火腿肠,方便食品,10,3.0,1.9,0,180,供应商D,1,晴,13,正常,1,1
2026-03-22,P019,八宝粥,方便食品,8,6.0,4.1,0,365,供应商D,1,晴,13,正常,1,1
2026-03-22,P020,榨菜,方便食品,6,2.0,1.2,0,365,供应商D,1,晴,13,正常,1,1
2026-03-22,P021,面包,烘焙,12,6.0,3.8,0,5,供应商B,1,晴,13,正常,1,1
2026-03-22,P022,蛋糕,烘焙,9,8.0,5.2,0,4,供应商B,1,晴,13,正常,1,1
2026-03-22,P023,饼干,零食,10,7.0,4.4,0,270,供应商D,1,晴,13,正常,1,1
2026-03-22,P024,薯片,零食,14,6.0,3.8,0,180,供应商D,1,晴,13,正常,1,1
2026-03-22,P025,瓜子,零食,6,8.0,5.0,0,240,供应商D,1,晴,13,正常,1,1
2026-03-22,P026,花生,零食,8,7.0,4.3,0,240,供应商D,1,晴,13,正常,1,1
2026-03-22,P027,巧克力,零食,6,8.0,5.2,0,300,供应商D,2,晴,13,正常,1,1
2026-03-22,P028,棒棒糖,零食,11,1.0,0.5,0,365,供应商D,2,晴,13,正常,1,1
2026-03-22,P029,冰淇淋,冷饮,14,5.0,3.0,0,180,供应商A,1,晴,13,正常,1,1
2026-03-22,P030,雪糕,冷饮,19,3.0,1.7,0,180,供应商A,1,晴,13,正常,1,1
2026-03-22,P031,纸巾,日用品,9,5.0,3.2,1,1095,供应商E,2,晴,13,正常,1,1
2026-03-22,P032,卷纸,日用品,4,18.0,13.0,1,1095,供应商E,2,晴,13,正常,1,1
2026-03-22,P033,洗衣液,日用品,4,25.0,18.0,0,1095,供应商E,3,晴,13,正常,1,1
2026-03-22,P034,洗洁精,日用品,5,12.0,8.0,0,1095,供应商E,3,晴,13,正常,1,1
2026-03-22,P035,牙膏,日用品,5,12.0,8.5,0,1095,供应商E,3,晴,13,正常,1,1
2026-03-22,P036,牙刷,日用品,6,6.0,3.5,0,1095,供应商E,3,晴,13,正常,1,1
2026-03-22,P037,香皂,日用品,6,5.0,3.0,0,1095,供应商E,3,晴,13,正常,1,1
2026-03-22,P038,垃圾袋,日用品,4,8.0,5.0,0,1095,供应商E,3,晴,13,正常,1,1
2026-03-22,P039,电池,日用品,4,10.0,6.5,0,1095,供应商E,3,晴,13,正常,1,1
2026-03-22,P040,打火机,日用品,5,2.0,1.0,0,1095,供应商E,3,晴,13,正常,1,1
2026-03-22,P041,苹果,水果,9,8.0,5.0,0,10,供应商B,1,晴,13,正常,1,1
2026-03-22,P042,香蕉,水果,9,6.0,3.8,0,6,供应商B,1,晴,13,正常,1,1
2026-03-22,P043,橙子,水果,9,9.0,6.0,0,14,供应商B,1,晴,13,正常,1,1
2026-03-22,P044,西红柿,蔬菜,9,6.0,3.8,1,7,供应商B,1,晴,13,正常,1,1
2026-03-22,P045,土豆,蔬菜,7,5.0,3.0,1,30,供应商B,1,晴,13,正常,1,1
2026-03-22,P046,青菜,蔬菜,13,4.0,2.2,1,3,供应商B,1,晴,13,正常,1,1
2026-03-22,P047,火锅底料,调味,2,12.0,8.0,0,365,供应商C,2,晴,13,正常,1,1
2026-03-22,P048,速冻水饺,冷冻食品,3,18.0,12.5,0,180,供应商D,2,晴,13,正常,1,1
2026-03-22,P049,口罩10只,应急用品,4,10.0,6.0,1,1095,供应商E,3,晴,13,正常,1,1
2026-03-22,P050,创可贴,应急用品,3,5.0,2.8,1,1095,供应商E,3,晴,13,正常,1,1
2026-03-23,P001,矿泉水,饮料,25,2.0,1.1,1,365,供应商A,1,晴,19,正常,0,1
2026-03-23,P002,桶装水,饮料,4,8.0,5.2,1,365,供应商A,1,晴,19,正常,0,1
2026-03-23,P003,可乐,饮料,16,3.5,2.2,0,270,供应商A,1,晴,19,正常,0,1
2026-03-23,P004,雪碧,饮料,17,3.5,2.2,0,270,供应商A,1,晴,19,正常,0,1
2026-03-23,P005,橙汁,饮料,9,5.0,3.2,0,180,供应商A,2,晴,19,正常,0,1
2026-03-23,P006,牛奶,乳品,14,3.5,2.4,1,7,供应商B,1,晴,19,正常,0,1
2026-03-23,P007,酸奶,乳品,8,5.0,3.3,0,14,供应商B,1,晴,19,正常,0,1
2026-03-23,P008,鸡蛋,生鲜,11,12.0,8.5,1,20,供应商B,1,晴,19,正常,0,1
2026-03-23,P009,大米5kg,粮油,1,35.0,28.0,1,365,供应商C,2,晴,19,正常,0,1
2026-03-23,P010,食用油5L,粮油,3,65.0,53.0,1,540,供应商C,2,晴,19,正常,0,1
2026-03-23,P011,挂面,粮油,8,8.0,5.5,1,365,供应商C,2,晴,19,正常,0,1
2026-03-23,P012,面粉2.5kg,粮油,2,18.0,14.0,1,365,供应商C,2,晴,19,正常,0,1
2026-03-23,P013,食盐,调味,4,2.5,1.4,1,730,供应商C,2,晴,19,正常,0,1
2026-03-23,P014,酱油,调味,4,8.0,5.6,1,540,供应商C,2,晴,19,正常,0,1
2026-03-23,P015,食醋,调味,3,6.0,4.0,1,540,供应商C,2,晴,19,正常,0,1
2026-03-23,P016,方便面红烧,方便食品,15,5.0,3.4,1,180,供应商D,1,晴,19,正常,0,1
2026-03-23,P017,方便面香辣,方便食品,7,5.0,3.4,0,180,供应商D,1,晴,19,正常,0,1
2026-03-23,P018,火腿肠,方便食品,11,3.0,1.9,0,180,供应商D,1,晴,19,正常,0,1
2026-03-23,P019,八宝粥,方便食品,8,6.0,4.1,0,365,供应商D,1,晴,19,正常,0,1
2026-03-23,P020,榨菜,方便食品,6,2.0,1.2,0,365,供应商D,1,晴,19,正常,0,1
2026-03-23,P021,面包,烘焙,7,6.0,3.8,0,5,供应商B,1,晴,19,正常,0,1
2026-03-23,P022,蛋糕,烘焙,6,8.0,5.2,0,4,供应商B,1,晴,19,正常,0,1
2026-03-23,P023,饼干,零食,11,7.0,4.4,0,270,供应商D,1,晴,19,正常,0,1
2026-03-23,P024,薯片,零食,6,6.0,3.8,0,180,供应商D,1,晴,19,正常,0,1
2026-03-23,P025,瓜子,零食,6,8.0,5.0,0,240,供应商D,1,晴,19,正常,0,1
2026-03-23,P026,花生,零食,5,7.0,4.3,0,240,供应商D,1,晴,19,正常,0,1
2026-03-23,P027,巧克力,零食,6,8.0,5.2,0,300,供应商D,2,晴,19,正常,0,1
2026-03-23,P028,棒棒糖,零食,8,1.0,0.5,0,365,供应商D,2,晴,19,正常,0,1
2026-03-23,P029,冰淇淋,冷饮,15,5.0,3.0,0,180,供应商A,1,晴,19,正常,0,1
2026-03-23,P030,雪糕,冷饮,19,3.0,1.7,0,180,供应商A,1,晴,19,正常,0,1
2026-03-23,P031,纸巾,日用品,10,5.0,3.2,1,1095,供应商E,2,晴,19,正常,0,1
2026-03-23,P032,卷纸,日用品,5,18.0,13.0,1,1095,供应商E,2,晴,19,正常,0,1
2026-03-23,P033,洗衣液,日用品,3,25.0,18.0,0,1095,供应商E,3,晴,19,正常,0,1
2026-03-23,P034,洗洁精,日用品,2,12.0,8.0,0,1095,供应商E,3,晴,19,正常,0,1
2026-03-23,P035,牙膏,日用品,5,12.0,8.5,0,1095,供应商E,3,晴,19,正常,0,1
2026-03-23,P036,牙刷,日用品,3,6.0,3.5,0,1095,供应商E,3,晴,19,正常,0,1
2026-03-23,P037,香皂,日用品,3,5.0,3.0,0,1095,供应商E,3,晴,19,正常,0,1
2026-03-23,P038,垃圾袋,日用品,4,8.0,5.0,0,1095,供应商E,3,晴,19,正常,0,1
2026-03-23,P039,电池,日用品,1,10.0,6.5,0,1095,供应商E,3,晴,19,正常,0,1
2026-03-23,P040,打火机,日用品,5,2.0,1.0,0,1095,供应商E,3,晴,19,正常,0,1
2026-03-23,P041,苹果,水果,9,8.0,5.0,0,10,供应商B,1,晴,19,正常,0,1
2026-03-23,P042,香蕉,水果,9,6.0,3.8,0,6,供应商B,1,晴,19,正常,0,1
2026-03-23,P043,橙子,水果,4,9.0,6.0,0,14,供应商B,1,晴,19,正常,0,1
2026-03-23,P044,西红柿,蔬菜,8,6.0,3.8,1,7,供应商B,1,晴,19,正常,0,1
2026-03-23,P045,土豆,蔬菜,8,5.0,3.0,1,30,供应商B,1,晴,19,正常,0,1
2026-03-23,P046,青菜,蔬菜,7,4.0,2.2,1,3,供应商B,1,晴,19,正常,0,1
2026-03-23,P047,火锅底料,调味,3,12.0,8.0,0,365,供应商C,2,晴,19,正常,0,1
2026-03-23,P048,速冻水饺,冷冻食品,6,18.0,12.5,0,180,供应商D,2,晴,19,正常,0,1
2026-03-23,P049,口罩10只,应急用品,3,10.0,6.0,1,1095,供应商E,3,晴,19,正常,0,1
2026-03-23,P050,创可贴,应急用品,3,5.0,2.8,1,1095,供应商E,3,晴,19,正常,0,1
2026-03-24,P001,矿泉水,饮料,31,2.0,1.1,1,365,供应商A,1,晴,15,正常,0,1
2026-03-24,P002,桶装水,饮料,7,8.0,5.2,1,365,供应商A,1,晴,15,正常,0,1
2026-03-24,P003,可乐,饮料,18,3.5,2.2,0,270,供应商A,1,晴,15,正常,0,1
2026-03-24,P004,雪碧,饮料,19,3.5,2.2,0,270,供应商A,1,晴,15,正常,0,1
2026-03-24,P005,橙汁,饮料,8,5.0,3.2,0,180,供应商A,2,晴,15,正常,0,1
2026-03-24,P006,牛奶,乳品,12,3.5,2.4,1,7,供应商B,1,晴,15,正常,0,1
2026-03-24,P007,酸奶,乳品,10,5.0,3.3,0,14,供应商B,1,晴,15,正常,0,1
2026-03-24,P008,鸡蛋,生鲜,13,12.0,8.5,1,20,供应商B,1,晴,15,正常,0,1
2026-03-24,P009,大米5kg,粮油,3,35.0,28.0,1,365,供应商C,2,晴,15,正常,0,1
2026-03-24,P010,食用油5L,粮油,2,65.0,53.0,1,540,供应商C,2,晴,15,正常,0,1
2026-03-24,P011,挂面,粮油,10,8.0,5.5,1,365,供应商C,2,晴,15,正常,0,1
2026-03-24,P012,面粉2.5kg,粮油,4,18.0,14.0,1,365,供应商C,2,晴,15,正常,0,1
2026-03-24,P013,食盐,调味,4,2.5,1.4,1,730,供应商C,2,晴,15,正常,0,1
2026-03-24,P014,酱油,调味,6,8.0,5.6,1,540,供应商C,2,晴,15,正常,0,1
2026-03-24,P015,食醋,调味,4,6.0,4.0,1,540,供应商C,2,晴,15,正常,0,1
2026-03-24,P016,方便面红烧,方便食品,14,5.0,3.4,1,180,供应商D,1,晴,15,正常,0,1
2026-03-24,P017,方便面香辣,方便食品,11,5.0,3.4,0,180,供应商D,1,晴,15,正常,0,1
2026-03-24,P018,火腿肠,方便食品,8,3.0,1.9,0,180,供应商D,1,晴,15,正常,0,1
2026-03-24,P019,八宝粥,方便食品,7,6.0,4.1,0,365,供应商D,1,晴,15,正常,0,1
2026-03-24,P020,榨菜,方便食品,8,2.0,1.2,0,365,供应商D,1,晴,15,正常,0,1
2026-03-24,P021,面包,烘焙,13,6.0,3.8,0,5,供应商B,1,晴,15,正常,0,1
2026-03-24,P022,蛋糕,烘焙,7,8.0,5.2,0,4,供应商B,1,晴,15,正常,0,1
2026-03-24,P023,饼干,零食,8,7.0,4.4,0,270,供应商D,1,晴,15,正常,0,1
2026-03-24,P024,薯片,零食,9,6.0,3.8,0,180,供应商D,1,晴,15,正常,0,1
2026-03-24,P025,瓜子,零食,6,8.0,5.0,0,240,供应商D,1,晴,15,正常,0,1
2026-03-24,P026,花生,零食,6,7.0,4.3,0,240,供应商D,1,晴,15,正常,0,1
2026-03-24,P027,巧克力,零食,6,8.0,5.2,0,300,供应商D,2,晴,15,正常,0,1
2026-03-24,P028,棒棒糖,零食,7,1.0,0.5,0,365,供应商D,2,晴,15,正常,0,1
2026-03-24,P029,冰淇淋,冷饮,16,5.0,3.0,0,180,供应商A,1,晴,15,正常,0,1
2026-03-24,P030,雪糕,冷饮,16,3.0,1.7,0,180,供应商A,1,晴,15,正常,0,1
2026-03-24,P031,纸巾,日用品,8,5.0,3.2,1,1095,供应商E,2,晴,15,正常,0,1
2026-03-24,P032,卷纸,日用品,4,18.0,13.0,1,1095,供应商E,2,晴,15,正常,0,1
2026-03-24,P033,洗衣液,日用品,5,25.0,18.0,0,1095,供应商E,3,晴,15,正常,0,1
2026-03-24,P034,洗洁精,日用品,5,12.0,8.0,0,1095,供应商E,3,晴,15,正常,0,1
2026-03-24,P035,牙膏,日用品,5,12.0,8.5,0,1095,供应商E,3,晴,15,正常,0,1
2026-03-24,P036,牙刷,日用品,2,6.0,3.5,0,1095,供应商E,3,晴,15,正常,0,1
2026-03-24,P037,香皂,日用品,5,5.0,3.0,0,1095,供应商E,3,晴,15,正常,0,1
2026-03-24,P038,垃圾袋,日用品,4,8.0,5.0,0,1095,供应商E,3,晴,15,正常,0,1
2026-03-24,P039,电池,日用品,1,10.0,6.5,0,1095,供应商E,3,晴,15,正常,0,1
2026-03-24,P040,打火机,日用品,5,2.0,1.0,0,1095,供应商E,3,晴,15,正常,0,1
2026-03-24,P041,苹果,水果,8,8.0,5.0,0,10,供应商B,1,晴,15,正常,0,1
2026-03-24,P042,香蕉,水果,10,6.0,3.8,0,6,供应商B,1,晴,15,正常,0,1
2026-03-24,P043,橙子,水果,6,9.0,6.0,0,14,供应商B,1,晴,15,正常,0,1
2026-03-24,P044,西红柿,蔬菜,8,6.0,3.8,1,7,供应商B,1,晴,15,正常,0,1
2026-03-24,P045,土豆,蔬菜,9,5.0,3.0,1,30,供应商B,1,晴,15,正常,0,1
2026-03-24,P046,青菜,蔬菜,12,4.0,2.2,1,3,供应商B,1,晴,15,正常,0,1
2026-03-24,P047,火锅底料,调味,1,12.0,8.0,0,365,供应商C,2,晴,15,正常,0,1
2026-03-24,P048,速冻水饺,冷冻食品,5,18.0,12.5,0,180,供应商D,2,晴,15,正常,0,1
2026-03-24,P049,口罩10只,应急用品,3,10.0,6.0,1,1095,供应商E,3,晴,15,正常,0,1
2026-03-24,P050,创可贴,应急用品,1,5.0,2.8,1,1095,供应商E,3,晴,15,正常,0,1
2026-03-25,P001,矿泉水,饮料,24,2.0,1.1,1,365,供应商A,1,晴,14,正常,0,1
2026-03-25,P002,桶装水,饮料,7,8.0,5.2,1,365,供应商A,1,晴,14,正常,0,1
2026-03-25,P003,可乐,饮料,13,3.5,2.2,0,270,供应商A,1,晴,14,正常,0,1
2026-03-25,P004,雪碧,饮料,14,3.5,2.2,0,270,供应商A,1,晴,14,正常,0,1
2026-03-25,P005,橙汁,饮料,7,5.0,3.2,0,180,供应商A,2,晴,14,正常,0,1
2026-03-25,P006,牛奶,乳品,12,3.5,2.4,1,7,供应商B,1,晴,14,正常,0,1
2026-03-25,P007,酸奶,乳品,11,5.0,3.3,0,14,供应商B,1,晴,14,正常,0,1
2026-03-25,P008,鸡蛋,生鲜,11,12.0,8.5,1,20,供应商B,1,晴,14,正常,0,1
2026-03-25,P009,大米5kg,粮油,5,35.0,28.0,1,365,供应商C,2,晴,14,正常,0,1
2026-03-25,P010,食用油5L,粮油,1,65.0,53.0,1,540,供应商C,2,晴,14,正常,0,1
2026-03-25,P011,挂面,粮油,9,8.0,5.5,1,365,供应商C,2,晴,14,正常,0,1
2026-03-25,P012,面粉2.5kg,粮油,5,18.0,14.0,1,365,供应商C,2,晴,14,正常,0,1
2026-03-25,P013,食盐,调味,5,2.5,1.4,1,730,供应商C,2,晴,14,正常,0,1
2026-03-25,P014,酱油,调味,6,8.0,5.6,1,540,供应商C,2,晴,14,正常,0,1
2026-03-25,P015,食醋,调味,2,6.0,4.0,1,540,供应商C,2,晴,14,正常,0,1
2026-03-25,P016,方便面红烧,方便食品,18,5.0,3.4,1,180,供应商D,1,晴,14,正常,0,1
2026-03-25,P017,方便面香辣,方便食品,9,5.0,3.4,0,180,供应商D,1,晴,14,正常,0,1
2026-03-25,P018,火腿肠,方便食品,10,3.0,1.9,0,180,供应商D,1,晴,14,正常,0,1
2026-03-25,P019,八宝粥,方便食品,6,6.0,4.1,0,365,供应商D,1,晴,14,正常,0,1
2026-03-25,P020,榨菜,方便食品,5,2.0,1.2,0,365,供应商D,1,晴,14,正常,0,1
2026-03-25,P021,面包,烘焙,13,6.0,3.8,0,5,供应商B,1,晴,14,正常,0,1
2026-03-25,P022,蛋糕,烘焙,7,8.0,5.2,0,4,供应商B,1,晴,14,正常,0,1
2026-03-25,P023,饼干,零食,10,7.0,4.4,0,270,供应商D,1,晴,14,正常,0,1
2026-03-25,P024,薯片,零食,10,6.0,3.8,0,180,供应商D,1,晴,14,正常,0,1
2026-03-25,P025,瓜子,零食,7,8.0,5.0,0,240,供应商D,1,晴,14,正常,0,1
2026-03-25,P026,花生,零食,5,7.0,4.3,0,240,供应商D,1,晴,14,正常,0,1
2026-03-25,P027,巧克力,零食,8,8.0,5.2,0,300,供应商D,2,晴,14,正常,0,1
2026-03-25,P028,棒棒糖,零食,7,1.0,0.5,0,365,供应商D,2,晴,14,正常,0,1
2026-03-25,P029,冰淇淋,冷饮,17,5.0,3.0,0,180,供应商A,1,晴,14,正常,0,1
2026-03-25,P030,雪糕,冷饮,21,3.0,1.7,0,180,供应商A,1,晴,14,正常,0,1
2026-03-25,P031,纸巾,日用品,7,5.0,3.2,1,1095,供应商E,2,晴,14,正常,0,1
2026-03-25,P032,卷纸,日用品,8,18.0,13.0,1,1095,供应商E,2,晴,14,正常,0,1
2026-03-25,P033,洗衣液,日用品,4,25.0,18.0,0,1095,供应商E,3,晴,14,正常,0,1
2026-03-25,P034,洗洁精,日用品,5,12.0,8.0,0,1095,供应商E,3,晴,14,正常,0,1
2026-03-25,P035,牙膏,日用品,4,12.0,8.5,0,1095,供应商E,3,晴,14,正常,0,1
2026-03-25,P036,牙刷,日用品,4,6.0,3.5,0,1095,供应商E,3,晴,14,正常,0,1
2026-03-25,P037,香皂,日用品,4,5.0,3.0,0,1095,供应商E,3,晴,14,正常,0,1
2026-03-25,P038,垃圾袋,日用品,4,8.0,5.0,0,1095,供应商E,3,晴,14,正常,0,1
2026-03-25,P039,电池,日用品,5,10.0,6.5,0,1095,供应商E,3,晴,14,正常,0,1
2026-03-25,P040,打火机,日用品,5,2.0,1.0,0,1095,供应商E,3,晴,14,正常,0,1
2026-03-25,P041,苹果,水果,7,8.0,5.0,0,10,供应商B,1,晴,14,正常,0,1
2026-03-25,P042,香蕉,水果,10,6.0,3.8,0,6,供应商B,1,晴,14,正常,0,1
2026-03-25,P043,橙子,水果,7,9.0,6.0,0,14,供应商B,1,晴,14,正常,0,1
2026-03-25,P044,西红柿,蔬菜,9,6.0,3.8,1,7,供应商B,1,晴,14,正常,0,1
2026-03-25,P045,土豆,蔬菜,8,5.0,3.0,1,30,供应商B,1,晴,14,正常,0,1
2026-03-25,P046,青菜,蔬菜,10,4.0,2.2,1,3,供应商B,1,晴,14,正常,0,1
2026-03-25,P047,火锅底料,调味,3,12.0,8.0,0,365,供应商C,2,晴,14,正常,0,1
2026-03-25,P048,速冻水饺,冷冻食品,4,18.0,12.5,0,180,供应商D,2,晴,14,正常,0,1
2026-03-25,P049,口罩10只,应急用品,1,10.0,6.0,1,1095,供应商E,3,晴,14,正常,0,1
2026-03-25,P050,创可贴,应急用品,3,5.0,2.8,1,1095,供应商E,3,晴,14,正常,0,1
2026-03-26,P001,矿泉水,饮料,24,2.0,1.1,1,365,供应商A,1,晴,15,正常,0,1
2026-03-26,P002,桶装水,饮料,5,8.0,5.2,1,365,供应商A,1,晴,15,正常,0,1
2026-03-26,P003,可乐,饮料,8,3.5,2.2,0,270,供应商A,1,晴,15,正常,0,1
2026-03-26,P004,雪碧,饮料,10,3.5,2.2,0,270,供应商A,1,晴,15,正常,0,1
2026-03-26,P005,橙汁,饮料,9,5.0,3.2,0,180,供应商A,2,晴,15,正常,0,1
2026-03-26,P006,牛奶,乳品,13,3.5,2.4,1,7,供应商B,1,晴,15,正常,0,1
2026-03-26,P007,酸奶,乳品,10,5.0,3.3,0,14,供应商B,1,晴,15,正常,0,1
2026-03-26,P008,鸡蛋,生鲜,9,12.0,8.5,1,20,供应商B,1,晴,15,正常,0,1
2026-03-26,P009,大米5kg,粮油,6,35.0,28.0,1,365,供应商C,2,晴,15,正常,0,1
2026-03-26,P010,食用油5L,粮油,3,65.0,53.0,1,540,供应商C,2,晴,15,正常,0,1
2026-03-26,P011,挂面,粮油,7,8.0,5.5,1,365,供应商C,2,晴,15,正常,0,1
2026-03-26,P012,面粉2.5kg,粮油,7,18.0,14.0,1,365,供应商C,2,晴,15,正常,0,1
2026-03-26,P013,食盐,调味,7,2.5,1.4,1,730,供应商C,2,晴,15,正常,0,1
2026-03-26,P014,酱油,调味,5,8.0,5.6,1,540,供应商C,2,晴,15,正常,0,1
2026-03-26,P015,食醋,调味,3,6.0,4.0,1,540,供应商C,2,晴,15,正常,0,1
2026-03-26,P016,方便面红烧,方便食品,14,5.0,3.4,1,180,供应商D,1,晴,15,正常,0,1
2026-03-26,P017,方便面香辣,方便食品,11,5.0,3.4,0,180,供应商D,1,晴,15,正常,0,1
2026-03-26,P018,火腿肠,方便食品,10,3.0,1.9,0,180,供应商D,1,晴,15,正常,0,1
2026-03-26,P019,八宝粥,方便食品,7,6.0,4.1,0,365,供应商D,1,晴,15,正常,0,1
2026-03-26,P020,榨菜,方便食品,8,2.0,1.2,0,365,供应商D,1,晴,15,正常,0,1
2026-03-26,P021,面包,烘焙,12,6.0,3.8,0,5,供应商B,1,晴,15,正常,0,1
2026-03-26,P022,蛋糕,烘焙,10,8.0,5.2,0,4,供应商B,1,晴,15,正常,0,1
2026-03-26,P023,饼干,零食,9,7.0,4.4,0,270,供应商D,1,晴,15,正常,0,1
2026-03-26,P024,薯片,零食,13,6.0,3.8,0,180,供应商D,1,晴,15,正常,0,1
2026-03-26,P025,瓜子,零食,6,8.0,5.0,0,240,供应商D,1,晴,15,正常,0,1
2026-03-26,P026,花生,零食,7,7.0,4.3,0,240,供应商D,1,晴,15,正常,0,1
2026-03-26,P027,巧克力,零食,4,8.0,5.2,0,300,供应商D,2,晴,15,正常,0,1
2026-03-26,P028,棒棒糖,零食,8,1.0,0.5,0,365,供应商D,2,晴,15,正常,0,1
2026-03-26,P029,冰淇淋,冷饮,15,5.0,3.0,0,180,供应商A,1,晴,15,正常,0,1
2026-03-26,P030,雪糕,冷饮,20,3.0,1.7,0,180,供应商A,1,晴,15,正常,0,1
2026-03-26,P031,纸巾,日用品,8,5.0,3.2,1,1095,供应商E,2,晴,15,正常,0,1
2026-03-26,P032,卷纸,日用品,3,18.0,13.0,1,1095,供应商E,2,晴,15,正常,0,1
2026-03-26,P033,洗衣液,日用品,1,25.0,18.0,0,1095,供应商E,3,晴,15,正常,0,1
2026-03-26,P034,洗洁精,日用品,2,12.0,8.0,0,1095,供应商E,3,晴,15,正常,0,1
2026-03-26,P035,牙膏,日用品,2,12.0,8.5,0,1095,供应商E,3,晴,15,正常,0,1
2026-03-26,P036,牙刷,日用品,4,6.0,3.5,0,1095,供应商E,3,晴,15,正常,0,1
2026-03-26,P037,香皂,日用品,5,5.0,3.0,0,1095,供应商E,3,晴,15,正常,0,1
2026-03-26,P038,垃圾袋,日用品,4,8.0,5.0,0,1095,供应商E,3,晴,15,正常,0,1
2026-03-26,P039,电池,日用品,0,10.0,6.5,0,1095,供应商E,3,晴,15,正常,0,1
2026-03-26,P040,打火机,日用品,5,2.0,1.0,0,1095,供应商E,3,晴,15,正常,0,1
2026-03-26,P041,苹果,水果,8,8.0,5.0,0,10,供应商B,1,晴,15,正常,0,1
2026-03-26,P042,香蕉,水果,12,6.0,3.8,0,6,供应商B,1,晴,15,正常,0,1
2026-03-26,P043,橙子,水果,4,9.0,6.0,0,14,供应商B,1,晴,15,正常,0,1
2026-03-26,P044,西红柿,蔬菜,7,6.0,3.8,1,7,供应商B,1,晴,15,正常,0,1
2026-03-26,P045,土豆,蔬菜,9,5.0,3.0,1,30,供应商B,1,晴,15,正常,0,1
2026-03-26,P046,青菜,蔬菜,11,4.0,2.2,1,3,供应商B,1,晴,15,正常,0,1
2026-03-26,P047,火锅底料,调味,5,12.0,8.0,0,365,供应商C,2,晴,15,正常,0,1
2026-03-26,P048,速冻水饺,冷冻食品,5,18.0,12.5,0,180,供应商D,2,晴,15,正常,0,1
2026-03-26,P049,口罩10只,应急用品,3,10.0,6.0,1,1095,供应商E,3,晴,15,正常,0,1
2026-03-26,P050,创可贴,应急用品,4,5.0,2.8,1,1095,供应商E,3,晴,15,正常,0,1
2026-03-27,P001,矿泉水,饮料,21,2.0,1.1,1,365,供应商A,1,晴,18,正常,0,1
2026-03-27,P002,桶装水,饮料,7,8.0,5.2,1,365,供应商A,1,晴,18,正常,0,1
2026-03-27,P003,可乐,饮料,12,3.5,2.2,0,270,供应商A,1,晴,18,正常,0,1
2026-03-27,P004,雪碧,饮料,14,3.5,2.2,0,270,供应商A,1,晴,18,正常,0,1
2026-03-27,P005,橙汁,饮料,8,5.0,3.2,0,180,供应商A,2,晴,18,正常,0,1
2026-03-27,P006,牛奶,乳品,13,3.5,2.4,1,7,供应商B,1,晴,18,正常,0,1
2026-03-27,P007,酸奶,乳品,9,5.0,3.3,0,14,供应商B,1,晴,18,正常,0,1
2026-03-27,P008,鸡蛋,生鲜,11,12.0,8.5,1,20,供应商B,1,晴,18,正常,0,1
2026-03-27,P009,大米5kg,粮油,3,35.0,28.0,1,365,供应商C,2,晴,18,正常,0,1
2026-03-27,P010,食用油5L,粮油,3,65.0,53.0,1,540,供应商C,2,晴,18,正常,0,1
2026-03-27,P011,挂面,粮油,6,8.0,5.5,1,365,供应商C,2,晴,18,正常,0,1
2026-03-27,P012,面粉2.5kg,粮油,4,18.0,14.0,1,365,供应商C,2,晴,18,正常,0,1
2026-03-27,P013,食盐,调味,4,2.5,1.4,1,730,供应商C,2,晴,18,正常,0,1
2026-03-27,P014,酱油,调味,6,8.0,5.6,1,540,供应商C,2,晴,18,正常,0,1
2026-03-27,P015,食醋,调味,3,6.0,4.0,1,540,供应商C,2,晴,18,正常,0,1
2026-03-27,P016,方便面红烧,方便食品,14,5.0,3.4,1,180,供应商D,1,晴,18,正常,0,1
2026-03-27,P017,方便面香辣,方便食品,9,5.0,3.4,0,180,供应商D,1,晴,18,正常,0,1
2026-03-27,P018,火腿肠,方便食品,12,3.0,1.9,0,180,供应商D,1,晴,18,正常,0,1
2026-03-27,P019,八宝粥,方便食品,7,6.0,4.1,0,365,供应商D,1,晴,18,正常,0,1
2026-03-27,P020,榨菜,方便食品,6,2.0,1.2,0,365,供应商D,1,晴,18,正常,0,1
2026-03-27,P021,面包,烘焙,13,6.0,3.8,0,5,供应商B,1,晴,18,正常,0,1
2026-03-27,P022,蛋糕,烘焙,4,8.0,5.2,0,4,供应商B,1,晴,18,正常,0,1
2026-03-27,P023,饼干,零食,9,7.0,4.4,0,270,供应商D,1,晴,18,正常,0,1
2026-03-27,P024,薯片,零食,13,6.0,3.8,0,180,供应商D,1,晴,18,正常,0,1
2026-03-27,P025,瓜子,零食,6,8.0,5.0,0,240,供应商D,1,晴,18,正常,0,1
2026-03-27,P026,花生,零食,6,7.0,4.3,0,240,供应商D,1,晴,18,正常,0,1
2026-03-27,P027,巧克力,零食,6,8.0,5.2,0,300,供应商D,2,晴,18,正常,0,1
2026-03-27,P028,棒棒糖,零食,10,1.0,0.5,0,365,供应商D,2,晴,18,正常,0,1
2026-03-27,P029,冰淇淋,冷饮,10,5.0,3.0,0,180,供应商A,1,晴,18,正常,0,1
2026-03-27,P030,雪糕,冷饮,12,3.0,1.7,0,180,供应商A,1,晴,18,正常,0,1
2026-03-27,P031,纸巾,日用品,8,5.0,3.2,1,1095,供应商E,2,晴,18,正常,0,1
2026-03-27,P032,卷纸,日用品,4,18.0,13.0,1,1095,供应商E,2,晴,18,正常,0,1
2026-03-27,P033,洗衣液,日用品,5,25.0,18.0,0,1095,供应商E,3,晴,18,正常,0,1
2026-03-27,P034,洗洁精,日用品,4,12.0,8.0,0,1095,供应商E,3,晴,18,正常,0,1
2026-03-27,P035,牙膏,日用品,2,12.0,8.5,0,1095,供应商E,3,晴,18,正常,0,1
2026-03-27,P036,牙刷,日用品,2,6.0,3.5,0,1095,供应商E,3,晴,18,正常,0,1
2026-03-27,P037,香皂,日用品,1,5.0,3.0,0,1095,供应商E,3,晴,18,正常,0,1
2026-03-27,P038,垃圾袋,日用品,4,8.0,5.0,0,1095,供应商E,3,晴,18,正常,0,1
2026-03-27,P039,电池,日用品,3,10.0,6.5,0,1095,供应商E,3,晴,18,正常,0,1
2026-03-27,P040,打火机,日用品,4,2.0,1.0,0,1095,供应商E,3,晴,18,正常,0,1
2026-03-27,P041,苹果,水果,9,8.0,5.0,0,10,供应商B,1,晴,18,正常,0,1
2026-03-27,P042,香蕉,水果,11,6.0,3.8,0,6,供应商B,1,晴,18,正常,0,1
2026-03-27,P043,橙子,水果,6,9.0,6.0,0,14,供应商B,1,晴,18,正常,0,1
2026-03-27,P044,西红柿,蔬菜,5,6.0,3.8,1,7,供应商B,1,晴,18,正常,0,1
2026-03-27,P045,土豆,蔬菜,8,5.0,3.0,1,30,供应商B,1,晴,18,正常,0,1
2026-03-27,P046,青菜,蔬菜,11,4.0,2.2,1,3,供应商B,1,晴,18,正常,0,1
2026-03-27,P047,火锅底料,调味,4,12.0,8.0,0,365,供应商C,2,晴,18,正常,0,1
2026-03-27,P048,速冻水饺,冷冻食品,6,18.0,12.5,0,180,供应商D,2,晴,18,正常,0,1
2026-03-27,P049,口罩10只,应急用品,2,10.0,6.0,1,1095,供应商E,3,晴,18,正常,0,1
2026-03-27,P050,创可贴,应急用品,5,5.0,2.8,1,1095,供应商E,3,晴,18,正常,0,1
2026-03-28,P001,矿泉水,饮料,22,2.0,1.1,1,365,供应商A,1,晴,18,正常,1,1
2026-03-28,P002,桶装水,饮料,7,8.0,5.2,1,365,供应商A,1,晴,18,正常,1,1
2026-03-28,P003,可乐,饮料,13,3.5,2.2,0,270,供应商A,1,晴,18,正常,1,1
2026-03-28,P004,雪碧,饮料,12,3.5,2.2,0,270,供应商A,1,晴,18,正常,1,1
2026-03-28,P005,橙汁,饮料,11,5.0,3.2,0,180,供应商A,2,晴,18,正常,1,1
2026-03-28,P006,牛奶,乳品,15,3.5,2.4,1,7,供应商B,1,晴,18,正常,1,1
2026-03-28,P007,酸奶,乳品,11,5.0,3.3,0,14,供应商B,1,晴,18,正常,1,1
2026-03-28,P008,鸡蛋,生鲜,14,12.0,8.5,1,20,供应商B,1,晴,18,正常,1,1
2026-03-28,P009,大米5kg,粮油,4,35.0,28.0,1,365,供应商C,2,晴,18,正常,1,1
2026-03-28,P010,食用油5L,粮油,5,65.0,53.0,1,540,供应商C,2,晴,18,正常,1,1
2026-03-28,P011,挂面,粮油,7,8.0,5.5,1,365,供应商C,2,晴,18,正常,1,1
2026-03-28,P012,面粉2.5kg,粮油,2,18.0,14.0,1,365,供应商C,2,晴,18,正常,1,1
2026-03-28,P013,食盐,调味,5,2.5,1.4,1,730,供应商C,2,晴,18,正常,1,1
2026-03-28,P014,酱油,调味,6,8.0,5.6,1,540,供应商C,2,晴,18,正常,1,1
2026-03-28,P015,食醋,调味,5,6.0,4.0,1,540,供应商C,2,晴,18,正常,1,1
2026-03-28,P016,方便面红烧,方便食品,12,5.0,3.4,1,180,供应商D,1,晴,18,正常,1,1
2026-03-28,P017,方便面香辣,方便食品,10,5.0,3.4,0,180,供应商D,1,晴,18,正常,1,1
2026-03-28,P018,火腿肠,方便食品,10,3.0,1.9,0,180,供应商D,1,晴,18,正常,1,1
2026-03-28,P019,八宝粥,方便食品,7,6.0,4.1,0,365,供应商D,1,晴,18,正常,1,1
2026-03-28,P020,榨菜,方便食品,5,2.0,1.2,0,365,供应商D,1,晴,18,正常,1,1
2026-03-28,P021,面包,烘焙,12,6.0,3.8,0,5,供应商B,1,晴,18,正常,1,1
2026-03-28,P022,蛋糕,烘焙,7,8.0,5.2,0,4,供应商B,1,晴,18,正常,1,1
2026-03-28,P023,饼干,零食,11,7.0,4.4,0,270,供应商D,1,晴,18,正常,1,1
2026-03-28,P024,薯片,零食,12,6.0,3.8,0,180,供应商D,1,晴,18,正常,1,1
2026-03-28,P025,瓜子,零食,6,8.0,5.0,0,240,供应商D,1,晴,18,正常,1,1
2026-03-28,P026,花生,零食,6,7.0,4.3,0,240,供应商D,1,晴,18,正常,1,1
2026-03-28,P027,巧克力,零食,6,8.0,5.2,0,300,供应商D,2,晴,18,正常,1,1
2026-03-28,P028,棒棒糖,零食,9,1.0,0.5,0,365,供应商D,2,晴,18,正常,1,1
2026-03-28,P029,冰淇淋,冷饮,13,5.0,3.0,0,180,供应商A,1,晴,18,正常,1,1
2026-03-28,P030,雪糕,冷饮,16,3.0,1.7,0,180,供应商A,1,晴,18,正常,1,1
2026-03-28,P031,纸巾,日用品,8,5.0,3.2,1,1095,供应商E,2,晴,18,正常,1,1
2026-03-28,P032,卷纸,日用品,4,18.0,13.0,1,1095,供应商E,2,晴,18,正常,1,1
2026-03-28,P033,洗衣液,日用品,3,25.0,18.0,0,1095,供应商E,3,晴,18,正常,1,1
2026-03-28,P034,洗洁精,日用品,5,12.0,8.0,0,1095,供应商E,3,晴,18,正常,1,1
2026-03-28,P035,牙膏,日用品,2,12.0,8.5,0,1095,供应商E,3,晴,18,正常,1,1
2026-03-28,P036,牙刷,日用品,4,6.0,3.5,0,1095,供应商E,3,晴,18,正常,1,1
2026-03-28,P037,香皂,日用品,4,5.0,3.0,0,1095,供应商E,3,晴,18,正常,1,1
2026-03-28,P038,垃圾袋,日用品,5,8.0,5.0,0,1095,供应商E,3,晴,18,正常,1,1
2026-03-28,P039,电池,日用品,3,10.0,6.5,0,1095,供应商E,3,晴,18,正常,1,1
2026-03-28,P040,打火机,日用品,4,2.0,1.0,0,1095,供应商E,3,晴,18,正常,1,1
2026-03-28,P041,苹果,水果,7,8.0,5.0,0,10,供应商B,1,晴,18,正常,1,1
2026-03-28,P042,香蕉,水果,10,6.0,3.8,0,6,供应商B,1,晴,18,正常,1,1
2026-03-28,P043,橙子,水果,8,9.0,6.0,0,14,供应商B,1,晴,18,正常,1,1
2026-03-28,P044,西红柿,蔬菜,6,6.0,3.8,1,7,供应商B,1,晴,18,正常,1,1
2026-03-28,P045,土豆,蔬菜,8,5.0,3.0,1,30,供应商B,1,晴,18,正常,1,1
2026-03-28,P046,青菜,蔬菜,13,4.0,2.2,1,3,供应商B,1,晴,18,正常,1,1
2026-03-28,P047,火锅底料,调味,4,12.0,8.0,0,365,供应商C,2,晴,18,正常,1,1
2026-03-28,P048,速冻水饺,冷冻食品,6,18.0,12.5,0,180,供应商D,2,晴,18,正常,1,1
2026-03-28,P049,口罩10只,应急用品,2,10.0,6.0,1,1095,供应商E,3,晴,18,正常,1,1
2026-03-28,P050,创可贴,应急用品,3,5.0,2.8,1,1095,供应商E,3,晴,18,正常,1,1
2026-03-29,P001,矿泉水,饮料,20,2.0,1.1,1,365,供应商A,1,晴,18,正常,1,1
2026-03-29,P002,桶装水,饮料,4,8.0,5.2,1,365,供应商A,1,晴,18,正常,1,1
2026-03-29,P003,可乐,饮料,20,3.5,2.2,0,270,供应商A,1,晴,18,正常,1,1
2026-03-29,P004,雪碧,饮料,12,3.5,2.2,0,270,供应商A,1,晴,18,正常,1,1
2026-03-29,P005,橙汁,饮料,8,5.0,3.2,0,180,供应商A,2,晴,18,正常,1,1
2026-03-29,P006,牛奶,乳品,12,3.5,2.4,1,7,供应商B,1,晴,18,正常,1,1
2026-03-29,P007,酸奶,乳品,8,5.0,3.3,0,14,供应商B,1,晴,18,正常,1,1
2026-03-29,P008,鸡蛋,生鲜,13,12.0,8.5,1,20,供应商B,1,晴,18,正常,1,1
2026-03-29,P009,大米5kg,粮油,4,35.0,28.0,1,365,供应商C,2,晴,18,正常,1,1
2026-03-29,P010,食用油5L,粮油,4,65.0,53.0,1,540,供应商C,2,晴,18,正常,1,1
2026-03-29,P011,挂面,粮油,8,8.0,5.5,1,365,供应商C,2,晴,18,正常,1,1
2026-03-29,P012,面粉2.5kg,粮油,5,18.0,14.0,1,365,供应商C,2,晴,18,正常,1,1
2026-03-29,P013,食盐,调味,6,2.5,1.4,1,730,供应商C,2,晴,18,正常,1,1
2026-03-29,P014,酱油,调味,7,8.0,5.6,1,540,供应商C,2,晴,18,正常,1,1
2026-03-29,P015,食醋,调味,3,6.0,4.0,1,540,供应商C,2,晴,18,正常,1,1
2026-03-29,P016,方便面红烧,方便食品,16,5.0,3.4,1,180,供应商D,1,晴,18,正常,1,1
2026-03-29,P017,方便面香辣,方便食品,13,5.0,3.4,0,180,供应商D,1,晴,18,正常,1,1
2026-03-29,P018,火腿肠,方便食品,13,3.0,1.9,0,180,供应商D,1,晴,18,正常,1,1
2026-03-29,P019,八宝粥,方便食品,6,6.0,4.1,0,365,供应商D,1,晴,18,正常,1,1
2026-03-29,P020,榨菜,方便食品,6,2.0,1.2,0,365,供应商D,1,晴,18,正常,1,1
2026-03-29,P021,面包,烘焙,16,6.0,3.8,0,5,供应商B,1,晴,18,正常,1,1
2026-03-29,P022,蛋糕,烘焙,8,8.0,5.2,0,4,供应商B,1,晴,18,正常,1,1
2026-03-29,P023,饼干,零食,10,7.0,4.4,0,270,供应商D,1,晴,18,正常,1,1
2026-03-29,P024,薯片,零食,11,6.0,3.8,0,180,供应商D,1,晴,18,正常,1,1
2026-03-29,P025,瓜子,零食,6,8.0,5.0,0,240,供应商D,1,晴,18,正常,1,1
2026-03-29,P026,花生,零食,7,7.0,4.3,0,240,供应商D,1,晴,18,正常,1,1
2026-03-29,P027,巧克力,零食,5,8.0,5.2,0,300,供应商D,2,晴,18,正常,1,1
2026-03-29,P028,棒棒糖,零食,10,1.0,0.5,0,365,供应商D,2,晴,18,正常,1,1
2026-03-29,P029,冰淇淋,冷饮,16,5.0,3.0,0,180,供应商A,1,晴,18,正常,1,1
2026-03-29,P030,雪糕,冷饮,17,3.0,1.7,0,180,供应商A,1,晴,18,正常,1,1
2026-03-29,P031,纸巾,日用品,10,5.0,3.2,1,1095,供应商E,2,晴,18,正常,1,1
2026-03-29,P032,卷纸,日用品,9,18.0,13.0,1,1095,供应商E,2,晴,18,正常,1,1
2026-03-29,P033,洗衣液,日用品,1,25.0,18.0,0,1095,供应商E,3,晴,18,正常,1,1
2026-03-29,P034,洗洁精,日用品,5,12.0,8.0,0,1095,供应商E,3,晴,18,正常,1,1
2026-03-29,P035,牙膏,日用品,3,12.0,8.5,0,1095,供应商E,3,晴,18,正常,1,1
2026-03-29,P036,牙刷,日用品,5,6.0,3.5,0,1095,供应商E,3,晴,18,正常,1,1
2026-03-29,P037,香皂,日用品,4,5.0,3.0,0,1095,供应商E,3,晴,18,正常,1,1
2026-03-29,P038,垃圾袋,日用品,5,8.0,5.0,0,1095,供应商E,3,晴,18,正常,1,1
2026-03-29,P039,电池,日用品,5,10.0,6.5,0,1095,供应商E,3,晴,18,正常,1,1
2026-03-29,P040,打火机,日用品,6,2.0,1.0,0,1095,供应商E,3,晴,18,正常,1,1
2026-03-29,P041,苹果,水果,10,8.0,5.0,0,10,供应商B,1,晴,18,正常,1,1
2026-03-29,P042,香蕉,水果,6,6.0,3.8,0,6,供应商B,1,晴,18,正常,1,1
2026-03-29,P043,橙子,水果,9,9.0,6.0,0,14,供应商B,1,晴,18,正常,1,1
2026-03-29,P044,西红柿,蔬菜,9,6.0,3.8,1,7,供应商B,1,晴,18,正常,1,1
2026-03-29,P045,土豆,蔬菜,9,5.0,3.0,1,30,供应商B,1,晴,18,正常,1,1
2026-03-29,P046,青菜,蔬菜,9,4.0,2.2,1,3,供应商B,1,晴,18,正常,1,1
2026-03-29,P047,火锅底料,调味,3,12.0,8.0,0,365,供应商C,2,晴,18,正常,1,1
2026-03-29,P048,速冻水饺,冷冻食品,6,18.0,12.5,0,180,供应商D,2,晴,18,正常,1,1
2026-03-29,P049,口罩10只,应急用品,3,10.0,6.0,1,1095,供应商E,3,晴,18,正常,1,1
2026-03-29,P050,创可贴,应急用品,4,5.0,2.8,1,1095,供应商E,3,晴,18,正常,1,1
2026-03-30,P001,矿泉水,饮料,28,2.0,1.1,1,365,供应商A,1,晴,19,正常,0,1
2026-03-30,P002,桶装水,饮料,4,8.0,5.2,1,365,供应商A,1,晴,19,正常,0,1
2026-03-30,P003,可乐,饮料,18,3.5,2.2,0,270,供应商A,1,晴,19,正常,0,1
2026-03-30,P004,雪碧,饮料,13,3.5,2.2,0,270,供应商A,1,晴,19,正常,0,1
2026-03-30,P005,橙汁,饮料,8,5.0,3.2,0,180,供应商A,2,晴,19,正常,0,1
2026-03-30,P006,牛奶,乳品,11,3.5,2.4,1,7,供应商B,1,晴,19,正常,0,1
2026-03-30,P007,酸奶,乳品,10,5.0,3.3,0,14,供应商B,1,晴,19,正常,0,1
2026-03-30,P008,鸡蛋,生鲜,7,12.0,8.5,1,20,供应商B,1,晴,19,正常,0,1
2026-03-30,P009,大米5kg,粮油,5,35.0,28.0,1,365,供应商C,2,晴,19,正常,0,1
2026-03-30,P010,食用油5L,粮油,1,65.0,53.0,1,540,供应商C,2,晴,19,正常,0,1
2026-03-30,P011,挂面,粮油,7,8.0,5.5,1,365,供应商C,2,晴,19,正常,0,1
2026-03-30,P012,面粉2.5kg,粮油,4,18.0,14.0,1,365,供应商C,2,晴,19,正常,0,1
2026-03-30,P013,食盐,调味,6,2.5,1.4,1,730,供应商C,2,晴,19,正常,0,1
2026-03-30,P014,酱油,调味,5,8.0,5.6,1,540,供应商C,2,晴,19,正常,0,1
2026-03-30,P015,食醋,调味,3,6.0,4.0,1,540,供应商C,2,晴,19,正常,0,1
2026-03-30,P016,方便面红烧,方便食品,14,5.0,3.4,1,180,供应商D,1,晴,19,正常,0,1
2026-03-30,P017,方便面香辣,方便食品,12,5.0,3.4,0,180,供应商D,1,晴,19,正常,0,1
2026-03-30,P018,火腿肠,方便食品,11,3.0,1.9,0,180,供应商D,1,晴,19,正常,0,1
2026-03-30,P019,八宝粥,方便食品,7,6.0,4.1,0,365,供应商D,1,晴,19,正常,0,1
2026-03-30,P020,榨菜,方便食品,6,2.0,1.2,0,365,供应商D,1,晴,19,正常,0,1
2026-03-30,P021,面包,烘焙,9,6.0,3.8,0,5,供应商B,1,晴,19,正常,0,1
2026-03-30,P022,蛋糕,烘焙,7,8.0,5.2,0,4,供应商B,1,晴,19,正常,0,1
2026-03-30,P023,饼干,零食,6,7.0,4.4,0,270,供应商D,1,晴,19,正常,0,1
2026-03-30,P024,薯片,零食,11,6.0,3.8,0,180,供应商D,1,晴,19,正常,0,1
2026-03-30,P025,瓜子,零食,6,8.0,5.0,0,240,供应商D,1,晴,19,正常,0,1
2026-03-30,P026,花生,零食,9,7.0,4.3,0,240,供应商D,1,晴,19,正常,0,1
2026-03-30,P027,巧克力,零食,4,8.0,5.2,0,300,供应商D,2,晴,19,正常,0,1
2026-03-30,P028,棒棒糖,零食,9,1.0,0.5,0,365,供应商D,2,晴,19,正常,0,1
2026-03-30,P029,冰淇淋,冷饮,18,5.0,3.0,0,180,供应商A,1,晴,19,正常,0,1
2026-03-30,P030,雪糕,冷饮,20,3.0,1.7,0,180,供应商A,1,晴,19,正常,0,1
2026-03-30,P031,纸巾,日用品,7,5.0,3.2,1,1095,供应商E,2,晴,19,正常,0,1
2026-03-30,P032,卷纸,日用品,5,18.0,13.0,1,1095,供应商E,2,晴,19,正常,0,1
2026-03-30,P033,洗衣液,日用品,3,25.0,18.0,0,1095,供应商E,3,晴,19,正常,0,1
2026-03-30,P034,洗洁精,日用品,4,12.0,8.0,0,1095,供应商E,3,晴,19,正常,0,1
2026-03-30,P035,牙膏,日用品,3,12.0,8.5,0,1095,供应商E,3,晴,19,正常,0,1
2026-03-30,P036,牙刷,日用品,4,6.0,3.5,0,1095,供应商E,3,晴,19,正常,0,1
2026-03-30,P037,香皂,日用品,2,5.0,3.0,0,1095,供应商E,3,晴,19,正常,0,1
2026-03-30,P038,垃圾袋,日用品,4,8.0,5.0,0,1095,供应商E,3,晴,19,正常,0,1
2026-03-30,P039,电池,日用品,4,10.0,6.5,0,1095,供应商E,3,晴,19,正常,0,1
2026-03-30,P040,打火机,日用品,5,2.0,1.0,0,1095,供应商E,3,晴,19,正常,0,1
2026-03-30,P041,苹果,水果,6,8.0,5.0,0,10,供应商B,1,晴,19,正常,0,1
2026-03-30,P042,香蕉,水果,10,6.0,3.8,0,6,供应商B,1,晴,19,正常,0,1
2026-03-30,P043,橙子,水果,6,9.0,6.0,0,14,供应商B,1,晴,19,正常,0,1
2026-03-30,P044,西红柿,蔬菜,7,6.0,3.8,1,7,供应商B,1,晴,19,正常,0,1
2026-03-30,P045,土豆,蔬菜,7,5.0,3.0,1,30,供应商B,1,晴,19,正常,0,1
2026-03-30,P046,青菜,蔬菜,8,4.0,2.2,1,3,供应商B,1,晴,19,正常,0,1
2026-03-30,P047,火锅底料,调味,3,12.0,8.0,0,365,供应商C,2,晴,19,正常,0,1
2026-03-30,P048,速冻水饺,冷冻食品,4,18.0,12.5,0,180,供应商D,2,晴,19,正常,0,1
2026-03-30,P049,口罩10只,应急用品,4,10.0,6.0,1,1095,供应商E,3,晴,19,正常,0,1
2026-03-30,P050,创可贴,应急用品,2,5.0,2.8,1,1095,供应商E,3,晴,19,正常,0,1
2026-03-31,P001,矿泉水,饮料,26,2.0,1.1,1,365,供应商A,1,晴,24,正常,0,1
2026-03-31,P002,桶装水,饮料,5,8.0,5.2,1,365,供应商A,1,晴,24,正常,0,1
2026-03-31,P003,可乐,饮料,17,3.5,2.2,0,270,供应商A,1,晴,24,正常,0,1
2026-03-31,P004,雪碧,饮料,13,3.5,2.2,0,270,供应商A,1,晴,24,正常,0,1
2026-03-31,P005,橙汁,饮料,9,5.0,3.2,0,180,供应商A,2,晴,24,正常,0,1
2026-03-31,P006,牛奶,乳品,13,3.5,2.4,1,7,供应商B,1,晴,24,正常,0,1
2026-03-31,P007,酸奶,乳品,7,5.0,3.3,0,14,供应商B,1,晴,24,正常,0,1
2026-03-31,P008,鸡蛋,生鲜,9,12.0,8.5,1,20,供应商B,1,晴,24,正常,0,1
2026-03-31,P009,大米5kg,粮油,3,35.0,28.0,1,365,供应商C,2,晴,24,正常,0,1
2026-03-31,P010,食用油5L,粮油,2,65.0,53.0,1,540,供应商C,2,晴,24,正常,0,1
2026-03-31,P011,挂面,粮油,7,8.0,5.5,1,365,供应商C,2,晴,24,正常,0,1
2026-03-31,P012,面粉2.5kg,粮油,3,18.0,14.0,1,365,供应商C,2,晴,24,正常,0,1
2026-03-31,P013,食盐,调味,8,2.5,1.4,1,730,供应商C,2,晴,24,正常,0,1
2026-03-31,P014,酱油,调味,3,8.0,5.6,1,540,供应商C,2,晴,24,正常,0,1
2026-03-31,P015,食醋,调味,4,6.0,4.0,1,540,供应商C,2,晴,24,正常,0,1
2026-03-31,P016,方便面红烧,方便食品,12,5.0,3.4,1,180,供应商D,1,晴,24,正常,0,1
2026-03-31,P017,方便面香辣,方便食品,9,5.0,3.4,0,180,供应商D,1,晴,24,正常,0,1
2026-03-31,P018,火腿肠,方便食品,10,3.0,1.9,0,180,供应商D,1,晴,24,正常,0,1
2026-03-31,P019,八宝粥,方便食品,4,6.0,4.1,0,365,供应商D,1,晴,24,正常,0,1
2026-03-31,P020,榨菜,方便食品,6,2.0,1.2,0,365,供应商D,1,晴,24,正常,0,1
2026-03-31,P021,面包,烘焙,16,6.0,3.8,0,5,供应商B,1,晴,24,正常,0,1
2026-03-31,P022,蛋糕,烘焙,6,8.0,5.2,0,4,供应商B,1,晴,24,正常,0,1
2026-03-31,P023,饼干,零食,9,7.0,4.4,0,270,供应商D,1,晴,24,正常,0,1
2026-03-31,P024,薯片,零食,12,6.0,3.8,0,180,供应商D,1,晴,24,正常,0,1
2026-03-31,P025,瓜子,零食,6,8.0,5.0,0,240,供应商D,1,晴,24,正常,0,1
2026-03-31,P026,花生,零食,5,7.0,4.3,0,240,供应商D,1,晴,24,正常,0,1
2026-03-31,P027,巧克力,零食,2,8.0,5.2,0,300,供应商D,2,晴,24,正常,0,1
2026-03-31,P028,棒棒糖,零食,10,1.0,0.5,0,365,供应商D,2,晴,24,正常,0,1
2026-03-31,P029,冰淇淋,冷饮,14,5.0,3.0,0,180,供应商A,1,晴,24,正常,0,1
2026-03-31,P030,雪糕,冷饮,14,3.0,1.7,0,180,供应商A,1,晴,24,正常,0,1
2026-03-31,P031,纸巾,日用品,8,5.0,3.2,1,1095,供应商E,2,晴,24,正常,0,1
2026-03-31,P032,卷纸,日用品,4,18.0,13.0,1,1095,供应商E,2,晴,24,正常,0,1
2026-03-31,P033,洗衣液,日用品,2,25.0,18.0,0,1095,供应商E,3,晴,24,正常,0,1
2026-03-31,P034,洗洁精,日用品,5,12.0,8.0,0,1095,供应商E,3,晴,24,正常,0,1
2026-03-31,P035,牙膏,日用品,2,12.0,8.5,0,1095,供应商E,3,晴,24,正常,0,1
2026-03-31,P036,牙刷,日用品,5,6.0,3.5,0,1095,供应商E,3,晴,24,正常,0,1
2026-03-31,P037,香皂,日用品,2,5.0,3.0,0,1095,供应商E,3,晴,24,正常,0,1
2026-03-31,P038,垃圾袋,日用品,3,8.0,5.0,0,1095,供应商E,3,晴,24,正常,0,1
2026-03-31,P039,电池,日用品,5,10.0,6.5,0,1095,供应商E,3,晴,24,正常,0,1
2026-03-31,P040,打火机,日用品,6,2.0,1.0,0,1095,供应商E,3,晴,24,正常,0,1
2026-03-31,P041,苹果,水果,8,8.0,5.0,0,10,供应商B,1,晴,24,正常,0,1
2026-03-31,P042,香蕉,水果,8,6.0,3.8,0,6,供应商B,1,晴,24,正常,0,1
2026-03-31,P043,橙子,水果,5,9.0,6.0,0,14,供应商B,1,晴,24,正常,0,1
2026-03-31,P044,西红柿,蔬菜,8,6.0,3.8,1,7,供应商B,1,晴,24,正常,0,1
2026-03-31,P045,土豆,蔬菜,7,5.0,3.0,1,30,供应商B,1,晴,24,正常,0,1
2026-03-31,P046,青菜,蔬菜,10,4.0,2.2,1,3,供应商B,1,晴,24,正常,0,1
2026-03-31,P047,火锅底料,调味,4,12.0,8.0,0,365,供应商C,2,晴,24,正常,0,1
2026-03-31,P048,速冻水饺,冷冻食品,5,18.0,12.5,0,180,供应商D,2,晴,24,正常,0,1
2026-03-31,P049,口罩10只,应急用品,1,10.0,6.0,1,1095,供应商E,3,晴,24,正常,0,1
2026-03-31,P050,创可贴,应急用品,2,5.0,2.8,1,1095,供应商E,3,晴,24,正常,0,1
2026-04-01,P001,矿泉水,饮料,28,2.0,1.1,1,365,供应商A,1,晴,17,正常,0,1
2026-04-01,P002,桶装水,饮料,4,8.0,5.2,1,365,供应商A,1,晴,17,正常,0,1
2026-04-01,P003,可乐,饮料,16,3.5,2.2,0,270,供应商A,1,晴,17,正常,0,1
2026-04-01,P004,雪碧,饮料,11,3.5,2.2,0,270,供应商A,1,晴,17,正常,0,1
2026-04-01,P005,橙汁,饮料,8,5.0,3.2,0,180,供应商A,2,晴,17,正常,0,1
2026-04-01,P006,牛奶,乳品,13,3.5,2.4,1,7,供应商B,1,晴,17,正常,0,1
2026-04-01,P007,酸奶,乳品,11,5.0,3.3,0,14,供应商B,1,晴,17,正常,0,1
2026-04-01,P008,鸡蛋,生鲜,13,12.0,8.5,1,20,供应商B,1,晴,17,正常,0,1
2026-04-01,P009,大米5kg,粮油,2,35.0,28.0,1,365,供应商C,2,晴,17,正常,0,1
2026-04-01,P010,食用油5L,粮油,4,65.0,53.0,1,540,供应商C,2,晴,17,正常,0,1
2026-04-01,P011,挂面,粮油,6,8.0,5.5,1,365,供应商C,2,晴,17,正常,0,1
2026-04-01,P012,面粉2.5kg,粮油,3,18.0,14.0,1,365,供应商C,2,晴,17,正常,0,1
2026-04-01,P013,食盐,调味,5,2.5,1.4,1,730,供应商C,2,晴,17,正常,0,1
2026-04-01,P014,酱油,调味,4,8.0,5.6,1,540,供应商C,2,晴,17,正常,0,1
2026-04-01,P015,食醋,调味,5,6.0,4.0,1,540,供应商C,2,晴,17,正常,0,1
2026-04-01,P016,方便面红烧,方便食品,13,5.0,3.4,1,180,供应商D,1,晴,17,正常,0,1
2026-04-01,P017,方便面香辣,方便食品,9,5.0,3.4,0,180,供应商D,1,晴,17,正常,0,1
2026-04-01,P018,火腿肠,方便食品,9,3.0,1.9,0,180,供应商D,1,晴,17,正常,0,1
2026-04-01,P019,八宝粥,方便食品,6,6.0,4.1,0,365,供应商D,1,晴,17,正常,0,1
2026-04-01,P020,榨菜,方便食品,7,2.0,1.2,0,365,供应商D,1,晴,17,正常,0,1
2026-04-01,P021,面包,烘焙,13,6.0,3.8,0,5,供应商B,1,晴,17,正常,0,1
2026-04-01,P022,蛋糕,烘焙,9,8.0,5.2,0,4,供应商B,1,晴,17,正常,0,1
2026-04-01,P023,饼干,零食,12,7.0,4.4,0,270,供应商D,1,晴,17,正常,0,1
2026-04-01,P024,薯片,零食,8,6.0,3.8,0,180,供应商D,1,晴,17,正常,0,1
2026-04-01,P025,瓜子,零食,6,8.0,5.0,0,240,供应商D,1,晴,17,正常,0,1
2026-04-01,P026,花生,零食,5,7.0,4.3,0,240,供应商D,1,晴,17,正常,0,1
2026-04-01,P027,巧克力,零食,4,8.0,5.2,0,300,供应商D,2,晴,17,正常,0,1
2026-04-01,P028,棒棒糖,零食,8,1.0,0.5,0,365,供应商D,2,晴,17,正常,0,1
2026-04-01,P029,冰淇淋,冷饮,12,5.0,3.0,0,180,供应商A,1,晴,17,正常,0,1
2026-04-01,P030,雪糕,冷饮,14,3.0,1.7,0,180,供应商A,1,晴,17,正常,0,1
2026-04-01,P031,纸巾,日用品,8,5.0,3.2,1,1095,供应商E,2,晴,17,正常,0,1
2026-04-01,P032,卷纸,日用品,4,18.0,13.0,1,1095,供应商E,2,晴,17,正常,0,1
2026-04-01,P033,洗衣液,日用品,4,25.0,18.0,0,1095,供应商E,3,晴,17,正常,0,1
2026-04-01,P034,洗洁精,日用品,3,12.0,8.0,0,1095,供应商E,3,晴,17,正常,0,1
2026-04-01,P035,牙膏,日用品,7,12.0,8.5,0,1095,供应商E,3,晴,17,正常,0,1
2026-04-01,P036,牙刷,日用品,3,6.0,3.5,0,1095,供应商E,3,晴,17,正常,0,1
2026-04-01,P037,香皂,日用品,4,5.0,3.0,0,1095,供应商E,3,晴,17,正常,0,1
2026-04-01,P038,垃圾袋,日用品,2,8.0,5.0,0,1095,供应商E,3,晴,17,正常,0,1
2026-04-01,P039,电池,日用品,5,10.0,6.5,0,1095,供应商E,3,晴,17,正常,0,1
2026-04-01,P040,打火机,日用品,6,2.0,1.0,0,1095,供应商E,3,晴,17,正常,0,1
2026-04-01,P041,苹果,水果,8,8.0,5.0,0,10,供应商B,1,晴,17,正常,0,1
2026-04-01,P042,香蕉,水果,7,6.0,3.8,0,6,供应商B,1,晴,17,正常,0,1
2026-04-01,P043,橙子,水果,6,9.0,6.0,0,14,供应商B,1,晴,17,正常,0,1
2026-04-01,P044,西红柿,蔬菜,7,6.0,3.8,1,7,供应商B,1,晴,17,正常,0,1
2026-04-01,P045,土豆,蔬菜,9,5.0,3.0,1,30,供应商B,1,晴,17,正常,0,1
2026-04-01,P046,青菜,蔬菜,11,4.0,2.2,1,3,供应商B,1,晴,17,正常,0,1
2026-04-01,P047,火锅底料,调味,4,12.0,8.0,0,365,供应商C,2,晴,17,正常,0,1
2026-04-01,P048,速冻水饺,冷冻食品,2,18.0,12.5,0,180,供应商D,2,晴,17,正常,0,1
2026-04-01,P049,口罩10只,应急用品,2,10.0,6.0,1,1095,供应商E,3,晴,17,正常,0,1
2026-04-01,P050,创可贴,应急用品,4,5.0,2.8,1,1095,供应商E,3,晴,17,正常,0,1
2026-04-02,P001,矿泉水,饮料,29,2.0,1.1,1,365,供应商A,1,晴,17,正常,0,1
2026-04-02,P002,桶装水,饮料,7,8.0,5.2,1,365,供应商A,1,晴,17,正常,0,1
2026-04-02,P003,可乐,饮料,12,3.5,2.2,0,270,供应商A,1,晴,17,正常,0,1
2026-04-02,P004,雪碧,饮料,14,3.5,2.2,0,270,供应商A,1,晴,17,正常,0,1
2026-04-02,P005,橙汁,饮料,9,5.0,3.2,0,180,供应商A,2,晴,17,正常,0,1
2026-04-02,P006,牛奶,乳品,10,3.5,2.4,1,7,供应商B,1,晴,17,正常,0,1
2026-04-02,P007,酸奶,乳品,9,5.0,3.3,0,14,供应商B,1,晴,17,正常,0,1
2026-04-02,P008,鸡蛋,生鲜,13,12.0,8.5,1,20,供应商B,1,晴,17,正常,0,1
2026-04-02,P009,大米5kg,粮油,4,35.0,28.0,1,365,供应商C,2,晴,17,正常,0,1
2026-04-02,P010,食用油5L,粮油,1,65.0,53.0,1,540,供应商C,2,晴,17,正常,0,1
2026-04-02,P011,挂面,粮油,7,8.0,5.5,1,365,供应商C,2,晴,17,正常,0,1
2026-04-02,P012,面粉2.5kg,粮油,4,18.0,14.0,1,365,供应商C,2,晴,17,正常,0,1
2026-04-02,P013,食盐,调味,5,2.5,1.4,1,730,供应商C,2,晴,17,正常,0,1
2026-04-02,P014,酱油,调味,4,8.0,5.6,1,540,供应商C,2,晴,17,正常,0,1
2026-04-02,P015,食醋,调味,3,6.0,4.0,1,540,供应商C,2,晴,17,正常,0,1
2026-04-02,P016,方便面红烧,方便食品,15,5.0,3.4,1,180,供应商D,1,晴,17,正常,0,1
2026-04-02,P017,方便面香辣,方便食品,11,5.0,3.4,0,180,供应商D,1,晴,17,正常,0,1
2026-04-02,P018,火腿肠,方便食品,10,3.0,1.9,0,180,供应商D,1,晴,17,正常,0,1
2026-04-02,P019,八宝粥,方便食品,7,6.0,4.1,0,365,供应商D,1,晴,17,正常,0,1
2026-04-02,P020,榨菜,方便食品,6,2.0,1.2,0,365,供应商D,1,晴,17,正常,0,1
2026-04-02,P021,面包,烘焙,8,6.0,3.8,0,5,供应商B,1,晴,17,正常,0,1
2026-04-02,P022,蛋糕,烘焙,8,8.0,5.2,0,4,供应商B,1,晴,17,正常,0,1
2026-04-02,P023,饼干,零食,9,7.0,4.4,0,270,供应商D,1,晴,17,正常,0,1
2026-04-02,P024,薯片,零食,10,6.0,3.8,0,180,供应商D,1,晴,17,正常,0,1
2026-04-02,P025,瓜子,零食,7,8.0,5.0,0,240,供应商D,1,晴,17,正常,0,1
2026-04-02,P026,花生,零食,4,7.0,4.3,0,240,供应商D,1,晴,17,正常,0,1
2026-04-02,P027,巧克力,零食,3,8.0,5.2,0,300,供应商D,2,晴,17,正常,0,1
2026-04-02,P028,棒棒糖,零食,9,1.0,0.5,0,365,供应商D,2,晴,17,正常,0,1
2026-04-02,P029,冰淇淋,冷饮,14,5.0,3.0,0,180,供应商A,1,晴,17,正常,0,1
2026-04-02,P030,雪糕,冷饮,17,3.0,1.7,0,180,供应商A,1,晴,17,正常,0,1
2026-04-02,P031,纸巾,日用品,7,5.0,3.2,1,1095,供应商E,2,晴,17,正常,0,1
2026-04-02,P032,卷纸,日用品,6,18.0,13.0,1,1095,供应商E,2,晴,17,正常,0,1
2026-04-02,P033,洗衣液,日用品,4,25.0,18.0,0,1095,供应商E,3,晴,17,正常,0,1
2026-04-02,P034,洗洁精,日用品,5,12.0,8.0,0,1095,供应商E,3,晴,17,正常,0,1
2026-04-02,P035,牙膏,日用品,4,12.0,8.5,0,1095,供应商E,3,晴,17,正常,0,1
2026-04-02,P036,牙刷,日用品,1,6.0,3.5,0,1095,供应商E,3,晴,17,正常,0,1
2026-04-02,P037,香皂,日用品,5,5.0,3.0,0,1095,供应商E,3,晴,17,正常,0,1
2026-04-02,P038,垃圾袋,日用品,5,8.0,5.0,0,1095,供应商E,3,晴,17,正常,0,1
2026-04-02,P039,电池,日用品,4,10.0,6.5,0,1095,供应商E,3,晴,17,正常,0,1
2026-04-02,P040,打火机,日用品,4,2.0,1.0,0,1095,供应商E,3,晴,17,正常,0,1
2026-04-02,P041,苹果,水果,9,8.0,5.0,0,10,供应商B,1,晴,17,正常,0,1
2026-04-02,P042,香蕉,水果,10,6.0,3.8,0,6,供应商B,1,晴,17,正常,0,1
2026-04-02,P043,橙子,水果,8,9.0,6.0,0,14,供应商B,1,晴,17,正常,0,1
2026-04-02,P044,西红柿,蔬菜,7,6.0,3.8,1,7,供应商B,1,晴,17,正常,0,1
2026-04-02,P045,土豆,蔬菜,7,5.0,3.0,1,30,供应商B,1,晴,17,正常,0,1
2026-04-02,P046,青菜,蔬菜,11,4.0,2.2,1,3,供应商B,1,晴,17,正常,0,1
2026-04-02,P047,火锅底料,调味,4,12.0,8.0,0,365,供应商C,2,晴,17,正常,0,1
2026-04-02,P048,速冻水饺,冷冻食品,4,18.0,12.5,0,180,供应商D,2,晴,17,正常,0,1
2026-04-02,P049,口罩10只,应急用品,3,10.0,6.0,1,1095,供应商E,3,晴,17,正常,0,1
2026-04-02,P050,创可贴,应急用品,4,5.0,2.8,1,1095,供应商E,3,晴,17,正常,0,1
2026-04-03,P001,矿泉水,饮料,24,2.0,1.1,1,365,供应商A,1,晴,16,正常,0,1
2026-04-03,P002,桶装水,饮料,6,8.0,5.2,1,365,供应商A,1,晴,16,正常,0,1
2026-04-03,P003,可乐,饮料,15,3.5,2.2,0,270,供应商A,1,晴,16,正常,0,1
2026-04-03,P004,雪碧,饮料,16,3.5,2.2,0,270,供应商A,1,晴,16,正常,0,1
2026-04-03,P005,橙汁,饮料,7,5.0,3.2,0,180,供应商A,2,晴,16,正常,0,1
2026-04-03,P006,牛奶,乳品,13,3.5,2.4,1,7,供应商B,1,晴,16,正常,0,1
2026-04-03,P007,酸奶,乳品,9,5.0,3.3,0,14,供应商B,1,晴,16,正常,0,1
2026-04-03,P008,鸡蛋,生鲜,14,12.0,8.5,1,20,供应商B,1,晴,16,正常,0,1
2026-04-03,P009,大米5kg,粮油,2,35.0,28.0,1,365,供应商C,2,晴,16,正常,0,1
2026-04-03,P010,食用油5L,粮油,1,65.0,53.0,1,540,供应商C,2,晴,16,正常,0,1
2026-04-03,P011,挂面,粮油,5,8.0,5.5,1,365,供应商C,2,晴,16,正常,0,1
2026-04-03,P012,面粉2.5kg,粮油,4,18.0,14.0,1,365,供应商C,2,晴,16,正常,0,1
2026-04-03,P013,食盐,调味,4,2.5,1.4,1,730,供应商C,2,晴,16,正常,0,1
2026-04-03,P014,酱油,调味,5,8.0,5.6,1,540,供应商C,2,晴,16,正常,0,1
2026-04-03,P015,食醋,调味,5,6.0,4.0,1,540,供应商C,2,晴,16,正常,0,1
2026-04-03,P016,方便面红烧,方便食品,13,5.0,3.4,1,180,供应商D,1,晴,16,正常,0,1
2026-04-03,P017,方便面香辣,方便食品,10,5.0,3.4,0,180,供应商D,1,晴,16,正常,0,1
2026-04-03,P018,火腿肠,方便食品,10,3.0,1.9,0,180,供应商D,1,晴,16,正常,0,1
2026-04-03,P019,八宝粥,方便食品,8,6.0,4.1,0,365,供应商D,1,晴,16,正常,0,1
2026-04-03,P020,榨菜,方便食品,7,2.0,1.2,0,365,供应商D,1,晴,16,正常,0,1
2026-04-03,P021,面包,烘焙,11,6.0,3.8,0,5,供应商B,1,晴,16,正常,0,1
2026-04-03,P022,蛋糕,烘焙,7,8.0,5.2,0,4,供应商B,1,晴,16,正常,0,1
2026-04-03,P023,饼干,零食,11,7.0,4.4,0,270,供应商D,1,晴,16,正常,0,1
2026-04-03,P024,薯片,零食,11,6.0,3.8,0,180,供应商D,1,晴,16,正常,0,1
2026-04-03,P025,瓜子,零食,4,8.0,5.0,0,240,供应商D,1,晴,16,正常,0,1
2026-04-03,P026,花生,零食,7,7.0,4.3,0,240,供应商D,1,晴,16,正常,0,1
2026-04-03,P027,巧克力,零食,4,8.0,5.2,0,300,供应商D,2,晴,16,正常,0,1
2026-04-03,P028,棒棒糖,零食,11,1.0,0.5,0,365,供应商D,2,晴,16,正常,0,1
2026-04-03,P029,冰淇淋,冷饮,16,5.0,3.0,0,180,供应商A,1,晴,16,正常,0,1
2026-04-03,P030,雪糕,冷饮,18,3.0,1.7,0,180,供应商A,1,晴,16,正常,0,1
2026-04-03,P031,纸巾,日用品,8,5.0,3.2,1,1095,供应商E,2,晴,16,正常,0,1
2026-04-03,P032,卷纸,日用品,5,18.0,13.0,1,1095,供应商E,2,晴,16,正常,0,1
2026-04-03,P033,洗衣液,日用品,4,25.0,18.0,0,1095,供应商E,3,晴,16,正常,0,1
2026-04-03,P034,洗洁精,日用品,4,12.0,8.0,0,1095,供应商E,3,晴,16,正常,0,1
2026-04-03,P035,牙膏,日用品,4,12.0,8.5,0,1095,供应商E,3,晴,16,正常,0,1
2026-04-03,P036,牙刷,日用品,5,6.0,3.5,0,1095,供应商E,3,晴,16,正常,0,1
2026-04-03,P037,香皂,日用品,3,5.0,3.0,0,1095,供应商E,3,晴,16,正常,0,1
2026-04-03,P038,垃圾袋,日用品,3,8.0,5.0,0,1095,供应商E,3,晴,16,正常,0,1
2026-04-03,P039,电池,日用品,2,10.0,6.5,0,1095,供应商E,3,晴,16,正常,0,1
2026-04-03,P040,打火机,日用品,4,2.0,1.0,0,1095,供应商E,3,晴,16,正常,0,1
2026-04-03,P041,苹果,水果,6,8.0,5.0,0,10,供应商B,1,晴,16,正常,0,1
2026-04-03,P042,香蕉,水果,10,6.0,3.8,0,6,供应商B,1,晴,16,正常,0,1
2026-04-03,P043,橙子,水果,8,9.0,6.0,0,14,供应商B,1,晴,16,正常,0,1
2026-04-03,P044,西红柿,蔬菜,10,6.0,3.8,1,7,供应商B,1,晴,16,正常,0,1
2026-04-03,P045,土豆,蔬菜,5,5.0,3.0,1,30,供应商B,1,晴,16,正常,0,1
2026-04-03,P046,青菜,蔬菜,11,4.0,2.2,1,3,供应商B,1,晴,16,正常,0,1
2026-04-03,P047,火锅底料,调味,6,12.0,8.0,0,365,供应商C,2,晴,16,正常,0,1
2026-04-03,P048,速冻水饺,冷冻食品,4,18.0,12.5,0,180,供应商D,2,晴,16,正常,0,1
2026-04-03,P049,口罩10只,应急用品,3,10.0,6.0,1,1095,供应商E,3,晴,16,正常,0,1
2026-04-03,P050,创可贴,应急用品,1,5.0,2.8,1,1095,供应商E,3,晴,16,正常,0,1
2026-04-04,P001,矿泉水,饮料,28,2.0,1.1,1,365,供应商A,1,晴,21,正常,1,1
2026-04-04,P002,桶装水,饮料,5,8.0,5.2,1,365,供应商A,1,晴,21,正常,1,1
2026-04-04,P003,可乐,饮料,18,3.5,2.2,0,270,供应商A,1,晴,21,正常,1,1
2026-04-04,P004,雪碧,饮料,11,3.5,2.2,0,270,供应商A,1,晴,21,正常,1,1
2026-04-04,P005,橙汁,饮料,10,5.0,3.2,0,180,供应商A,2,晴,21,正常,1,1
2026-04-04,P006,牛奶,乳品,18,3.5,2.4,1,7,供应商B,1,晴,21,正常,1,1
2026-04-04,P007,酸奶,乳品,9,5.0,3.3,0,14,供应商B,1,晴,21,正常,1,1
2026-04-04,P008,鸡蛋,生鲜,11,12.0,8.5,1,20,供应商B,1,晴,21,正常,1,1
2026-04-04,P009,大米5kg,粮油,2,35.0,28.0,1,365,供应商C,2,晴,21,正常,1,1
2026-04-04,P010,食用油5L,粮油,3,65.0,53.0,1,540,供应商C,2,晴,21,正常,1,1
2026-04-04,P011,挂面,粮油,7,8.0,5.5,1,365,供应商C,2,晴,21,正常,1,1
2026-04-04,P012,面粉2.5kg,粮油,3,18.0,14.0,1,365,供应商C,2,晴,21,正常,1,1
2026-04-04,P013,食盐,调味,6,2.5,1.4,1,730,供应商C,2,晴,21,正常,1,1
2026-04-04,P014,酱油,调味,5,8.0,5.6,1,540,供应商C,2,晴,21,正常,1,1
2026-04-04,P015,食醋,调味,3,6.0,4.0,1,540,供应商C,2,晴,21,正常,1,1
2026-04-04,P016,方便面红烧,方便食品,15,5.0,3.4,1,180,供应商D,1,晴,21,正常,1,1
2026-04-04,P017,方便面香辣,方便食品,13,5.0,3.4,0,180,供应商D,1,晴,21,正常,1,1
2026-04-04,P018,火腿肠,方便食品,12,3.0,1.9,0,180,供应商D,1,晴,21,正常,1,1
2026-04-04,P019,八宝粥,方便食品,8,6.0,4.1,0,365,供应商D,1,晴,21,正常,1,1
2026-04-04,P020,榨菜,方便食品,7,2.0,1.2,0,365,供应商D,1,晴,21,正常,1,1
2026-04-04,P021,面包,烘焙,11,6.0,3.8,0,5,供应商B,1,晴,21,正常,1,1
2026-04-04,P022,蛋糕,烘焙,8,8.0,5.2,0,4,供应商B,1,晴,21,正常,1,1
2026-04-04,P023,饼干,零食,10,7.0,4.4,0,270,供应商D,1,晴,21,正常,1,1
2026-04-04,P024,薯片,零食,10,6.0,3.8,0,180,供应商D,1,晴,21,正常,1,1
2026-04-04,P025,瓜子,零食,7,8.0,5.0,0,240,供应商D,1,晴,21,正常,1,1
2026-04-04,P026,花生,零食,6,7.0,4.3,0,240,供应商D,1,晴,21,正常,1,1
2026-04-04,P027,巧克力,零食,6,8.0,5.2,0,300,供应商D,2,晴,21,正常,1,1
2026-04-04,P028,棒棒糖,零食,11,1.0,0.5,0,365,供应商D,2,晴,21,正常,1,1
2026-04-04,P029,冰淇淋,冷饮,8,5.0,3.0,0,180,供应商A,1,晴,21,正常,1,1
2026-04-04,P030,雪糕,冷饮,22,3.0,1.7,0,180,供应商A,1,晴,21,正常,1,1
2026-04-04,P031,纸巾,日用品,5,5.0,3.2,1,1095,供应商E,2,晴,21,正常,1,1
2026-04-04,P032,卷纸,日用品,5,18.0,13.0,1,1095,供应商E,2,晴,21,正常,1,1
2026-04-04,P033,洗衣液,日用品,5,25.0,18.0,0,1095,供应商E,3,晴,21,正常,1,1
2026-04-04,P034,洗洁精,日用品,4,12.0,8.0,0,1095,供应商E,3,晴,21,正常,1,1
2026-04-04,P035,牙膏,日用品,3,12.0,8.5,0,1095,供应商E,3,晴,21,正常,1,1
2026-04-04,P036,牙刷,日用品,3,6.0,3.5,0,1095,供应商E,3,晴,21,正常,1,1
2026-04-04,P037,香皂,日用品,6,5.0,3.0,0,1095,供应商E,3,晴,21,正常,1,1
2026-04-04,P038,垃圾袋,日用品,2,8.0,5.0,0,1095,供应商E,3,晴,21,正常,1,1
2026-04-04,P039,电池,日用品,5,10.0,6.5,0,1095,供应商E,3,晴,21,正常,1,1
2026-04-04,P040,打火机,日用品,5,2.0,1.0,0,1095,供应商E,3,晴,21,正常,1,1
2026-04-04,P041,苹果,水果,7,8.0,5.0,0,10,供应商B,1,晴,21,正常,1,1
2026-04-04,P042,香蕉,水果,9,6.0,3.8,0,6,供应商B,1,晴,21,正常,1,1
2026-04-04,P043,橙子,水果,5,9.0,6.0,0,14,供应商B,1,晴,21,正常,1,1
2026-04-04,P044,西红柿,蔬菜,10,6.0,3.8,1,7,供应商B,1,晴,21,正常,1,1
2026-04-04,P045,土豆,蔬菜,9,5.0,3.0,1,30,供应商B,1,晴,21,正常,1,1
2026-04-04,P046,青菜,蔬菜,8,4.0,2.2,1,3,供应商B,1,晴,21,正常,1,1
2026-04-04,P047,火锅底料,调味,4,12.0,8.0,0,365,供应商C,2,晴,21,正常,1,1
2026-04-04,P048,速冻水饺,冷冻食品,4,18.0,12.5,0,180,供应商D,2,晴,21,正常,1,1
2026-04-04,P049,口罩10只,应急用品,5,10.0,6.0,1,1095,供应商E,3,晴,21,正常,1,1
2026-04-04,P050,创可贴,应急用品,2,5.0,2.8,1,1095,供应商E,3,晴,21,正常,1,1
2026-04-05,P001,矿泉水,饮料,33,2.0,1.1,1,365,供应商A,1,晴,23,正常,1,1
2026-04-05,P002,桶装水,饮料,7,8.0,5.2,1,365,供应商A,1,晴,23,正常,1,1
2026-04-05,P003,可乐,饮料,14,3.5,2.2,0,270,供应商A,1,晴,23,正常,1,1
2026-04-05,P004,雪碧,饮料,13,3.5,2.2,0,270,供应商A,1,晴,23,正常,1,1
2026-04-05,P005,橙汁,饮料,8,5.0,3.2,0,180,供应商A,2,晴,23,正常,1,1
2026-04-05,P006,牛奶,乳品,12,3.5,2.4,1,7,供应商B,1,晴,23,正常,1,1
2026-04-05,P007,酸奶,乳品,10,5.0,3.3,0,14,供应商B,1,晴,23,正常,1,1
2026-04-05,P008,鸡蛋,生鲜,11,12.0,8.5,1,20,供应商B,1,晴,23,正常,1,1
2026-04-05,P009,大米5kg,粮油,2,35.0,28.0,1,365,供应商C,2,晴,23,正常,1,1
2026-04-05,P010,食用油5L,粮油,3,65.0,53.0,1,540,供应商C,2,晴,23,正常,1,1
2026-04-05,P011,挂面,粮油,5,8.0,5.5,1,365,供应商C,2,晴,23,正常,1,1
2026-04-05,P012,面粉2.5kg,粮油,3,18.0,14.0,1,365,供应商C,2,晴,23,正常,1,1
2026-04-05,P013,食盐,调味,4,2.5,1.4,1,730,供应商C,2,晴,23,正常,1,1
2026-04-05,P014,酱油,调味,4,8.0,5.6,1,540,供应商C,2,晴,23,正常,1,1
2026-04-05,P015,食醋,调味,7,6.0,4.0,1,540,供应商C,2,晴,23,正常,1,1
2026-04-05,P016,方便面红烧,方便食品,17,5.0,3.4,1,180,供应商D,1,晴,23,正常,1,1
2026-04-05,P017,方便面香辣,方便食品,11,5.0,3.4,0,180,供应商D,1,晴,23,正常,1,1
2026-04-05,P018,火腿肠,方便食品,8,3.0,1.9,0,180,供应商D,1,晴,23,正常,1,1
2026-04-05,P019,八宝粥,方便食品,7,6.0,4.1,0,365,供应商D,1,晴,23,正常,1,1
2026-04-05,P020,榨菜,方便食品,7,2.0,1.2,0,365,供应商D,1,晴,23,正常,1,1
2026-04-05,P021,面包,烘焙,11,6.0,3.8,0,5,供应商B,1,晴,23,正常,1,1
2026-04-05,P022,蛋糕,烘焙,9,8.0,5.2,0,4,供应商B,1,晴,23,正常,1,1
2026-04-05,P023,饼干,零食,8,7.0,4.4,0,270,供应商D,1,晴,23,正常,1,1
2026-04-05,P024,薯片,零食,10,6.0,3.8,0,180,供应商D,1,晴,23,正常,1,1
2026-04-05,P025,瓜子,零食,6,8.0,5.0,0,240,供应商D,1,晴,23,正常,1,1
2026-04-05,P026,花生,零食,7,7.0,4.3,0,240,供应商D,1,晴,23,正常,1,1
2026-04-05,P027,巧克力,零食,5,8.0,5.2,0,300,供应商D,2,晴,23,正常,1,1
2026-04-05,P028,棒棒糖,零食,9,1.0,0.5,0,365,供应商D,2,晴,23,正常,1,1
2026-04-05,P029,冰淇淋,冷饮,15,5.0,3.0,0,180,供应商A,1,晴,23,正常,1,1
2026-04-05,P030,雪糕,冷饮,17,3.0,1.7,0,180,供应商A,1,晴,23,正常,1,1
2026-04-05,P031,纸巾,日用品,9,5.0,3.2,1,1095,供应商E,2,晴,23,正常,1,1
2026-04-05,P032,卷纸,日用品,6,18.0,13.0,1,1095,供应商E,2,晴,23,正常,1,1
2026-04-05,P033,洗衣液,日用品,3,25.0,18.0,0,1095,供应商E,3,晴,23,正常,1,1
2026-04-05,P034,洗洁精,日用品,4,12.0,8.0,0,1095,供应商E,3,晴,23,正常,1,1
2026-04-05,P035,牙膏,日用品,5,12.0,8.5,0,1095,供应商E,3,晴,23,正常,1,1
2026-04-05,P036,牙刷,日用品,4,6.0,3.5,0,1095,供应商E,3,晴,23,正常,1,1
2026-04-05,P037,香皂,日用品,4,5.0,3.0,0,1095,供应商E,3,晴,23,正常,1,1
2026-04-05,P038,垃圾袋,日用品,5,8.0,5.0,0,1095,供应商E,3,晴,23,正常,1,1
2026-04-05,P039,电池,日用品,5,10.0,6.5,0,1095,供应商E,3,晴,23,正常,1,1
2026-04-05,P040,打火机,日用品,4,2.0,1.0,0,1095,供应商E,3,晴,23,正常,1,1
2026-04-05,P041,苹果,水果,10,8.0,5.0,0,10,供应商B,1,晴,23,正常,1,1
2026-04-05,P042,香蕉,水果,7,6.0,3.8,0,6,供应商B,1,晴,23,正常,1,1
2026-04-05,P043,橙子,水果,7,9.0,6.0,0,14,供应商B,1,晴,23,正常,1,1
2026-04-05,P044,西红柿,蔬菜,11,6.0,3.8,1,7,供应商B,1,晴,23,正常,1,1
2026-04-05,P045,土豆,蔬菜,8,5.0,3.0,1,30,供应商B,1,晴,23,正常,1,1
2026-04-05,P046,青菜,蔬菜,11,4.0,2.2,1,3,供应商B,1,晴,23,正常,1,1
2026-04-05,P047,火锅底料,调味,4,12.0,8.0,0,365,供应商C,2,晴,23,正常,1,1
2026-04-05,P048,速冻水饺,冷冻食品,6,18.0,12.5,0,180,供应商D,2,晴,23,正常,1,1
2026-04-05,P049,口罩10只,应急用品,3,10.0,6.0,1,1095,供应商E,3,晴,23,正常,1,1
2026-04-05,P050,创可贴,应急用品,2,5.0,2.8,1,1095,供应商E,3,晴,23,正常,1,1
2026-04-06,P001,矿泉水,饮料,23,2.0,1.1,1,365,供应商A,1,晴,20,正常,0,1
2026-04-06,P002,桶装水,饮料,6,8.0,5.2,1,365,供应商A,1,晴,20,正常,0,1
2026-04-06,P003,可乐,饮料,14,3.5,2.2,0,270,供应商A,1,晴,20,正常,0,1
2026-04-06,P004,雪碧,饮料,11,3.5,2.2,0,270,供应商A,1,晴,20,正常,0,1
2026-04-06,P005,橙汁,饮料,6,5.0,3.2,0,180,供应商A,2,晴,20,正常,0,1
2026-04-06,P006,牛奶,乳品,15,3.5,2.4,1,7,供应商B,1,晴,20,正常,0,1
2026-04-06,P007,酸奶,乳品,10,5.0,3.3,0,14,供应商B,1,晴,20,正常,0,1
2026-04-06,P008,鸡蛋,生鲜,12,12.0,8.5,1,20,供应商B,1,晴,20,正常,0,1
2026-04-06,P009,大米5kg,粮油,5,35.0,28.0,1,365,供应商C,2,晴,20,正常,0,1
2026-04-06,P010,食用油5L,粮油,3,65.0,53.0,1,540,供应商C,2,晴,20,正常,0,1
2026-04-06,P011,挂面,粮油,7,8.0,5.5,1,365,供应商C,2,晴,20,正常,0,1
2026-04-06,P012,面粉2.5kg,粮油,4,18.0,14.0,1,365,供应商C,2,晴,20,正常,0,1
2026-04-06,P013,食盐,调味,5,2.5,1.4,1,730,供应商C,2,晴,20,正常,0,1
2026-04-06,P014,酱油,调味,4,8.0,5.6,1,540,供应商C,2,晴,20,正常,0,1
2026-04-06,P015,食醋,调味,7,6.0,4.0,1,540,供应商C,2,晴,20,正常,0,1
2026-04-06,P016,方便面红烧,方便食品,14,5.0,3.4,1,180,供应商D,1,晴,20,正常,0,1
2026-04-06,P017,方便面香辣,方便食品,9,5.0,3.4,0,180,供应商D,1,晴,20,正常,0,1
2026-04-06,P018,火腿肠,方便食品,11,3.0,1.9,0,180,供应商D,1,晴,20,正常,0,1
2026-04-06,P019,八宝粥,方便食品,7,6.0,4.1,0,365,供应商D,1,晴,20,正常,0,1
2026-04-06,P020,榨菜,方便食品,4,2.0,1.2,0,365,供应商D,1,晴,20,正常,0,1
2026-04-06,P021,面包,烘焙,14,6.0,3.8,0,5,供应商B,1,晴,20,正常,0,1
2026-04-06,P022,蛋糕,烘焙,7,8.0,5.2,0,4,供应商B,1,晴,20,正常,0,1
2026-04-06,P023,饼干,零食,7,7.0,4.4,0,270,供应商D,1,晴,20,正常,0,1
2026-04-06,P024,薯片,零食,12,6.0,3.8,0,180,供应商D,1,晴,20,正常,0,1
2026-04-06,P025,瓜子,零食,7,8.0,5.0,0,240,供应商D,1,晴,20,正常,0,1
2026-04-06,P026,花生,零食,4,7.0,4.3,0,240,供应商D,1,晴,20,正常,0,1
2026-04-06,P027,巧克力,零食,7,8.0,5.2,0,300,供应商D,2,晴,20,正常,0,1
2026-04-06,P028,棒棒糖,零食,10,1.0,0.5,0,365,供应商D,2,晴,20,正常,0,1
2026-04-06,P029,冰淇淋,冷饮,14,5.0,3.0,0,180,供应商A,1,晴,20,正常,0,1
2026-04-06,P030,雪糕,冷饮,21,3.0,1.7,0,180,供应商A,1,晴,20,正常,0,1
2026-04-06,P031,纸巾,日用品,8,5.0,3.2,1,1095,供应商E,2,晴,20,正常,0,1
2026-04-06,P032,卷纸,日用品,5,18.0,13.0,1,1095,供应商E,2,晴,20,正常,0,1
2026-04-06,P033,洗衣液,日用品,2,25.0,18.0,0,1095,供应商E,3,晴,20,正常,0,1
2026-04-06,P034,洗洁精,日用品,5,12.0,8.0,0,1095,供应商E,3,晴,20,正常,0,1
2026-04-06,P035,牙膏,日用品,5,12.0,8.5,0,1095,供应商E,3,晴,20,正常,0,1
2026-04-06,P036,牙刷,日用品,4,6.0,3.5,0,1095,供应商E,3,晴,20,正常,0,1
2026-04-06,P037,香皂,日用品,3,5.0,3.0,0,1095,供应商E,3,晴,20,正常,0,1
2026-04-06,P038,垃圾袋,日用品,4,8.0,5.0,0,1095,供应商E,3,晴,20,正常,0,1
2026-04-06,P039,电池,日用品,3,10.0,6.5,0,1095,供应商E,3,晴,20,正常,0,1
2026-04-06,P040,打火机,日用品,3,2.0,1.0,0,1095,供应商E,3,晴,20,正常,0,1
2026-04-06,P041,苹果,水果,6,8.0,5.0,0,10,供应商B,1,晴,20,正常,0,1
2026-04-06,P042,香蕉,水果,10,6.0,3.8,0,6,供应商B,1,晴,20,正常,0,1
2026-04-06,P043,橙子,水果,3,9.0,6.0,0,14,供应商B,1,晴,20,正常,0,1
2026-04-06,P044,西红柿,蔬菜,8,6.0,3.8,1,7,供应商B,1,晴,20,正常,0,1
2026-04-06,P045,土豆,蔬菜,6,5.0,3.0,1,30,供应商B,1,晴,20,正常,0,1
2026-04-06,P046,青菜,蔬菜,12,4.0,2.2,1,3,供应商B,1,晴,20,正常,0,1
2026-04-06,P047,火锅底料,调味,3,12.0,8.0,0,365,供应商C,2,晴,20,正常,0,1
2026-04-06,P048,速冻水饺,冷冻食品,6,18.0,12.5,0,180,供应商D,2,晴,20,正常,0,1
2026-04-06,P049,口罩10只,应急用品,3,10.0,6.0,1,1095,供应商E,3,晴,20,正常,0,1
2026-04-06,P050,创可贴,应急用品,3,5.0,2.8,1,1095,供应商E,3,晴,20,正常,0,1
2026-04-07,P001,矿泉水,饮料,27,2.0,1.1,1,365,供应商A,1,晴,18,正常,0,1
2026-04-07,P002,桶装水,饮料,5,8.0,5.2,1,365,供应商A,1,晴,18,正常,0,1
2026-04-07,P003,可乐,饮料,19,3.5,2.2,0,270,供应商A,1,晴,18,正常,0,1
2026-04-07,P004,雪碧,饮料,11,3.5,2.2,0,270,供应商A,1,晴,18,正常,0,1
2026-04-07,P005,橙汁,饮料,8,5.0,3.2,0,180,供应商A,2,晴,18,正常,0,1
2026-04-07,P006,牛奶,乳品,16,3.5,2.4,1,7,供应商B,1,晴,18,正常,0,1
2026-04-07,P007,酸奶,乳品,10,5.0,3.3,0,14,供应商B,1,晴,18,正常,0,1
2026-04-07,P008,鸡蛋,生鲜,16,12.0,8.5,1,20,供应商B,1,晴,18,正常,0,1
2026-04-07,P009,大米5kg,粮油,3,35.0,28.0,1,365,供应商C,2,晴,18,正常,0,1
2026-04-07,P010,食用油5L,粮油,1,65.0,53.0,1,540,供应商C,2,晴,18,正常,0,1
2026-04-07,P011,挂面,粮油,6,8.0,5.5,1,365,供应商C,2,晴,18,正常,0,1
2026-04-07,P012,面粉2.5kg,粮油,5,18.0,14.0,1,365,供应商C,2,晴,18,正常,0,1
2026-04-07,P013,食盐,调味,6,2.5,1.4,1,730,供应商C,2,晴,18,正常,0,1
2026-04-07,P014,酱油,调味,5,8.0,5.6,1,540,供应商C,2,晴,18,正常,0,1
2026-04-07,P015,食醋,调味,3,6.0,4.0,1,540,供应商C,2,晴,18,正常,0,1
2026-04-07,P016,方便面红烧,方便食品,17,5.0,3.4,1,180,供应商D,1,晴,18,正常,0,1
2026-04-07,P017,方便面香辣,方便食品,8,5.0,3.4,0,180,供应商D,1,晴,18,正常,0,1
2026-04-07,P018,火腿肠,方便食品,12,3.0,1.9,0,180,供应商D,1,晴,18,正常,0,1
2026-04-07,P019,八宝粥,方便食品,10,6.0,4.1,0,365,供应商D,1,晴,18,正常,0,1
2026-04-07,P020,榨菜,方便食品,6,2.0,1.2,0,365,供应商D,1,晴,18,正常,0,1
2026-04-07,P021,面包,烘焙,13,6.0,3.8,0,5,供应商B,1,晴,18,正常,0,1
2026-04-07,P022,蛋糕,烘焙,6,8.0,5.2,0,4,供应商B,1,晴,18,正常,0,1
2026-04-07,P023,饼干,零食,6,7.0,4.4,0,270,供应商D,1,晴,18,正常,0,1
2026-04-07,P024,薯片,零食,9,6.0,3.8,0,180,供应商D,1,晴,18,正常,0,1
2026-04-07,P025,瓜子,零食,5,8.0,5.0,0,240,供应商D,1,晴,18,正常,0,1
2026-04-07,P026,花生,零食,4,7.0,4.3,0,240,供应商D,1,晴,18,正常,0,1
2026-04-07,P027,巧克力,零食,7,8.0,5.2,0,300,供应商D,2,晴,18,正常,0,1
2026-04-07,P028,棒棒糖,零食,9,1.0,0.5,0,365,供应商D,2,晴,18,正常,0,1
2026-04-07,P029,冰淇淋,冷饮,15,5.0,3.0,0,180,供应商A,1,晴,18,正常,0,1
2026-04-07,P030,雪糕,冷饮,16,3.0,1.7,0,180,供应商A,1,晴,18,正常,0,1
2026-04-07,P031,纸巾,日用品,8,5.0,3.2,1,1095,供应商E,2,晴,18,正常,0,1
2026-04-07,P032,卷纸,日用品,6,18.0,13.0,1,1095,供应商E,2,晴,18,正常,0,1
2026-04-07,P033,洗衣液,日用品,3,25.0,18.0,0,1095,供应商E,3,晴,18,正常,0,1
2026-04-07,P034,洗洁精,日用品,5,12.0,8.0,0,1095,供应商E,3,晴,18,正常,0,1
2026-04-07,P035,牙膏,日用品,4,12.0,8.5,0,1095,供应商E,3,晴,18,正常,0,1
2026-04-07,P036,牙刷,日用品,4,6.0,3.5,0,1095,供应商E,3,晴,18,正常,0,1
2026-04-07,P037,香皂,日用品,2,5.0,3.0,0,1095,供应商E,3,晴,18,正常,0,1
2026-04-07,P038,垃圾袋,日用品,2,8.0,5.0,0,1095,供应商E,3,晴,18,正常,0,1
2026-04-07,P039,电池,日用品,3,10.0,6.5,0,1095,供应商E,3,晴,18,正常,0,1
2026-04-07,P040,打火机,日用品,5,2.0,1.0,0,1095,供应商E,3,晴,18,正常,0,1
2026-04-07,P041,苹果,水果,6,8.0,5.0,0,10,供应商B,1,晴,18,正常,0,1
2026-04-07,P042,香蕉,水果,9,6.0,3.8,0,6,供应商B,1,晴,18,正常,0,1
2026-04-07,P043,橙子,水果,6,9.0,6.0,0,14,供应商B,1,晴,18,正常,0,1
2026-04-07,P044,西红柿,蔬菜,5,6.0,3.8,1,7,供应商B,1,晴,18,正常,0,1
2026-04-07,P045,土豆,蔬菜,6,5.0,3.0,1,30,供应商B,1,晴,18,正常,0,1
2026-04-07,P046,青菜,蔬菜,11,4.0,2.2,1,3,供应商B,1,晴,18,正常,0,1
2026-04-07,P047,火锅底料,调味,4,12.0,8.0,0,365,供应商C,2,晴,18,正常,0,1
2026-04-07,P048,速冻水饺,冷冻食品,4,18.0,12.5,0,180,供应商D,2,晴,18,正常,0,1
2026-04-07,P049,口罩10只,应急用品,3,10.0,6.0,1,1095,供应商E,3,晴,18,正常,0,1
2026-04-07,P050,创可贴,应急用品,4,5.0,2.8,1,1095,供应商E,3,晴,18,正常,0,1
2026-04-08,P001,矿泉水,饮料,27,2.0,1.1,1,365,供应商A,1,晴,18,正常,0,1
2026-04-08,P002,桶装水,饮料,6,8.0,5.2,1,365,供应商A,1,晴,18,正常,0,1
2026-04-08,P003,可乐,饮料,15,3.5,2.2,0,270,供应商A,1,晴,18,正常,0,1
2026-04-08,P004,雪碧,饮料,12,3.5,2.2,0,270,供应商A,1,晴,18,正常,0,1
2026-04-08,P005,橙汁,饮料,9,5.0,3.2,0,180,供应商A,2,晴,18,正常,0,1
2026-04-08,P006,牛奶,乳品,14,3.5,2.4,1,7,供应商B,1,晴,18,正常,0,1
2026-04-08,P007,酸奶,乳品,10,5.0,3.3,0,14,供应商B,1,晴,18,正常,0,1
2026-04-08,P008,鸡蛋,生鲜,12,12.0,8.5,1,20,供应商B,1,晴,18,正常,0,1
2026-04-08,P009,大米5kg,粮油,5,35.0,28.0,1,365,供应商C,2,晴,18,正常,0,1
2026-04-08,P010,食用油5L,粮油,3,65.0,53.0,1,540,供应商C,2,晴,18,正常,0,1
2026-04-08,P011,挂面,粮油,8,8.0,5.5,1,365,供应商C,2,晴,18,正常,0,1
2026-04-08,P012,面粉2.5kg,粮油,5,18.0,14.0,1,365,供应商C,2,晴,18,正常,0,1
2026-04-08,P013,食盐,调味,4,2.5,1.4,1,730,供应商C,2,晴,18,正常,0,1
2026-04-08,P014,酱油,调味,3,8.0,5.6,1,540,供应商C,2,晴,18,正常,0,1
2026-04-08,P015,食醋,调味,6,6.0,4.0,1,540,供应商C,2,晴,18,正常,0,1
2026-04-08,P016,方便面红烧,方便食品,16,5.0,3.4,1,180,供应商D,1,晴,18,正常,0,1
2026-04-08,P017,方便面香辣,方便食品,7,5.0,3.4,0,180,供应商D,1,晴,18,正常,0,1
2026-04-08,P018,火腿肠,方便食品,9,3.0,1.9,0,180,供应商D,1,晴,18,正常,0,1
2026-04-08,P019,八宝粥,方便食品,8,6.0,4.1,0,365,供应商D,1,晴,18,正常,0,1
2026-04-08,P020,榨菜,方便食品,6,2.0,1.2,0,365,供应商D,1,晴,18,正常,0,1
2026-04-08,P021,面包,烘焙,11,6.0,3.8,0,5,供应商B,1,晴,18,正常,0,1
2026-04-08,P022,蛋糕,烘焙,9,8.0,5.2,0,4,供应商B,1,晴,18,正常,0,1
2026-04-08,P023,饼干,零食,7,7.0,4.4,0,270,供应商D,1,晴,18,正常,0,1
2026-04-08,P024,薯片,零食,9,6.0,3.8,0,180,供应商D,1,晴,18,正常,0,1
2026-04-08,P025,瓜子,零食,6,8.0,5.0,0,240,供应商D,1,晴,18,正常,0,1
2026-04-08,P026,花生,零食,6,7.0,4.3,0,240,供应商D,1,晴,18,正常,0,1
2026-04-08,P027,巧克力,零食,6,8.0,5.2,0,300,供应商D,2,晴,18,正常,0,1
2026-04-08,P028,棒棒糖,零食,10,1.0,0.5,0,365,供应商D,2,晴,18,正常,0,1
2026-04-08,P029,冰淇淋,冷饮,14,5.0,3.0,0,180,供应商A,1,晴,18,正常,0,1
2026-04-08,P030,雪糕,冷饮,18,3.0,1.7,0,180,供应商A,1,晴,18,正常,0,1
2026-04-08,P031,纸巾,日用品,8,5.0,3.2,1,1095,供应商E,2,晴,18,正常,0,1
2026-04-08,P032,卷纸,日用品,5,18.0,13.0,1,1095,供应商E,2,晴,18,正常,0,1
2026-04-08,P033,洗衣液,日用品,3,25.0,18.0,0,1095,供应商E,3,晴,18,正常,0,1
2026-04-08,P034,洗洁精,日用品,4,12.0,8.0,0,1095,供应商E,3,晴,18,正常,0,1
2026-04-08,P035,牙膏,日用品,5,12.0,8.5,0,1095,供应商E,3,晴,18,正常,0,1
2026-04-08,P036,牙刷,日用品,5,6.0,3.5,0,1095,供应商E,3,晴,18,正常,0,1
2026-04-08,P037,香皂,日用品,4,5.0,3.0,0,1095,供应商E,3,晴,18,正常,0,1
2026-04-08,P038,垃圾袋,日用品,3,8.0,5.0,0,1095,供应商E,3,晴,18,正常,0,1
2026-04-08,P039,电池,日用品,3,10.0,6.5,0,1095,供应商E,3,晴,18,正常,0,1
2026-04-08,P040,打火机,日用品,5,2.0,1.0,0,1095,供应商E,3,晴,18,正常,0,1
2026-04-08,P041,苹果,水果,8,8.0,5.0,0,10,供应商B,1,晴,18,正常,0,1
2026-04-08,P042,香蕉,水果,12,6.0,3.8,0,6,供应商B,1,晴,18,正常,0,1
2026-04-08,P043,橙子,水果,5,9.0,6.0,0,14,供应商B,1,晴,18,正常,0,1
2026-04-08,P044,西红柿,蔬菜,9,6.0,3.8,1,7,供应商B,1,晴,18,正常,0,1
2026-04-08,P045,土豆,蔬菜,8,5.0,3.0,1,30,供应商B,1,晴,18,正常,0,1
2026-04-08,P046,青菜,蔬菜,10,4.0,2.2,1,3,供应商B,1,晴,18,正常,0,1
2026-04-08,P047,火锅底料,调味,7,12.0,8.0,0,365,供应商C,2,晴,18,正常,0,1
2026-04-08,P048,速冻水饺,冷冻食品,5,18.0,12.5,0,180,供应商D,2,晴,18,正常,0,1
2026-04-08,P049,口罩10只,应急用品,3,10.0,6.0,1,1095,供应商E,3,晴,18,正常,0,1
2026-04-08,P050,创可贴,应急用品,2,5.0,2.8,1,1095,供应商E,3,晴,18,正常,0,1
2026-04-09,P001,矿泉水,饮料,23,2.0,1.1,1,365,供应商A,1,晴,23,正常,0,1
2026-04-09,P002,桶装水,饮料,6,8.0,5.2,1,365,供应商A,1,晴,23,正常,0,1
2026-04-09,P003,可乐,饮料,18,3.5,2.2,0,270,供应商A,1,晴,23,正常,0,1
2026-04-09,P004,雪碧,饮料,14,3.5,2.2,0,270,供应商A,1,晴,23,正常,0,1
2026-04-09,P005,橙汁,饮料,10,5.0,3.2,0,180,供应商A,2,晴,23,正常,0,1
2026-04-09,P006,牛奶,乳品,14,3.5,2.4,1,7,供应商B,1,晴,23,正常,0,1
2026-04-09,P007,酸奶,乳品,9,5.0,3.3,0,14,供应商B,1,晴,23,正常,0,1
2026-04-09,P008,鸡蛋,生鲜,17,12.0,8.5,1,20,供应商B,1,晴,23,正常,0,1
2026-04-09,P009,大米5kg,粮油,4,35.0,28.0,1,365,供应商C,2,晴,23,正常,0,1
2026-04-09,P010,食用油5L,粮油,2,65.0,53.0,1,540,供应商C,2,晴,23,正常,0,1
2026-04-09,P011,挂面,粮油,6,8.0,5.5,1,365,供应商C,2,晴,23,正常,0,1
2026-04-09,P012,面粉2.5kg,粮油,3,18.0,14.0,1,365,供应商C,2,晴,23,正常,0,1
2026-04-09,P013,食盐,调味,6,2.5,1.4,1,730,供应商C,2,晴,23,正常,0,1
2026-04-09,P014,酱油,调味,5,8.0,5.6,1,540,供应商C,2,晴,23,正常,0,1
2026-04-09,P015,食醋,调味,4,6.0,4.0,1,540,供应商C,2,晴,23,正常,0,1
2026-04-09,P016,方便面红烧,方便食品,15,5.0,3.4,1,180,供应商D,1,晴,23,正常,0,1
2026-04-09,P017,方便面香辣,方便食品,11,5.0,3.4,0,180,供应商D,1,晴,23,正常,0,1
2026-04-09,P018,火腿肠,方便食品,9,3.0,1.9,0,180,供应商D,1,晴,23,正常,0,1
2026-04-09,P019,八宝粥,方便食品,6,6.0,4.1,0,365,供应商D,1,晴,23,正常,0,1
2026-04-09,P020,榨菜,方便食品,6,2.0,1.2,0,365,供应商D,1,晴,23,正常,0,1
2026-04-09,P021,面包,烘焙,13,6.0,3.8,0,5,供应商B,1,晴,23,正常,0,1
2026-04-09,P022,蛋糕,烘焙,7,8.0,5.2,0,4,供应商B,1,晴,23,正常,0,1
2026-04-09,P023,饼干,零食,8,7.0,4.4,0,270,供应商D,1,晴,23,正常,0,1
2026-04-09,P024,薯片,零食,11,6.0,3.8,0,180,供应商D,1,晴,23,正常,0,1
2026-04-09,P025,瓜子,零食,5,8.0,5.0,0,240,供应商D,1,晴,23,正常,0,1
2026-04-09,P026,花生,零食,5,7.0,4.3,0,240,供应商D,1,晴,23,正常,0,1
2026-04-09,P027,巧克力,零食,4,8.0,5.2,0,300,供应商D,2,晴,23,正常,0,1
2026-04-09,P028,棒棒糖,零食,11,1.0,0.5,0,365,供应商D,2,晴,23,正常,0,1
2026-04-09,P029,冰淇淋,冷饮,15,5.0,3.0,0,180,供应商A,1,晴,23,正常,0,1
2026-04-09,P030,雪糕,冷饮,19,3.0,1.7,0,180,供应商A,1,晴,23,正常,0,1
2026-04-09,P031,纸巾,日用品,10,5.0,3.2,1,1095,供应商E,2,晴,23,正常,0,1
2026-04-09,P032,卷纸,日用品,8,18.0,13.0,1,1095,供应商E,2,晴,23,正常,0,1
2026-04-09,P033,洗衣液,日用品,1,25.0,18.0,0,1095,供应商E,3,晴,23,正常,0,1
2026-04-09,P034,洗洁精,日用品,3,12.0,8.0,0,1095,供应商E,3,晴,23,正常,0,1
2026-04-09,P035,牙膏,日用品,3,12.0,8.5,0,1095,供应商E,3,晴,23,正常,0,1
2026-04-09,P036,牙刷,日用品,3,6.0,3.5,0,1095,供应商E,3,晴,23,正常,0,1
2026-04-09,P037,香皂,日用品,3,5.0,3.0,0,1095,供应商E,3,晴,23,正常,0,1
2026-04-09,P038,垃圾袋,日用品,4,8.0,5.0,0,1095,供应商E,3,晴,23,正常,0,1
2026-04-09,P039,电池,日用品,2,10.0,6.5,0,1095,供应商E,3,晴,23,正常,0,1
2026-04-09,P040,打火机,日用品,5,2.0,1.0,0,1095,供应商E,3,晴,23,正常,0,1
2026-04-09,P041,苹果,水果,8,8.0,5.0,0,10,供应商B,1,晴,23,正常,0,1
2026-04-09,P042,香蕉,水果,10,6.0,3.8,0,6,供应商B,1,晴,23,正常,0,1
2026-04-09,P043,橙子,水果,7,9.0,6.0,0,14,供应商B,1,晴,23,正常,0,1
2026-04-09,P044,西红柿,蔬菜,9,6.0,3.8,1,7,供应商B,1,晴,23,正常,0,1
2026-04-09,P045,土豆,蔬菜,7,5.0,3.0,1,30,供应商B,1,晴,23,正常,0,1
2026-04-09,P046,青菜,蔬菜,13,4.0,2.2,1,3,供应商B,1,晴,23,正常,0,1
2026-04-09,P047,火锅底料,调味,4,12.0,8.0,0,365,供应商C,2,晴,23,正常,0,1
2026-04-09,P048,速冻水饺,冷冻食品,3,18.0,12.5,0,180,供应商D,2,晴,23,正常,0,1
2026-04-09,P049,口罩10只,应急用品,2,10.0,6.0,1,1095,供应商E,3,晴,23,正常,0,1
2026-04-09,P050,创可贴,应急用品,1,5.0,2.8,1,1095,供应商E,3,晴,23,正常,0,1
2026-04-10,P001,矿泉水,饮料,24,2.0,1.1,1,365,供应商A,1,晴,23,正常,0,1
2026-04-10,P002,桶装水,饮料,6,8.0,5.2,1,365,供应商A,1,晴,23,正常,0,1
2026-04-10,P003,可乐,饮料,15,3.5,2.2,0,270,供应商A,1,晴,23,正常,0,1
2026-04-10,P004,雪碧,饮料,17,3.5,2.2,0,270,供应商A,1,晴,23,正常,0,1
2026-04-10,P005,橙汁,饮料,9,5.0,3.2,0,180,供应商A,2,晴,23,正常,0,1
2026-04-10,P006,牛奶,乳品,16,3.5,2.4,1,7,供应商B,1,晴,23,正常,0,1
2026-04-10,P007,酸奶,乳品,8,5.0,3.3,0,14,供应商B,1,晴,23,正常,0,1
2026-04-10,P008,鸡蛋,生鲜,10,12.0,8.5,1,20,供应商B,1,晴,23,正常,0,1
2026-04-10,P009,大米5kg,粮油,4,35.0,28.0,1,365,供应商C,2,晴,23,正常,0,1
2026-04-10,P010,食用油5L,粮油,3,65.0,53.0,1,540,供应商C,2,晴,23,正常,0,1
2026-04-10,P011,挂面,粮油,5,8.0,5.5,1,365,供应商C,2,晴,23,正常,0,1
2026-04-10,P012,面粉2.5kg,粮油,4,18.0,14.0,1,365,供应商C,2,晴,23,正常,0,1
2026-04-10,P013,食盐,调味,5,2.5,1.4,1,730,供应商C,2,晴,23,正常,0,1
2026-04-10,P014,酱油,调味,5,8.0,5.6,1,540,供应商C,2,晴,23,正常,0,1
2026-04-10,P015,食醋,调味,3,6.0,4.0,1,540,供应商C,2,晴,23,正常,0,1
2026-04-10,P016,方便面红烧,方便食品,14,5.0,3.4,1,180,供应商D,1,晴,23,正常,0,1
2026-04-10,P017,方便面香辣,方便食品,10,5.0,3.4,0,180,供应商D,1,晴,23,正常,0,1
2026-04-10,P018,火腿肠,方便食品,10,3.0,1.9,0,180,供应商D,1,晴,23,正常,0,1
2026-04-10,P019,八宝粥,方便食品,8,6.0,4.1,0,365,供应商D,1,晴,23,正常,0,1
2026-04-10,P020,榨菜,方便食品,7,2.0,1.2,0,365,供应商D,1,晴,23,正常,0,1
2026-04-10,P021,面包,烘焙,11,6.0,3.8,0,5,供应商B,1,晴,23,正常,0,1
2026-04-10,P022,蛋糕,烘焙,6,8.0,5.2,0,4,供应商B,1,晴,23,正常,0,1
2026-04-10,P023,饼干,零食,10,7.0,4.4,0,270,供应商D,1,晴,23,正常,0,1
2026-04-10,P024,薯片,零食,11,6.0,3.8,0,180,供应商D,1,晴,23,正常,0,1
2026-04-10,P025,瓜子,零食,5,8.0,5.0,0,240,供应商D,1,晴,23,正常,0,1
2026-04-10,P026,花生,零食,7,7.0,4.3,0,240,供应商D,1,晴,23,正常,0,1
2026-04-10,P027,巧克力,零食,6,8.0,5.2,0,300,供应商D,2,晴,23,正常,0,1
2026-04-10,P028,棒棒糖,零食,11,1.0,0.5,0,365,供应商D,2,晴,23,正常,0,1
2026-04-10,P029,冰淇淋,冷饮,18,5.0,3.0,0,180,供应商A,1,晴,23,正常,0,1
2026-04-10,P030,雪糕,冷饮,15,3.0,1.7,0,180,供应商A,1,晴,23,正常,0,1
2026-04-10,P031,纸巾,日用品,8,5.0,3.2,1,1095,供应商E,2,晴,23,正常,0,1
2026-04-10,P032,卷纸,日用品,5,18.0,13.0,1,1095,供应商E,2,晴,23,正常,0,1
2026-04-10,P033,洗衣液,日用品,3,25.0,18.0,0,1095,供应商E,3,晴,23,正常,0,1
2026-04-10,P034,洗洁精,日用品,3,12.0,8.0,0,1095,供应商E,3,晴,23,正常,0,1
2026-04-10,P035,牙膏,日用品,2,12.0,8.5,0,1095,供应商E,3,晴,23,正常,0,1
2026-04-10,P036,牙刷,日用品,4,6.0,3.5,0,1095,供应商E,3,晴,23,正常,0,1
2026-04-10,P037,香皂,日用品,3,5.0,3.0,0,1095,供应商E,3,晴,23,正常,0,1
2026-04-10,P038,垃圾袋,日用品,4,8.0,5.0,0,1095,供应商E,3,晴,23,正常,0,1
2026-04-10,P039,电池,日用品,2,10.0,6.5,0,1095,供应商E,3,晴,23,正常,0,1
2026-04-10,P040,打火机,日用品,4,2.0,1.0,0,1095,供应商E,3,晴,23,正常,0,1
2026-04-10,P041,苹果,水果,8,8.0,5.0,0,10,供应商B,1,晴,23,正常,0,1
2026-04-10,P042,香蕉,水果,9,6.0,3.8,0,6,供应商B,1,晴,23,正常,0,1
2026-04-10,P043,橙子,水果,7,9.0,6.0,0,14,供应商B,1,晴,23,正常,0,1
2026-04-10,P044,西红柿,蔬菜,11,6.0,3.8,1,7,供应商B,1,晴,23,正常,0,1
2026-04-10,P045,土豆,蔬菜,7,5.0,3.0,1,30,供应商B,1,晴,23,正常,0,1
2026-04-10,P046,青菜,蔬菜,11,4.0,2.2,1,3,供应商B,1,晴,23,正常,0,1
2026-04-10,P047,火锅底料,调味,3,12.0,8.0,0,365,供应商C,2,晴,23,正常,0,1
2026-04-10,P048,速冻水饺,冷冻食品,3,18.0,12.5,0,180,供应商D,2,晴,23,正常,0,1
2026-04-10,P049,口罩10只,应急用品,5,10.0,6.0,1,1095,供应商E,3,晴,23,正常,0,1
2026-04-10,P050,创可贴,应急用品,2,5.0,2.8,1,1095,供应商E,3,晴,23,正常,0,1
2026-04-11,P001,矿泉水,饮料,22,2.0,1.1,1,365,供应商A,1,晴,23,正常,1,1
2026-04-11,P002,桶装水,饮料,7,8.0,5.2,1,365,供应商A,1,晴,23,正常,1,1
2026-04-11,P003,可乐,饮料,17,3.5,2.2,0,270,供应商A,1,晴,23,正常,1,1
2026-04-11,P004,雪碧,饮料,12,3.5,2.2,0,270,供应商A,1,晴,23,正常,1,1
2026-04-11,P005,橙汁,饮料,8,5.0,3.2,0,180,供应商A,2,晴,23,正常,1,1
2026-04-11,P006,牛奶,乳品,18,3.5,2.4,1,7,供应商B,1,晴,23,正常,1,1
2026-04-11,P007,酸奶,乳品,9,5.0,3.3,0,14,供应商B,1,晴,23,正常,1,1
2026-04-11,P008,鸡蛋,生鲜,10,12.0,8.5,1,20,供应商B,1,晴,23,正常,1,1
2026-04-11,P009,大米5kg,粮油,6,35.0,28.0,1,365,供应商C,2,晴,23,正常,1,1
2026-04-11,P010,食用油5L,粮油,4,65.0,53.0,1,540,供应商C,2,晴,23,正常,1,1
2026-04-11,P011,挂面,粮油,7,8.0,5.5,1,365,供应商C,2,晴,23,正常,1,1
2026-04-11,P012,面粉2.5kg,粮油,3,18.0,14.0,1,365,供应商C,2,晴,23,正常,1,1
2026-04-11,P013,食盐,调味,5,2.5,1.4,1,730,供应商C,2,晴,23,正常,1,1
2026-04-11,P014,酱油,调味,5,8.0,5.6,1,540,供应商C,2,晴,23,正常,1,1
2026-04-11,P015,食醋,调味,6,6.0,4.0,1,540,供应商C,2,晴,23,正常,1,1
2026-04-11,P016,方便面红烧,方便食品,14,5.0,3.4,1,180,供应商D,1,晴,23,正常,1,1
2026-04-11,P017,方便面香辣,方便食品,11,5.0,3.4,0,180,供应商D,1,晴,23,正常,1,1
2026-04-11,P018,火腿肠,方便食品,12,3.0,1.9,0,180,供应商D,1,晴,23,正常,1,1
2026-04-11,P019,八宝粥,方便食品,5,6.0,4.1,0,365,供应商D,1,晴,23,正常,1,1
2026-04-11,P020,榨菜,方便食品,8,2.0,1.2,0,365,供应商D,1,晴,23,正常,1,1
2026-04-11,P021,面包,烘焙,11,6.0,3.8,0,5,供应商B,1,晴,23,正常,1,1
2026-04-11,P022,蛋糕,烘焙,8,8.0,5.2,0,4,供应商B,1,晴,23,正常,1,1
2026-04-11,P023,饼干,零食,10,7.0,4.4,0,270,供应商D,1,晴,23,正常,1,1
2026-04-11,P024,薯片,零食,13,6.0,3.8,0,180,供应商D,1,晴,23,正常,1,1
2026-04-11,P025,瓜子,零食,7,8.0,5.0,0,240,供应商D,1,晴,23,正常,1,1
2026-04-11,P026,花生,零食,4,7.0,4.3,0,240,供应商D,1,晴,23,正常,1,1
2026-04-11,P027,巧克力,零食,5,8.0,5.2,0,300,供应商D,2,晴,23,正常,1,1
2026-04-11,P028,棒棒糖,零食,10,1.0,0.5,0,365,供应商D,2,晴,23,正常,1,1
2026-04-11,P029,冰淇淋,冷饮,15,5.0,3.0,0,180,供应商A,1,晴,23,正常,1,1
2026-04-11,P030,雪糕,冷饮,20,3.0,1.7,0,180,供应商A,1,晴,23,正常,1,1
2026-04-11,P031,纸巾,日用品,10,5.0,3.2,1,1095,供应商E,2,晴,23,正常,1,1
2026-04-11,P032,卷纸,日用品,6,18.0,13.0,1,1095,供应商E,2,晴,23,正常,1,1
2026-04-11,P033,洗衣液,日用品,3,25.0,18.0,0,1095,供应商E,3,晴,23,正常,1,1
2026-04-11,P034,洗洁精,日用品,2,12.0,8.0,0,1095,供应商E,3,晴,23,正常,1,1
2026-04-11,P035,牙膏,日用品,4,12.0,8.5,0,1095,供应商E,3,晴,23,正常,1,1
2026-04-11,P036,牙刷,日用品,5,6.0,3.5,0,1095,供应商E,3,晴,23,正常,1,1
2026-04-11,P037,香皂,日用品,3,5.0,3.0,0,1095,供应商E,3,晴,23,正常,1,1
2026-04-11,P038,垃圾袋,日用品,5,8.0,5.0,0,1095,供应商E,3,晴,23,正常,1,1
2026-04-11,P039,电池,日用品,4,10.0,6.5,0,1095,供应商E,3,晴,23,正常,1,1
2026-04-11,P040,打火机,日用品,6,2.0,1.0,0,1095,供应商E,3,晴,23,正常,1,1
2026-04-11,P041,苹果,水果,4,8.0,5.0,0,10,供应商B,1,晴,23,正常,1,1
2026-04-11,P042,香蕉,水果,8,6.0,3.8,0,6,供应商B,1,晴,23,正常,1,1
2026-04-11,P043,橙子,水果,9,9.0,6.0,0,14,供应商B,1,晴,23,正常,1,1
2026-04-11,P044,西红柿,蔬菜,8,6.0,3.8,1,7,供应商B,1,晴,23,正常,1,1
2026-04-11,P045,土豆,蔬菜,5,5.0,3.0,1,30,供应商B,1,晴,23,正常,1,1
2026-04-11,P046,青菜,蔬菜,13,4.0,2.2,1,3,供应商B,1,晴,23,正常,1,1
2026-04-11,P047,火锅底料,调味,4,12.0,8.0,0,365,供应商C,2,晴,23,正常,1,1
2026-04-11,P048,速冻水饺,冷冻食品,7,18.0,12.5,0,180,供应商D,2,晴,23,正常,1,1
2026-04-11,P049,口罩10只,应急用品,4,10.0,6.0,1,1095,供应商E,3,晴,23,正常,1,1
2026-04-11,P050,创可贴,应急用品,4,5.0,2.8,1,1095,供应商E,3,晴,23,正常,1,1
2026-04-12,P001,矿泉水,饮料,28,2.0,1.1,1,365,供应商A,1,晴,20,正常,1,1
2026-04-12,P002,桶装水,饮料,7,8.0,5.2,1,365,供应商A,1,晴,20,正常,1,1
2026-04-12,P003,可乐,饮料,24,3.5,2.2,0,270,供应商A,1,晴,20,正常,1,1
2026-04-12,P004,雪碧,饮料,17,3.5,2.2,0,270,供应商A,1,晴,20,正常,1,1
2026-04-12,P005,橙汁,饮料,7,5.0,3.2,0,180,供应商A,2,晴,20,正常,1,1
2026-04-12,P006,牛奶,乳品,17,3.5,2.4,1,7,供应商B,1,晴,20,正常,1,1
2026-04-12,P007,酸奶,乳品,12,5.0,3.3,0,14,供应商B,1,晴,20,正常,1,1
2026-04-12,P008,鸡蛋,生鲜,16,12.0,8.5,1,20,供应商B,1,晴,20,正常,1,1
2026-04-12,P009,大米5kg,粮油,4,35.0,28.0,1,365,供应商C,2,晴,20,正常,1,1
2026-04-12,P010,食用油5L,粮油,5,65.0,53.0,1,540,供应商C,2,晴,20,正常,1,1
2026-04-12,P011,挂面,粮油,9,8.0,5.5,1,365,供应商C,2,晴,20,正常,1,1
2026-04-12,P012,面粉2.5kg,粮油,7,18.0,14.0,1,365,供应商C,2,晴,20,正常,1,1
2026-04-12,P013,食盐,调味,5,2.5,1.4,1,730,供应商C,2,晴,20,正常,1,1
2026-04-12,P014,酱油,调味,5,8.0,5.6,1,540,供应商C,2,晴,20,正常,1,1
2026-04-12,P015,食醋,调味,4,6.0,4.0,1,540,供应商C,2,晴,20,正常,1,1
2026-04-12,P016,方便面红烧,方便食品,15,5.0,3.4,1,180,供应商D,1,晴,20,正常,1,1
2026-04-12,P017,方便面香辣,方便食品,9,5.0,3.4,0,180,供应商D,1,晴,20,正常,1,1
2026-04-12,P018,火腿肠,方便食品,6,3.0,1.9,0,180,供应商D,1,晴,20,正常,1,1
2026-04-12,P019,八宝粥,方便食品,7,6.0,4.1,0,365,供应商D,1,晴,20,正常,1,1
2026-04-12,P020,榨菜,方便食品,7,2.0,1.2,0,365,供应商D,1,晴,20,正常,1,1
2026-04-12,P021,面包,烘焙,12,6.0,3.8,0,5,供应商B,1,晴,20,正常,1,1
2026-04-12,P022,蛋糕,烘焙,10,8.0,5.2,0,4,供应商B,1,晴,20,正常,1,1
2026-04-12,P023,饼干,零食,10,7.0,4.4,0,270,供应商D,1,晴,20,正常,1,1
2026-04-12,P024,薯片,零食,13,6.0,3.8,0,180,供应商D,1,晴,20,正常,1,1
2026-04-12,P025,瓜子,零食,7,8.0,5.0,0,240,供应商D,1,晴,20,正常,1,1
2026-04-12,P026,花生,零食,8,7.0,4.3,0,240,供应商D,1,晴,20,正常,1,1
2026-04-12,P027,巧克力,零食,6,8.0,5.2,0,300,供应商D,2,晴,20,正常,1,1
2026-04-12,P028,棒棒糖,零食,12,1.0,0.5,0,365,供应商D,2,晴,20,正常,1,1
2026-04-12,P029,冰淇淋,冷饮,16,5.0,3.0,0,180,供应商A,1,晴,20,正常,1,1
2026-04-12,P030,雪糕,冷饮,20,3.0,1.7,0,180,供应商A,1,晴,20,正常,1,1
2026-04-12,P031,纸巾,日用品,9,5.0,3.2,1,1095,供应商E,2,晴,20,正常,1,1
2026-04-12,P032,卷纸,日用品,5,18.0,13.0,1,1095,供应商E,2,晴,20,正常,1,1
2026-04-12,P033,洗衣液,日用品,4,25.0,18.0,0,1095,供应商E,3,晴,20,正常,1,1
2026-04-12,P034,洗洁精,日用品,7,12.0,8.0,0,1095,供应商E,3,晴,20,正常,1,1
2026-04-12,P035,牙膏,日用品,4,12.0,8.5,0,1095,供应商E,3,晴,20,正常,1,1
2026-04-12,P036,牙刷,日用品,5,6.0,3.5,0,1095,供应商E,3,晴,20,正常,1,1
2026-04-12,P037,香皂,日用品,6,5.0,3.0,0,1095,供应商E,3,晴,20,正常,1,1
2026-04-12,P038,垃圾袋,日用品,6,8.0,5.0,0,1095,供应商E,3,晴,20,正常,1,1
2026-04-12,P039,电池,日用品,3,10.0,6.5,0,1095,供应商E,3,晴,20,正常,1,1
2026-04-12,P040,打火机,日用品,3,2.0,1.0,0,1095,供应商E,3,晴,20,正常,1,1
2026-04-12,P041,苹果,水果,10,8.0,5.0,0,10,供应商B,1,晴,20,正常,1,1
2026-04-12,P042,香蕉,水果,6,6.0,3.8,0,6,供应商B,1,晴,20,正常,1,1
2026-04-12,P043,橙子,水果,8,9.0,6.0,0,14,供应商B,1,晴,20,正常,1,1
2026-04-12,P044,西红柿,蔬菜,9,6.0,3.8,1,7,供应商B,1,晴,20,正常,1,1
2026-04-12,P045,土豆,蔬菜,9,5.0,3.0,1,30,供应商B,1,晴,20,正常,1,1
2026-04-12,P046,青菜,蔬菜,9,4.0,2.2,1,3,供应商B,1,晴,20,正常,1,1
2026-04-12,P047,火锅底料,调味,3,12.0,8.0,0,365,供应商C,2,晴,20,正常,1,1
2026-04-12,P048,速冻水饺,冷冻食品,6,18.0,12.5,0,180,供应商D,2,晴,20,正常,1,1
2026-04-12,P049,口罩10只,应急用品,3,10.0,6.0,1,1095,供应商E,3,晴,20,正常,1,1
2026-04-12,P050,创可贴,应急用品,3,5.0,2.8,1,1095,供应商E,3,晴,20,正常,1,1
2026-04-13,P001,矿泉水,饮料,24,2.0,1.1,1,365,供应商A,1,晴,23,正常,0,1
2026-04-13,P002,桶装水,饮料,9,8.0,5.2,1,365,供应商A,1,晴,23,正常,0,1
2026-04-13,P003,可乐,饮料,18,3.5,2.2,0,270,供应商A,1,晴,23,正常,0,1
2026-04-13,P004,雪碧,饮料,15,3.5,2.2,0,270,供应商A,1,晴,23,正常,0,1
2026-04-13,P005,橙汁,饮料,9,5.0,3.2,0,180,供应商A,2,晴,23,正常,0,1
2026-04-13,P006,牛奶,乳品,17,3.5,2.4,1,7,供应商B,1,晴,23,正常,0,1
2026-04-13,P007,酸奶,乳品,9,5.0,3.3,0,14,供应商B,1,晴,23,正常,0,1
2026-04-13,P008,鸡蛋,生鲜,8,12.0,8.5,1,20,供应商B,1,晴,23,正常,0,1
2026-04-13,P009,大米5kg,粮油,4,35.0,28.0,1,365,供应商C,2,晴,23,正常,0,1
2026-04-13,P010,食用油5L,粮油,4,65.0,53.0,1,540,供应商C,2,晴,23,正常,0,1
2026-04-13,P011,挂面,粮油,6,8.0,5.5,1,365,供应商C,2,晴,23,正常,0,1
2026-04-13,P012,面粉2.5kg,粮油,4,18.0,14.0,1,365,供应商C,2,晴,23,正常,0,1
2026-04-13,P013,食盐,调味,4,2.5,1.4,1,730,供应商C,2,晴,23,正常,0,1
2026-04-13,P014,酱油,调味,7,8.0,5.6,1,540,供应商C,2,晴,23,正常,0,1
2026-04-13,P015,食醋,调味,5,6.0,4.0,1,540,供应商C,2,晴,23,正常,0,1
2026-04-13,P016,方便面红烧,方便食品,17,5.0,3.4,1,180,供应商D,1,晴,23,正常,0,1
2026-04-13,P017,方便面香辣,方便食品,11,5.0,3.4,0,180,供应商D,1,晴,23,正常,0,1
2026-04-13,P018,火腿肠,方便食品,10,3.0,1.9,0,180,供应商D,1,晴,23,正常,0,1
2026-04-13,P019,八宝粥,方便食品,7,6.0,4.1,0,365,供应商D,1,晴,23,正常,0,1
2026-04-13,P020,榨菜,方便食品,5,2.0,1.2,0,365,供应商D,1,晴,23,正常,0,1
2026-04-13,P021,面包,烘焙,8,6.0,3.8,0,5,供应商B,1,晴,23,正常,0,1
2026-04-13,P022,蛋糕,烘焙,7,8.0,5.2,0,4,供应商B,1,晴,23,正常,0,1
2026-04-13,P023,饼干,零食,9,7.0,4.4,0,270,供应商D,1,晴,23,正常,0,1
2026-04-13,P024,薯片,零食,12,6.0,3.8,0,180,供应商D,1,晴,23,正常,0,1
2026-04-13,P025,瓜子,零食,8,8.0,5.0,0,240,供应商D,1,晴,23,正常,0,1
2026-04-13,P026,花生,零食,8,7.0,4.3,0,240,供应商D,1,晴,23,正常,0,1
2026-04-13,P027,巧克力,零食,4,8.0,5.2,0,300,供应商D,2,晴,23,正常,0,1
2026-04-13,P028,棒棒糖,零食,8,1.0,0.5,0,365,供应商D,2,晴,23,正常,0,1
2026-04-13,P029,冰淇淋,冷饮,15,5.0,3.0,0,180,供应商A,1,晴,23,正常,0,1
2026-04-13,P030,雪糕,冷饮,24,3.0,1.7,0,180,供应商A,1,晴,23,正常,0,1
2026-04-13,P031,纸巾,日用品,10,5.0,3.2,1,1095,供应商E,2,晴,23,正常,0,1
2026-04-13,P032,卷纸,日用品,6,18.0,13.0,1,1095,供应商E,2,晴,23,正常,0,1
2026-04-13,P033,洗衣液,日用品,3,25.0,18.0,0,1095,供应商E,3,晴,23,正常,0,1
2026-04-13,P034,洗洁精,日用品,3,12.0,8.0,0,1095,供应商E,3,晴,23,正常,0,1
2026-04-13,P035,牙膏,日用品,5,12.0,8.5,0,1095,供应商E,3,晴,23,正常,0,1
2026-04-13,P036,牙刷,日用品,3,6.0,3.5,0,1095,供应商E,3,晴,23,正常,0,1
2026-04-13,P037,香皂,日用品,4,5.0,3.0,0,1095,供应商E,3,晴,23,正常,0,1
2026-04-13,P038,垃圾袋,日用品,4,8.0,5.0,0,1095,供应商E,3,晴,23,正常,0,1
2026-04-13,P039,电池,日用品,5,10.0,6.5,0,1095,供应商E,3,晴,23,正常,0,1
2026-04-13,P040,打火机,日用品,5,2.0,1.0,0,1095,供应商E,3,晴,23,正常,0,1
2026-04-13,P041,苹果,水果,5,8.0,5.0,0,10,供应商B,1,晴,23,正常,0,1
2026-04-13,P042,香蕉,水果,10,6.0,3.8,0,6,供应商B,1,晴,23,正常,0,1
2026-04-13,P043,橙子,水果,5,9.0,6.0,0,14,供应商B,1,晴,23,正常,0,1
2026-04-13,P044,西红柿,蔬菜,8,6.0,3.8,1,7,供应商B,1,晴,23,正常,0,1
2026-04-13,P045,土豆,蔬菜,7,5.0,3.0,1,30,供应商B,1,晴,23,正常,0,1
2026-04-13,P046,青菜,蔬菜,10,4.0,2.2,1,3,供应商B,1,晴,23,正常,0,1
2026-04-13,P047,火锅底料,调味,5,12.0,8.0,0,365,供应商C,2,晴,23,正常,0,1
2026-04-13,P048,速冻水饺,冷冻食品,3,18.0,12.5,0,180,供应商D,2,晴,23,正常,0,1
2026-04-13,P049,口罩10只,应急用品,2,10.0,6.0,1,1095,供应商E,3,晴,23,正常,0,1
2026-04-13,P050,创可贴,应急用品,4,5.0,2.8,1,1095,供应商E,3,晴,23,正常,0,1
2026-04-14,P001,矿泉水,饮料,22,2.0,1.1,1,365,供应商A,1,晴,23,正常,0,1
2026-04-14,P002,桶装水,饮料,4,8.0,5.2,1,365,供应商A,1,晴,23,正常,0,1
2026-04-14,P003,可乐,饮料,18,3.5,2.2,0,270,供应商A,1,晴,23,正常,0,1
2026-04-14,P004,雪碧,饮料,15,3.5,2.2,0,270,供应商A,1,晴,23,正常,0,1
2026-04-14,P005,橙汁,饮料,8,5.0,3.2,0,180,供应商A,2,晴,23,正常,0,1
2026-04-14,P006,牛奶,乳品,10,3.5,2.4,1,7,供应商B,1,晴,23,正常,0,1
2026-04-14,P007,酸奶,乳品,10,5.0,3.3,0,14,供应商B,1,晴,23,正常,0,1
2026-04-14,P008,鸡蛋,生鲜,9,12.0,8.5,1,20,供应商B,1,晴,23,正常,0,1
2026-04-14,P009,大米5kg,粮油,4,35.0,28.0,1,365,供应商C,2,晴,23,正常,0,1
2026-04-14,P010,食用油5L,粮油,2,65.0,53.0,1,540,供应商C,2,晴,23,正常,0,1
2026-04-14,P011,挂面,粮油,6,8.0,5.5,1,365,供应商C,2,晴,23,正常,0,1
2026-04-14,P012,面粉2.5kg,粮油,3,18.0,14.0,1,365,供应商C,2,晴,23,正常,0,1
2026-04-14,P013,食盐,调味,5,2.5,1.4,1,730,供应商C,2,晴,23,正常,0,1
2026-04-14,P014,酱油,调味,4,8.0,5.6,1,540,供应商C,2,晴,23,正常,0,1
2026-04-14,P015,食醋,调味,5,6.0,4.0,1,540,供应商C,2,晴,23,正常,0,1
2026-04-14,P016,方便面红烧,方便食品,14,5.0,3.4,1,180,供应商D,1,晴,23,正常,0,1
2026-04-14,P017,方便面香辣,方便食品,12,5.0,3.4,0,180,供应商D,1,晴,23,正常,0,1
2026-04-14,P018,火腿肠,方便食品,10,3.0,1.9,0,180,供应商D,1,晴,23,正常,0,1
2026-04-14,P019,八宝粥,方便食品,6,6.0,4.1,0,365,供应商D,1,晴,23,正常,0,1
2026-04-14,P020,榨菜,方便食品,5,2.0,1.2,0,365,供应商D,1,晴,23,正常,0,1
2026-04-14,P021,面包,烘焙,9,6.0,3.8,0,5,供应商B,1,晴,23,正常,0,1
2026-04-14,P022,蛋糕,烘焙,7,8.0,5.2,0,4,供应商B,1,晴,23,正常,0,1
2026-04-14,P023,饼干,零食,8,7.0,4.4,0,270,供应商D,1,晴,23,正常,0,1
2026-04-14,P024,薯片,零食,6,6.0,3.8,0,180,供应商D,1,晴,23,正常,0,1
2026-04-14,P025,瓜子,零食,5,8.0,5.0,0,240,供应商D,1,晴,23,正常,0,1
2026-04-14,P026,花生,零食,5,7.0,4.3,0,240,供应商D,1,晴,23,正常,0,1
2026-04-14,P027,巧克力,零食,7,8.0,5.2,0,300,供应商D,2,晴,23,正常,0,1
2026-04-14,P028,棒棒糖,零食,7,1.0,0.5,0,365,供应商D,2,晴,23,正常,0,1
2026-04-14,P029,冰淇淋,冷饮,11,5.0,3.0,0,180,供应商A,1,晴,23,正常,0,1
2026-04-14,P030,雪糕,冷饮,20,3.0,1.7,0,180,供应商A,1,晴,23,正常,0,1
2026-04-14,P031,纸巾,日用品,10,5.0,3.2,1,1095,供应商E,2,晴,23,正常,0,1
2026-04-14,P032,卷纸,日用品,4,18.0,13.0,1,1095,供应商E,2,晴,23,正常,0,1
2026-04-14,P033,洗衣液,日用品,2,25.0,18.0,0,1095,供应商E,3,晴,23,正常,0,1
2026-04-14,P034,洗洁精,日用品,5,12.0,8.0,0,1095,供应商E,3,晴,23,正常,0,1
2026-04-14,P035,牙膏,日用品,1,12.0,8.5,0,1095,供应商E,3,晴,23,正常,0,1
2026-04-14,P036,牙刷,日用品,2,6.0,3.5,0,1095,供应商E,3,晴,23,正常,0,1
2026-04-14,P037,香皂,日用品,4,5.0,3.0,0,1095,供应商E,3,晴,23,正常,0,1
2026-04-14,P038,垃圾袋,日用品,6,8.0,5.0,0,1095,供应商E,3,晴,23,正常,0,1
2026-04-14,P039,电池,日用品,2,10.0,6.5,0,1095,供应商E,3,晴,23,正常,0,1
2026-04-14,P040,打火机,日用品,5,2.0,1.0,0,1095,供应商E,3,晴,23,正常,0,1
2026-04-14,P041,苹果,水果,9,8.0,5.0,0,10,供应商B,1,晴,23,正常,0,1
2026-04-14,P042,香蕉,水果,12,6.0,3.8,0,6,供应商B,1,晴,23,正常,0,1
2026-04-14,P043,橙子,水果,5,9.0,6.0,0,14,供应商B,1,晴,23,正常,0,1
2026-04-14,P044,西红柿,蔬菜,8,6.0,3.8,1,7,供应商B,1,晴,23,正常,0,1
2026-04-14,P045,土豆,蔬菜,9,5.0,3.0,1,30,供应商B,1,晴,23,正常,0,1
2026-04-14,P046,青菜,蔬菜,8,4.0,2.2,1,3,供应商B,1,晴,23,正常,0,1
2026-04-14,P047,火锅底料,调味,5,12.0,8.0,0,365,供应商C,2,晴,23,正常,0,1
2026-04-14,P048,速冻水饺,冷冻食品,4,18.0,12.5,0,180,供应商D,2,晴,23,正常,0,1
2026-04-14,P049,口罩10只,应急用品,3,10.0,6.0,1,1095,供应商E,3,晴,23,正常,0,1
2026-04-14,P050,创可贴,应急用品,3,5.0,2.8,1,1095,供应商E,3,晴,23,正常,0,1
2026-04-15,P001,矿泉水,饮料,20,2.0,1.1,1,365,供应商A,1,暴雨,24,暴雨,0,1
2026-04-15,P002,桶装水,饮料,5,8.0,5.2,1,365,供应商A,1,暴雨,24,暴雨,0,1
2026-04-15,P003,可乐,饮料,17,3.5,2.2,0,270,供应商A,1,暴雨,24,暴雨,0,1
2026-04-15,P004,雪碧,饮料,15,3.5,2.2,0,270,供应商A,1,暴雨,24,暴雨,0,1
2026-04-15,P005,橙汁,饮料,8,5.0,3.2,0,180,供应商A,2,暴雨,24,暴雨,0,1
2026-04-15,P006,牛奶,乳品,14,3.5,2.4,1,7,供应商B,1,暴雨,24,暴雨,0,1
2026-04-15,P007,酸奶,乳品,10,5.0,3.3,0,14,供应商B,1,暴雨,24,暴雨,0,1
2026-04-15,P008,鸡蛋,生鲜,10,12.0,8.5,1,20,供应商B,1,暴雨,24,暴雨,0,1
2026-04-15,P009,大米5kg,粮油,6,35.0,28.0,1,365,供应商C,2,暴雨,24,暴雨,0,1
2026-04-15,P010,食用油5L,粮油,5,65.0,53.0,1,540,供应商C,2,暴雨,24,暴雨,0,1
2026-04-15,P011,挂面,粮油,13,8.0,5.5,1,365,供应商C,2,暴雨,24,暴雨,0,1
2026-04-15,P012,面粉2.5kg,粮油,5,18.0,14.0,1,365,供应商C,2,暴雨,24,暴雨,0,1
2026-04-15,P013,食盐,调味,4,2.5,1.4,1,730,供应商C,2,暴雨,24,暴雨,0,1
2026-04-15,P014,酱油,调味,6,8.0,5.6,1,540,供应商C,2,暴雨,24,暴雨,0,1
2026-04-15,P015,食醋,调味,5,6.0,4.0,1,540,供应商C,2,暴雨,24,暴雨,0,1
2026-04-15,P016,方便面红烧,方便食品,19,5.0,3.4,1,180,供应商D,1,暴雨,24,暴雨,0,1
2026-04-15,P017,方便面香辣,方便食品,13,5.0,3.4,0,180,供应商D,1,暴雨,24,暴雨,0,1
2026-04-15,P018,火腿肠,方便食品,15,3.0,1.9,0,180,供应商D,1,暴雨,24,暴雨,0,1
2026-04-15,P019,八宝粥,方便食品,8,6.0,4.1,0,365,供应商D,1,暴雨,24,暴雨,0,1
2026-04-15,P020,榨菜,方便食品,8,2.0,1.2,0,365,供应商D,1,暴雨,24,暴雨,0,1
2026-04-15,P021,面包,烘焙,12,6.0,3.8,0,5,供应商B,1,暴雨,24,暴雨,0,1
2026-04-15,P022,蛋糕,烘焙,8,8.0,5.2,0,4,供应商B,1,暴雨,24,暴雨,0,1
2026-04-15,P023,饼干,零食,8,7.0,4.4,0,270,供应商D,1,暴雨,24,暴雨,0,1
2026-04-15,P024,薯片,零食,7,6.0,3.8,0,180,供应商D,1,暴雨,24,暴雨,0,1
2026-04-15,P025,瓜子,零食,4,8.0,5.0,0,240,供应商D,1,暴雨,24,暴雨,0,1
2026-04-15,P026,花生,零食,4,7.0,4.3,0,240,供应商D,1,暴雨,24,暴雨,0,1
2026-04-15,P027,巧克力,零食,3,8.0,5.2,0,300,供应商D,2,暴雨,24,暴雨,0,1
2026-04-15,P028,棒棒糖,零食,9,1.0,0.5,0,365,供应商D,2,暴雨,24,暴雨,0,1
2026-04-15,P029,冰淇淋,冷饮,8,5.0,3.0,0,180,供应商A,1,暴雨,24,暴雨,0,1
2026-04-15,P030,雪糕,冷饮,11,3.0,1.7,0,180,供应商A,1,暴雨,24,暴雨,0,1
2026-04-15,P031,纸巾,日用品,9,5.0,3.2,1,1095,供应商E,2,暴雨,24,暴雨,0,1
2026-04-15,P032,卷纸,日用品,6,18.0,13.0,1,1095,供应商E,2,暴雨,24,暴雨,0,1
2026-04-15,P033,洗衣液,日用品,6,25.0,18.0,0,1095,供应商E,3,暴雨,24,暴雨,0,1
2026-04-15,P034,洗洁精,日用品,6,12.0,8.0,0,1095,供应商E,3,暴雨,24,暴雨,0,1
2026-04-15,P035,牙膏,日用品,5,12.0,8.5,0,1095,供应商E,3,暴雨,24,暴雨,0,1
2026-04-15,P036,牙刷,日用品,5,6.0,3.5,0,1095,供应商E,3,暴雨,24,暴雨,0,1
2026-04-15,P037,香皂,日用品,5,5.0,3.0,0,1095,供应商E,3,暴雨,24,暴雨,0,1
2026-04-15,P038,垃圾袋,日用品,6,8.0,5.0,0,1095,供应商E,3,暴雨,24,暴雨,0,1
2026-04-15,P039,电池,日用品,5,10.0,6.5,0,1095,供应商E,3,暴雨,24,暴雨,0,1
2026-04-15,P040,打火机,日用品,6,2.0,1.0,0,1095,供应商E,3,暴雨,24,暴雨,0,1
2026-04-15,P041,苹果,水果,6,8.0,5.0,0,10,供应商B,1,暴雨,24,暴雨,0,1
2026-04-15,P042,香蕉,水果,4,6.0,3.8,0,6,供应商B,1,暴雨,24,暴雨,0,1
2026-04-15,P043,橙子,水果,5,9.0,6.0,0,14,供应商B,1,暴雨,24,暴雨,0,1
2026-04-15,P044,西红柿,蔬菜,9,6.0,3.8,1,7,供应商B,1,暴雨,24,暴雨,0,1
2026-04-15,P045,土豆,蔬菜,7,5.0,3.0,1,30,供应商B,1,暴雨,24,暴雨,0,1
2026-04-15,P046,青菜,蔬菜,13,4.0,2.2,1,3,供应商B,1,暴雨,24,暴雨,0,1
2026-04-15,P047,火锅底料,调味,3,12.0,8.0,0,365,供应商C,2,暴雨,24,暴雨,0,1
2026-04-15,P048,速冻水饺,冷冻食品,5,18.0,12.5,0,180,供应商D,2,暴雨,24,暴雨,0,1
2026-04-15,P049,口罩10只,应急用品,3,10.0,6.0,1,1095,供应商E,3,暴雨,24,暴雨,0,1
2026-04-15,P050,创可贴,应急用品,3,5.0,2.8,1,1095,供应商E,3,暴雨,24,暴雨,0,1
2026-04-16,P001,矿泉水,饮料,24,2.0,1.1,1,365,供应商A,1,暴雨,26,暴雨,0,1
2026-04-16,P002,桶装水,饮料,6,8.0,5.2,1,365,供应商A,1,暴雨,26,暴雨,0,1
2026-04-16,P003,可乐,饮料,18,3.5,2.2,0,270,供应商A,1,暴雨,26,暴雨,0,1
2026-04-16,P004,雪碧,饮料,16,3.5,2.2,0,270,供应商A,1,暴雨,26,暴雨,0,1
2026-04-16,P005,橙汁,饮料,8,5.0,3.2,0,180,供应商A,2,暴雨,26,暴雨,0,1
2026-04-16,P006,牛奶,乳品,16,3.5,2.4,1,7,供应商B,1,暴雨,26,暴雨,0,1
2026-04-16,P007,酸奶,乳品,8,5.0,3.3,0,14,供应商B,1,暴雨,26,暴雨,0,1
2026-04-16,P008,鸡蛋,生鲜,13,12.0,8.5,1,20,供应商B,1,暴雨,26,暴雨,0,1
2026-04-16,P009,大米5kg,粮油,4,35.0,28.0,1,365,供应商C,2,暴雨,26,暴雨,0,1
2026-04-16,P010,食用油5L,粮油,5,65.0,53.0,1,540,供应商C,2,暴雨,26,暴雨,0,1
2026-04-16,P011,挂面,粮油,13,8.0,5.5,1,365,供应商C,2,暴雨,26,暴雨,0,1
2026-04-16,P012,面粉2.5kg,粮油,5,18.0,14.0,1,365,供应商C,2,暴雨,26,暴雨,0,1
2026-04-16,P013,食盐,调味,2,2.5,1.4,1,730,供应商C,2,暴雨,26,暴雨,0,1
2026-04-16,P014,酱油,调味,4,8.0,5.6,1,540,供应商C,2,暴雨,26,暴雨,0,1
2026-04-16,P015,食醋,调味,5,6.0,4.0,1,540,供应商C,2,暴雨,26,暴雨,0,1
2026-04-16,P016,方便面红烧,方便食品,22,5.0,3.4,1,180,供应商D,1,暴雨,26,暴雨,0,1
2026-04-16,P017,方便面香辣,方便食品,14,5.0,3.4,0,180,供应商D,1,暴雨,26,暴雨,0,1
2026-04-16,P018,火腿肠,方便食品,16,3.0,1.9,0,180,供应商D,1,暴雨,26,暴雨,0,1
2026-04-16,P019,八宝粥,方便食品,10,6.0,4.1,0,365,供应商D,1,暴雨,26,暴雨,0,1
2026-04-16,P020,榨菜,方便食品,10,2.0,1.2,0,365,供应商D,1,暴雨,26,暴雨,0,1
2026-04-16,P021,面包,烘焙,14,6.0,3.8,0,5,供应商B,1,暴雨,26,暴雨,0,1
2026-04-16,P022,蛋糕,烘焙,9,8.0,5.2,0,4,供应商B,1,暴雨,26,暴雨,0,1
2026-04-16,P023,饼干,零食,10,7.0,4.4,0,270,供应商D,1,暴雨,26,暴雨,0,1
2026-04-16,P024,薯片,零食,11,6.0,3.8,0,180,供应商D,1,暴雨,26,暴雨,0,1
2026-04-16,P025,瓜子,零食,6,8.0,5.0,0,240,供应商D,1,暴雨,26,暴雨,0,1
2026-04-16,P026,花生,零食,5,7.0,4.3,0,240,供应商D,1,暴雨,26,暴雨,0,1
2026-04-16,P027,巧克力,零食,7,8.0,5.2,0,300,供应商D,2,暴雨,26,暴雨,0,1
2026-04-16,P028,棒棒糖,零食,9,1.0,0.5,0,365,供应商D,2,暴雨,26,暴雨,0,1
2026-04-16,P029,冰淇淋,冷饮,11,5.0,3.0,0,180,供应商A,1,暴雨,26,暴雨,0,1
2026-04-16,P030,雪糕,冷饮,12,3.0,1.7,0,180,供应商A,1,暴雨,26,暴雨,0,1
2026-04-16,P031,纸巾,日用品,10,5.0,3.2,1,1095,供应商E,2,暴雨,26,暴雨,0,1
2026-04-16,P032,卷纸,日用品,7,18.0,13.0,1,1095,供应商E,2,暴雨,26,暴雨,0,1
2026-04-16,P033,洗衣液,日用品,6,25.0,18.0,0,1095,供应商E,3,暴雨,26,暴雨,0,1
2026-04-16,P034,洗洁精,日用品,6,12.0,8.0,0,1095,供应商E,3,暴雨,26,暴雨,0,1
2026-04-16,P035,牙膏,日用品,3,12.0,8.5,0,1095,供应商E,3,暴雨,26,暴雨,0,1
2026-04-16,P036,牙刷,日用品,5,6.0,3.5,0,1095,供应商E,3,暴雨,26,暴雨,0,1
2026-04-16,P037,香皂,日用品,8,5.0,3.0,0,1095,供应商E,3,暴雨,26,暴雨,0,1
2026-04-16,P038,垃圾袋,日用品,5,8.0,5.0,0,1095,供应商E,3,暴雨,26,暴雨,0,1
2026-04-16,P039,电池,日用品,2,10.0,6.5,0,1095,供应商E,3,暴雨,26,暴雨,0,1
2026-04-16,P040,打火机,日用品,9,2.0,1.0,0,1095,供应商E,3,暴雨,26,暴雨,0,1
2026-04-16,P041,苹果,水果,7,8.0,5.0,0,10,供应商B,1,暴雨,26,暴雨,0,1
2026-04-16,P042,香蕉,水果,6,6.0,3.8,0,6,供应商B,1,暴雨,26,暴雨,0,1
2026-04-16,P043,橙子,水果,4,9.0,6.0,0,14,供应商B,1,暴雨,26,暴雨,0,1
2026-04-16,P044,西红柿,蔬菜,9,6.0,3.8,1,7,供应商B,1,暴雨,26,暴雨,0,1
2026-04-16,P045,土豆,蔬菜,6,5.0,3.0,1,30,供应商B,1,暴雨,26,暴雨,0,1
2026-04-16,P046,青菜,蔬菜,12,4.0,2.2,1,3,供应商B,1,暴雨,26,暴雨,0,1
2026-04-16,P047,火锅底料,调味,5,12.0,8.0,0,365,供应商C,2,暴雨,26,暴雨,0,1
2026-04-16,P048,速冻水饺,冷冻食品,5,18.0,12.5,0,180,供应商D,2,暴雨,26,暴雨,0,1
2026-04-16,P049,口罩10只,应急用品,3,10.0,6.0,1,1095,供应商E,3,暴雨,26,暴雨,0,1
2026-04-16,P050,创可贴,应急用品,3,5.0,2.8,1,1095,供应商E,3,暴雨,26,暴雨,0,1
2026-04-17,P001,矿泉水,饮料,28,2.0,1.1,1,365,供应商A,1,暴雨,24,暴雨,0,1
2026-04-17,P002,桶装水,饮料,5,8.0,5.2,1,365,供应商A,1,暴雨,24,暴雨,0,1
2026-04-17,P003,可乐,饮料,12,3.5,2.2,0,270,供应商A,1,暴雨,24,暴雨,0,1
2026-04-17,P004,雪碧,饮料,14,3.5,2.2,0,270,供应商A,1,暴雨,24,暴雨,0,1
2026-04-17,P005,橙汁,饮料,9,5.0,3.2,0,180,供应商A,2,暴雨,24,暴雨,0,1
2026-04-17,P006,牛奶,乳品,15,3.5,2.4,1,7,供应商B,1,暴雨,24,暴雨,0,1
2026-04-17,P007,酸奶,乳品,10,5.0,3.3,0,14,供应商B,1,暴雨,24,暴雨,0,1
2026-04-17,P008,鸡蛋,生鲜,11,12.0,8.5,1,20,供应商B,1,暴雨,24,暴雨,0,1
2026-04-17,P009,大米5kg,粮油,6,35.0,28.0,1,365,供应商C,2,暴雨,24,暴雨,0,1
2026-04-17,P010,食用油5L,粮油,4,65.0,53.0,1,540,供应商C,2,暴雨,24,暴雨,0,1
2026-04-17,P011,挂面,粮油,9,8.0,5.5,1,365,供应商C,2,暴雨,24,暴雨,0,1
2026-04-17,P012,面粉2.5kg,粮油,5,18.0,14.0,1,365,供应商C,2,暴雨,24,暴雨,0,1
2026-04-17,P013,食盐,调味,7,2.5,1.4,1,730,供应商C,2,暴雨,24,暴雨,0,1
2026-04-17,P014,酱油,调味,3,8.0,5.6,1,540,供应商C,2,暴雨,24,暴雨,0,1
2026-04-17,P015,食醋,调味,5,6.0,4.0,1,540,供应商C,2,暴雨,24,暴雨,0,1
2026-04-17,P016,方便面红烧,方便食品,15,5.0,3.4,1,180,供应商D,1,暴雨,24,暴雨,0,1
2026-04-17,P017,方便面香辣,方便食品,13,5.0,3.4,0,180,供应商D,1,暴雨,24,暴雨,0,1
2026-04-17,P018,火腿肠,方便食品,13,3.0,1.9,0,180,供应商D,1,暴雨,24,暴雨,0,1
2026-04-17,P019,八宝粥,方便食品,6,6.0,4.1,0,365,供应商D,1,暴雨,24,暴雨,0,1
2026-04-17,P020,榨菜,方便食品,9,2.0,1.2,0,365,供应商D,1,暴雨,24,暴雨,0,1
2026-04-17,P021,面包,烘焙,11,6.0,3.8,0,5,供应商B,1,暴雨,24,暴雨,0,1
2026-04-17,P022,蛋糕,烘焙,4,8.0,5.2,0,4,供应商B,1,暴雨,24,暴雨,0,1
2026-04-17,P023,饼干,零食,10,7.0,4.4,0,270,供应商D,1,暴雨,24,暴雨,0,1
2026-04-17,P024,薯片,零食,12,6.0,3.8,0,180,供应商D,1,暴雨,24,暴雨,0,1
2026-04-17,P025,瓜子,零食,8,8.0,5.0,0,240,供应商D,1,暴雨,24,暴雨,0,1
2026-04-17,P026,花生,零食,6,7.0,4.3,0,240,供应商D,1,暴雨,24,暴雨,0,1
2026-04-17,P027,巧克力,零食,5,8.0,5.2,0,300,供应商D,2,暴雨,24,暴雨,0,1
2026-04-17,P028,棒棒糖,零食,11,1.0,0.5,0,365,供应商D,2,暴雨,24,暴雨,0,1
2026-04-17,P029,冰淇淋,冷饮,13,5.0,3.0,0,180,供应商A,1,暴雨,24,暴雨,0,1
2026-04-17,P030,雪糕,冷饮,14,3.0,1.7,0,180,供应商A,1,暴雨,24,暴雨,0,1
2026-04-17,P031,纸巾,日用品,9,5.0,3.2,1,1095,供应商E,2,暴雨,24,暴雨,0,1
2026-04-17,P032,卷纸,日用品,7,18.0,13.0,1,1095,供应商E,2,暴雨,24,暴雨,0,1
2026-04-17,P033,洗衣液,日用品,5,25.0,18.0,0,1095,供应商E,3,暴雨,24,暴雨,0,1
2026-04-17,P034,洗洁精,日用品,3,12.0,8.0,0,1095,供应商E,3,暴雨,24,暴雨,0,1
2026-04-17,P035,牙膏,日用品,6,12.0,8.5,0,1095,供应商E,3,暴雨,24,暴雨,0,1
2026-04-17,P036,牙刷,日用品,8,6.0,3.5,0,1095,供应商E,3,暴雨,24,暴雨,0,1
2026-04-17,P037,香皂,日用品,6,5.0,3.0,0,1095,供应商E,3,暴雨,24,暴雨,0,1
2026-04-17,P038,垃圾袋,日用品,7,8.0,5.0,0,1095,供应商E,3,暴雨,24,暴雨,0,1
2026-04-17,P039,电池,日用品,4,10.0,6.5,0,1095,供应商E,3,暴雨,24,暴雨,0,1
2026-04-17,P040,打火机,日用品,7,2.0,1.0,0,1095,供应商E,3,暴雨,24,暴雨,0,1
2026-04-17,P041,苹果,水果,6,8.0,5.0,0,10,供应商B,1,暴雨,24,暴雨,0,1
2026-04-17,P042,香蕉,水果,6,6.0,3.8,0,6,供应商B,1,暴雨,24,暴雨,0,1
2026-04-17,P043,橙子,水果,3,9.0,6.0,0,14,供应商B,1,暴雨,24,暴雨,0,1
2026-04-17,P044,西红柿,蔬菜,10,6.0,3.8,1,7,供应商B,1,暴雨,24,暴雨,0,1
2026-04-17,P045,土豆,蔬菜,9,5.0,3.0,1,30,供应商B,1,暴雨,24,暴雨,0,1
2026-04-17,P046,青菜,蔬菜,8,4.0,2.2,1,3,供应商B,1,暴雨,24,暴雨,0,1
2026-04-17,P047,火锅底料,调味,5,12.0,8.0,0,365,供应商C,2,暴雨,24,暴雨,0,1
2026-04-17,P048,速冻水饺,冷冻食品,5,18.0,12.5,0,180,供应商D,2,暴雨,24,暴雨,0,1
2026-04-17,P049,口罩10只,应急用品,3,10.0,6.0,1,1095,供应商E,3,暴雨,24,暴雨,0,1
2026-04-17,P050,创可贴,应急用品,4,5.0,2.8,1,1095,供应商E,3,暴雨,24,暴雨,0,1
2026-04-18,P001,矿泉水,饮料,31,2.0,1.1,1,365,供应商A,1,晴,26,正常,1,1
2026-04-18,P002,桶装水,饮料,7,8.0,5.2,1,365,供应商A,1,晴,26,正常,1,1
2026-04-18,P003,可乐,饮料,22,3.5,2.2,0,270,供应商A,1,晴,26,正常,1,1
2026-04-18,P004,雪碧,饮料,15,3.5,2.2,0,270,供应商A,1,晴,26,正常,1,1
2026-04-18,P005,橙汁,饮料,10,5.0,3.2,0,180,供应商A,2,晴,26,正常,1,1
2026-04-18,P006,牛奶,乳品,13,3.5,2.4,1,7,供应商B,1,晴,26,正常,1,1
2026-04-18,P007,酸奶,乳品,13,5.0,3.3,0,14,供应商B,1,晴,26,正常,1,1
2026-04-18,P008,鸡蛋,生鲜,14,12.0,8.5,1,20,供应商B,1,晴,26,正常,1,1
2026-04-18,P009,大米5kg,粮油,5,35.0,28.0,1,365,供应商C,2,晴,26,正常,1,1
2026-04-18,P010,食用油5L,粮油,1,65.0,53.0,1,540,供应商C,2,晴,26,正常,1,1
2026-04-18,P011,挂面,粮油,7,8.0,5.5,1,365,供应商C,2,晴,26,正常,1,1
2026-04-18,P012,面粉2.5kg,粮油,6,18.0,14.0,1,365,供应商C,2,晴,26,正常,1,1
2026-04-18,P013,食盐,调味,6,2.5,1.4,1,730,供应商C,2,晴,26,正常,1,1
2026-04-18,P014,酱油,调味,3,8.0,5.6,1,540,供应商C,2,晴,26,正常,1,1
2026-04-18,P015,食醋,调味,6,6.0,4.0,1,540,供应商C,2,晴,26,正常,1,1
2026-04-18,P016,方便面红烧,方便食品,15,5.0,3.4,1,180,供应商D,1,晴,26,正常,1,1
2026-04-18,P017,方便面香辣,方便食品,13,5.0,3.4,0,180,供应商D,1,晴,26,正常,1,1
2026-04-18,P018,火腿肠,方便食品,11,3.0,1.9,0,180,供应商D,1,晴,26,正常,1,1
2026-04-18,P019,八宝粥,方便食品,8,6.0,4.1,0,365,供应商D,1,晴,26,正常,1,1
2026-04-18,P020,榨菜,方便食品,8,2.0,1.2,0,365,供应商D,1,晴,26,正常,1,1
2026-04-18,P021,面包,烘焙,11,6.0,3.8,0,5,供应商B,1,晴,26,正常,1,1
2026-04-18,P022,蛋糕,烘焙,6,8.0,5.2,0,4,供应商B,1,晴,26,正常,1,1
2026-04-18,P023,饼干,零食,10,7.0,4.4,0,270,供应商D,1,晴,26,正常,1,1
2026-04-18,P024,薯片,零食,12,6.0,3.8,0,180,供应商D,1,晴,26,正常,1,1
2026-04-18,P025,瓜子,零食,5,8.0,5.0,0,240,供应商D,1,晴,26,正常,1,1
2026-04-18,P026,花生,零食,5,7.0,4.3,0,240,供应商D,1,晴,26,正常,1,1
2026-04-18,P027,巧克力,零食,6,8.0,5.2,0,300,供应商D,2,晴,26,正常,1,1
2026-04-18,P028,棒棒糖,零食,9,1.0,0.5,0,365,供应商D,2,晴,26,正常,1,1
2026-04-18,P029,冰淇淋,冷饮,14,5.0,3.0,0,180,供应商A,1,晴,26,正常,1,1
2026-04-18,P030,雪糕,冷饮,13,3.0,1.7,0,180,供应商A,1,晴,26,正常,1,1
2026-04-18,P031,纸巾,日用品,8,5.0,3.2,1,1095,供应商E,2,晴,26,正常,1,1
2026-04-18,P032,卷纸,日用品,5,18.0,13.0,1,1095,供应商E,2,晴,26,正常,1,1
2026-04-18,P033,洗衣液,日用品,4,25.0,18.0,0,1095,供应商E,3,晴,26,正常,1,1
2026-04-18,P034,洗洁精,日用品,3,12.0,8.0,0,1095,供应商E,3,晴,26,正常,1,1
2026-04-18,P035,牙膏,日用品,6,12.0,8.5,0,1095,供应商E,3,晴,26,正常,1,1
2026-04-18,P036,牙刷,日用品,4,6.0,3.5,0,1095,供应商E,3,晴,26,正常,1,1
2026-04-18,P037,香皂,日用品,4,5.0,3.0,0,1095,供应商E,3,晴,26,正常,1,1
2026-04-18,P038,垃圾袋,日用品,6,8.0,5.0,0,1095,供应商E,3,晴,26,正常,1,1
2026-04-18,P039,电池,日用品,4,10.0,6.5,0,1095,供应商E,3,晴,26,正常,1,1
2026-04-18,P040,打火机,日用品,5,2.0,1.0,0,1095,供应商E,3,晴,26,正常,1,1
2026-04-18,P041,苹果,水果,9,8.0,5.0,0,10,供应商B,1,晴,26,正常,1,1
2026-04-18,P042,香蕉,水果,12,6.0,3.8,0,6,供应商B,1,晴,26,正常,1,1
2026-04-18,P043,橙子,水果,8,9.0,6.0,0,14,供应商B,1,晴,26,正常,1,1
2026-04-18,P044,西红柿,蔬菜,8,6.0,3.8,1,7,供应商B,1,晴,26,正常,1,1
2026-04-18,P045,土豆,蔬菜,8,5.0,3.0,1,30,供应商B,1,晴,26,正常,1,1
2026-04-18,P046,青菜,蔬菜,11,4.0,2.2,1,3,供应商B,1,晴,26,正常,1,1
2026-04-18,P047,火锅底料,调味,3,12.0,8.0,0,365,供应商C,2,晴,26,正常,1,1
2026-04-18,P048,速冻水饺,冷冻食品,5,18.0,12.5,0,180,供应商D,2,晴,26,正常,1,1
2026-04-18,P049,口罩10只,应急用品,3,10.0,6.0,1,1095,供应商E,3,晴,26,正常,1,1
2026-04-18,P050,创可贴,应急用品,5,5.0,2.8,1,1095,供应商E,3,晴,26,正常,1,1
2026-04-19,P001,矿泉水,饮料,32,2.0,1.1,1,365,供应商A,1,晴,24,正常,1,1
2026-04-19,P002,桶装水,饮料,6,8.0,5.2,1,365,供应商A,1,晴,24,正常,1,1
2026-04-19,P003,可乐,饮料,17,3.5,2.2,0,270,供应商A,1,晴,24,正常,1,1
2026-04-19,P004,雪碧,饮料,16,3.5,2.2,0,270,供应商A,1,晴,24,正常,1,1
2026-04-19,P005,橙汁,饮料,8,5.0,3.2,0,180,供应商A,2,晴,24,正常,1,1
2026-04-19,P006,牛奶,乳品,17,3.5,2.4,1,7,供应商B,1,晴,24,正常,1,1
2026-04-19,P007,酸奶,乳品,10,5.0,3.3,0,14,供应商B,1,晴,24,正常,1,1
2026-04-19,P008,鸡蛋,生鲜,11,12.0,8.5,1,20,供应商B,1,晴,24,正常,1,1
2026-04-19,P009,大米5kg,粮油,3,35.0,28.0,1,365,供应商C,2,晴,24,正常,1,1
2026-04-19,P010,食用油5L,粮油,5,65.0,53.0,1,540,供应商C,2,晴,24,正常,1,1
2026-04-19,P011,挂面,粮油,8,8.0,5.5,1,365,供应商C,2,晴,24,正常,1,1
2026-04-19,P012,面粉2.5kg,粮油,6,18.0,14.0,1,365,供应商C,2,晴,24,正常,1,1
2026-04-19,P013,食盐,调味,5,2.5,1.4,1,730,供应商C,2,晴,24,正常,1,1
2026-04-19,P014,酱油,调味,6,8.0,5.6,1,540,供应商C,2,晴,24,正常,1,1
2026-04-19,P015,食醋,调味,7,6.0,4.0,1,540,供应商C,2,晴,24,正常,1,1
2026-04-19,P016,方便面红烧,方便食品,14,5.0,3.4,1,180,供应商D,1,晴,24,正常,1,1
2026-04-19,P017,方便面香辣,方便食品,8,5.0,3.4,0,180,供应商D,1,晴,24,正常,1,1
2026-04-19,P018,火腿肠,方便食品,13,3.0,1.9,0,180,供应商D,1,晴,24,正常,1,1
2026-04-19,P019,八宝粥,方便食品,7,6.0,4.1,0,365,供应商D,1,晴,24,正常,1,1
2026-04-19,P020,榨菜,方便食品,7,2.0,1.2,0,365,供应商D,1,晴,24,正常,1,1
2026-04-19,P021,面包,烘焙,12,6.0,3.8,0,5,供应商B,1,晴,24,正常,1,1
2026-04-19,P022,蛋糕,烘焙,8,8.0,5.2,0,4,供应商B,1,晴,24,正常,1,1
2026-04-19,P023,饼干,零食,8,7.0,4.4,0,270,供应商D,1,晴,24,正常,1,1
2026-04-19,P024,薯片,零食,11,6.0,3.8,0,180,供应商D,1,晴,24,正常,1,1
2026-04-19,P025,瓜子,零食,7,8.0,5.0,0,240,供应商D,1,晴,24,正常,1,1
2026-04-19,P026,花生,零食,5,7.0,4.3,0,240,供应商D,1,晴,24,正常,1,1
2026-04-19,P027,巧克力,零食,5,8.0,5.2,0,300,供应商D,2,晴,24,正常,1,1
2026-04-19,P028,棒棒糖,零食,9,1.0,0.5,0,365,供应商D,2,晴,24,正常,1,1
2026-04-19,P029,冰淇淋,冷饮,12,5.0,3.0,0,180,供应商A,1,晴,24,正常,1,1
2026-04-19,P030,雪糕,冷饮,17,3.0,1.7,0,180,供应商A,1,晴,24,正常,1,1
2026-04-19,P031,纸巾,日用品,9,5.0,3.2,1,1095,供应商E,2,晴,24,正常,1,1
2026-04-19,P032,卷纸,日用品,5,18.0,13.0,1,1095,供应商E,2,晴,24,正常,1,1
2026-04-19,P033,洗衣液,日用品,3,25.0,18.0,0,1095,供应商E,3,晴,24,正常,1,1
2026-04-19,P034,洗洁精,日用品,4,12.0,8.0,0,1095,供应商E,3,晴,24,正常,1,1
2026-04-19,P035,牙膏,日用品,4,12.0,8.5,0,1095,供应商E,3,晴,24,正常,1,1
2026-04-19,P036,牙刷,日用品,5,6.0,3.5,0,1095,供应商E,3,晴,24,正常,1,1
2026-04-19,P037,香皂,日用品,6,5.0,3.0,0,1095,供应商E,3,晴,24,正常,1,1
2026-04-19,P038,垃圾袋,日用品,4,8.0,5.0,0,1095,供应商E,3,晴,24,正常,1,1
2026-04-19,P039,电池,日用品,4,10.0,6.5,0,1095,供应商E,3,晴,24,正常,1,1
2026-04-19,P040,打火机,日用品,5,2.0,1.0,0,1095,供应商E,3,晴,24,正常,1,1
2026-04-19,P041,苹果,水果,9,8.0,5.0,0,10,供应商B,1,晴,24,正常,1,1
2026-04-19,P042,香蕉,水果,12,6.0,3.8,0,6,供应商B,1,晴,24,正常,1,1
2026-04-19,P043,橙子,水果,7,9.0,6.0,0,14,供应商B,1,晴,24,正常,1,1
2026-04-19,P044,西红柿,蔬菜,6,6.0,3.8,1,7,供应商B,1,晴,24,正常,1,1
2026-04-19,P045,土豆,蔬菜,8,5.0,3.0,1,30,供应商B,1,晴,24,正常,1,1
2026-04-19,P046,青菜,蔬菜,13,4.0,2.2,1,3,供应商B,1,晴,24,正常,1,1
2026-04-19,P047,火锅底料,调味,4,12.0,8.0,0,365,供应商C,2,晴,24,正常,1,1
2026-04-19,P048,速冻水饺,冷冻食品,7,18.0,12.5,0,180,供应商D,2,晴,24,正常,1,1
2026-04-19,P049,口罩10只,应急用品,2,10.0,6.0,1,1095,供应商E,3,晴,24,正常,1,1
2026-04-19,P050,创可贴,应急用品,2,5.0,2.8,1,1095,供应商E,3,晴,24,正常,1,1
2026-04-20,P001,矿泉水,饮料,25,2.0,1.1,1,365,供应商A,1,晴,25,正常,0,1
2026-04-20,P002,桶装水,饮料,4,8.0,5.2,1,365,供应商A,1,晴,25,正常,0,1
2026-04-20,P003,可乐,饮料,15,3.5,2.2,0,270,供应商A,1,晴,25,正常,0,1
2026-04-20,P004,雪碧,饮料,16,3.5,2.2,0,270,供应商A,1,晴,25,正常,0,1
2026-04-20,P005,橙汁,饮料,6,5.0,3.2,0,180,供应商A,2,晴,25,正常,0,1
2026-04-20,P006,牛奶,乳品,11,3.5,2.4,1,7,供应商B,1,晴,25,正常,0,1
2026-04-20,P007,酸奶,乳品,8,5.0,3.3,0,14,供应商B,1,晴,25,正常,0,1
2026-04-20,P008,鸡蛋,生鲜,12,12.0,8.5,1,20,供应商B,1,晴,25,正常,0,1
2026-04-20,P009,大米5kg,粮油,4,35.0,28.0,1,365,供应商C,2,晴,25,正常,0,1
2026-04-20,P010,食用油5L,粮油,5,65.0,53.0,1,540,供应商C,2,晴,25,正常,0,1
2026-04-20,P011,挂面,粮油,8,8.0,5.5,1,365,供应商C,2,晴,25,正常,0,1
2026-04-20,P012,面粉2.5kg,粮油,5,18.0,14.0,1,365,供应商C,2,晴,25,正常,0,1
2026-04-20,P013,食盐,调味,5,2.5,1.4,1,730,供应商C,2,晴,25,正常,0,1
2026-04-20,P014,酱油,调味,5,8.0,5.6,1,540,供应商C,2,晴,25,正常,0,1
2026-04-20,P015,食醋,调味,3,6.0,4.0,1,540,供应商C,2,晴,25,正常,0,1
2026-04-20,P016,方便面红烧,方便食品,17,5.0,3.4,1,180,供应商D,1,晴,25,正常,0,1
2026-04-20,P017,方便面香辣,方便食品,8,5.0,3.4,0,180,供应商D,1,晴,25,正常,0,1
2026-04-20,P018,火腿肠,方便食品,11,3.0,1.9,0,180,供应商D,1,晴,25,正常,0,1
2026-04-20,P019,八宝粥,方便食品,8,6.0,4.1,0,365,供应商D,1,晴,25,正常,0,1
2026-04-20,P020,榨菜,方便食品,6,2.0,1.2,0,365,供应商D,1,晴,25,正常,0,1
2026-04-20,P021,面包,烘焙,12,6.0,3.8,0,5,供应商B,1,晴,25,正常,0,1
2026-04-20,P022,蛋糕,烘焙,7,8.0,5.2,0,4,供应商B,1,晴,25,正常,0,1
2026-04-20,P023,饼干,零食,5,7.0,4.4,0,270,供应商D,1,晴,25,正常,0,1
2026-04-20,P024,薯片,零食,10,6.0,3.8,0,180,供应商D,1,晴,25,正常,0,1
2026-04-20,P025,瓜子,零食,6,8.0,5.0,0,240,供应商D,1,晴,25,正常,0,1
2026-04-20,P026,花生,零食,6,7.0,4.3,0,240,供应商D,1,晴,25,正常,0,1
2026-04-20,P027,巧克力,零食,6,8.0,5.2,0,300,供应商D,2,晴,25,正常,0,1
2026-04-20,P028,棒棒糖,零食,9,1.0,0.5,0,365,供应商D,2,晴,25,正常,0,1
2026-04-20,P029,冰淇淋,冷饮,11,5.0,3.0,0,180,供应商A,1,晴,25,正常,0,1
2026-04-20,P030,雪糕,冷饮,17,3.0,1.7,0,180,供应商A,1,晴,25,正常,0,1
2026-04-20,P031,纸巾,日用品,8,5.0,3.2,1,1095,供应商E,2,晴,25,正常,0,1
2026-04-20,P032,卷纸,日用品,5,18.0,13.0,1,1095,供应商E,2,晴,25,正常,0,1
2026-04-20,P033,洗衣液,日用品,3,25.0,18.0,0,1095,供应商E,3,晴,25,正常,0,1
2026-04-20,P034,洗洁精,日用品,5,12.0,8.0,0,1095,供应商E,3,晴,25,正常,0,1
2026-04-20,P035,牙膏,日用品,3,12.0,8.5,0,1095,供应商E,3,晴,25,正常,0,1
2026-04-20,P036,牙刷,日用品,4,6.0,3.5,0,1095,供应商E,3,晴,25,正常,0,1
2026-04-20,P037,香皂,日用品,6,5.0,3.0,0,1095,供应商E,3,晴,25,正常,0,1
2026-04-20,P038,垃圾袋,日用品,2,8.0,5.0,0,1095,供应商E,3,晴,25,正常,0,1
2026-04-20,P039,电池,日用品,3,10.0,6.5,0,1095,供应商E,3,晴,25,正常,0,1
2026-04-20,P040,打火机,日用品,4,2.0,1.0,0,1095,供应商E,3,晴,25,正常,0,1
2026-04-20,P041,苹果,水果,8,8.0,5.0,0,10,供应商B,1,晴,25,正常,0,1
2026-04-20,P042,香蕉,水果,8,6.0,3.8,0,6,供应商B,1,晴,25,正常,0,1
2026-04-20,P043,橙子,水果,6,9.0,6.0,0,14,供应商B,1,晴,25,正常,0,1
2026-04-20,P044,西红柿,蔬菜,10,6.0,3.8,1,7,供应商B,1,晴,25,正常,0,1
2026-04-20,P045,土豆,蔬菜,5,5.0,3.0,1,30,供应商B,1,晴,25,正常,0,1
2026-04-20,P046,青菜,蔬菜,8,4.0,2.2,1,3,供应商B,1,晴,25,正常,0,1
2026-04-20,P047,火锅底料,调味,2,12.0,8.0,0,365,供应商C,2,晴,25,正常,0,1
2026-04-20,P048,速冻水饺,冷冻食品,7,18.0,12.5,0,180,供应商D,2,晴,25,正常,0,1
2026-04-20,P049,口罩10只,应急用品,2,10.0,6.0,1,1095,供应商E,3,晴,25,正常,0,1
2026-04-20,P050,创可贴,应急用品,3,5.0,2.8,1,1095,供应商E,3,晴,25,正常,0,1
2026-04-21,P001,矿泉水,饮料,22,2.0,1.1,1,365,供应商A,1,晴,27,正常,0,1
2026-04-21,P002,桶装水,饮料,5,8.0,5.2,1,365,供应商A,1,晴,27,正常,0,1
2026-04-21,P003,可乐,饮料,15,3.5,2.2,0,270,供应商A,1,晴,27,正常,0,1
2026-04-21,P004,雪碧,饮料,18,3.5,2.2,0,270,供应商A,1,晴,27,正常,0,1
2026-04-21,P005,橙汁,饮料,10,5.0,3.2,0,180,供应商A,2,晴,27,正常,0,1
2026-04-21,P006,牛奶,乳品,12,3.5,2.4,1,7,供应商B,1,晴,27,正常,0,1
2026-04-21,P007,酸奶,乳品,10,5.0,3.3,0,14,供应商B,1,晴,27,正常,0,1
2026-04-21,P008,鸡蛋,生鲜,10,12.0,8.5,1,20,供应商B,1,晴,27,正常,0,1
2026-04-21,P009,大米5kg,粮油,2,35.0,28.0,1,365,供应商C,2,晴,27,正常,0,1
2026-04-21,P010,食用油5L,粮油,4,65.0,53.0,1,540,供应商C,2,晴,27,正常,0,1
2026-04-21,P011,挂面,粮油,8,8.0,5.5,1,365,供应商C,2,晴,27,正常,0,1
2026-04-21,P012,面粉2.5kg,粮油,5,18.0,14.0,1,365,供应商C,2,晴,27,正常,0,1
2026-04-21,P013,食盐,调味,4,2.5,1.4,1,730,供应商C,2,晴,27,正常,0,1
2026-04-21,P014,酱油,调味,5,8.0,5.6,1,540,供应商C,2,晴,27,正常,0,1
2026-04-21,P015,食醋,调味,5,6.0,4.0,1,540,供应商C,2,晴,27,正常,0,1
2026-04-21,P016,方便面红烧,方便食品,16,5.0,3.4,1,180,供应商D,1,晴,27,正常,0,1
2026-04-21,P017,方便面香辣,方便食品,9,5.0,3.4,0,180,供应商D,1,晴,27,正常,0,1
2026-04-21,P018,火腿肠,方便食品,7,3.0,1.9,0,180,供应商D,1,晴,27,正常,0,1
2026-04-21,P019,八宝粥,方便食品,7,6.0,4.1,0,365,供应商D,1,晴,27,正常,0,1
2026-04-21,P020,榨菜,方便食品,7,2.0,1.2,0,365,供应商D,1,晴,27,正常,0,1
2026-04-21,P021,面包,烘焙,10,6.0,3.8,0,5,供应商B,1,晴,27,正常,0,1
2026-04-21,P022,蛋糕,烘焙,8,8.0,5.2,0,4,供应商B,1,晴,27,正常,0,1
2026-04-21,P023,饼干,零食,9,7.0,4.4,0,270,供应商D,1,晴,27,正常,0,1
2026-04-21,P024,薯片,零食,11,6.0,3.8,0,180,供应商D,1,晴,27,正常,0,1
2026-04-21,P025,瓜子,零食,7,8.0,5.0,0,240,供应商D,1,晴,27,正常,0,1
2026-04-21,P026,花生,零食,5,7.0,4.3,0,240,供应商D,1,晴,27,正常,0,1
2026-04-21,P027,巧克力,零食,3,8.0,5.2,0,300,供应商D,2,晴,27,正常,0,1
2026-04-21,P028,棒棒糖,零食,8,1.0,0.5,0,365,供应商D,2,晴,27,正常,0,1
2026-04-21,P029,冰淇淋,冷饮,16,5.0,3.0,0,180,供应商A,1,晴,27,正常,0,1
2026-04-21,P030,雪糕,冷饮,16,3.0,1.7,0,180,供应商A,1,晴,27,正常,0,1
2026-04-21,P031,纸巾,日用品,7,5.0,3.2,1,1095,供应商E,2,晴,27,正常,0,1
2026-04-21,P032,卷纸,日用品,3,18.0,13.0,1,1095,供应商E,2,晴,27,正常,0,1
2026-04-21,P033,洗衣液,日用品,5,25.0,18.0,0,1095,供应商E,3,晴,27,正常,0,1
2026-04-21,P034,洗洁精,日用品,5,12.0,8.0,0,1095,供应商E,3,晴,27,正常,0,1
2026-04-21,P035,牙膏,日用品,5,12.0,8.5,0,1095,供应商E,3,晴,27,正常,0,1
2026-04-21,P036,牙刷,日用品,5,6.0,3.5,0,1095,供应商E,3,晴,27,正常,0,1
2026-04-21,P037,香皂,日用品,5,5.0,3.0,0,1095,供应商E,3,晴,27,正常,0,1
2026-04-21,P038,垃圾袋,日用品,4,8.0,5.0,0,1095,供应商E,3,晴,27,正常,0,1
2026-04-21,P039,电池,日用品,3,10.0,6.5,0,1095,供应商E,3,晴,27,正常,0,1
2026-04-21,P040,打火机,日用品,4,2.0,1.0,0,1095,供应商E,3,晴,27,正常,0,1
2026-04-21,P041,苹果,水果,11,8.0,5.0,0,10,供应商B,1,晴,27,正常,0,1
2026-04-21,P042,香蕉,水果,10,6.0,3.8,0,6,供应商B,1,晴,27,正常,0,1
2026-04-21,P043,橙子,水果,5,9.0,6.0,0,14,供应商B,1,晴,27,正常,0,1
2026-04-21,P044,西红柿,蔬菜,9,6.0,3.8,1,7,供应商B,1,晴,27,正常,0,1
2026-04-21,P045,土豆,蔬菜,6,5.0,3.0,1,30,供应商B,1,晴,27,正常,0,1
2026-04-21,P046,青菜,蔬菜,12,4.0,2.2,1,3,供应商B,1,晴,27,正常,0,1
2026-04-21,P047,火锅底料,调味,3,12.0,8.0,0,365,供应商C,2,晴,27,正常,0,1
2026-04-21,P048,速冻水饺,冷冻食品,6,18.0,12.5,0,180,供应商D,2,晴,27,正常,0,1
2026-04-21,P049,口罩10只,应急用品,4,10.0,6.0,1,1095,供应商E,3,晴,27,正常,0,1
2026-04-21,P050,创可贴,应急用品,3,5.0,2.8,1,1095,供应商E,3,晴,27,正常,0,1
2026-04-22,P001,矿泉水,饮料,24,2.0,1.1,1,365,供应商A,1,晴,21,正常,0,1
2026-04-22,P002,桶装水,饮料,6,8.0,5.2,1,365,供应商A,1,晴,21,正常,0,1
2026-04-22,P003,可乐,饮料,16,3.5,2.2,0,270,供应商A,1,晴,21,正常,0,1
2026-04-22,P004,雪碧,饮料,12,3.5,2.2,0,270,供应商A,1,晴,21,正常,0,1
2026-04-22,P005,橙汁,饮料,7,5.0,3.2,0,180,供应商A,2,晴,21,正常,0,1
2026-04-22,P006,牛奶,乳品,17,3.5,2.4,1,7,供应商B,1,晴,21,正常,0,1
2026-04-22,P007,酸奶,乳品,9,5.0,3.3,0,14,供应商B,1,晴,21,正常,0,1
2026-04-22,P008,鸡蛋,生鲜,10,12.0,8.5,1,20,供应商B,1,晴,21,正常,0,1
2026-04-22,P009,大米5kg,粮油,3,35.0,28.0,1,365,供应商C,2,晴,21,正常,0,1
2026-04-22,P010,食用油5L,粮油,4,65.0,53.0,1,540,供应商C,2,晴,21,正常,0,1
2026-04-22,P011,挂面,粮油,8,8.0,5.5,1,365,供应商C,2,晴,21,正常,0,1
2026-04-22,P012,面粉2.5kg,粮油,5,18.0,14.0,1,365,供应商C,2,晴,21,正常,0,1
2026-04-22,P013,食盐,调味,5,2.5,1.4,1,730,供应商C,2,晴,21,正常,0,1
2026-04-22,P014,酱油,调味,6,8.0,5.6,1,540,供应商C,2,晴,21,正常,0,1
2026-04-22,P015,食醋,调味,3,6.0,4.0,1,540,供应商C,2,晴,21,正常,0,1
2026-04-22,P016,方便面红烧,方便食品,14,5.0,3.4,1,180,供应商D,1,晴,21,正常,0,1
2026-04-22,P017,方便面香辣,方便食品,12,5.0,3.4,0,180,供应商D,1,晴,21,正常,0,1
2026-04-22,P018,火腿肠,方便食品,11,3.0,1.9,0,180,供应商D,1,晴,21,正常,0,1
2026-04-22,P019,八宝粥,方便食品,6,6.0,4.1,0,365,供应商D,1,晴,21,正常,0,1
2026-04-22,P020,榨菜,方便食品,5,2.0,1.2,0,365,供应商D,1,晴,21,正常,0,1
2026-04-22,P021,面包,烘焙,12,6.0,3.8,0,5,供应商B,1,晴,21,正常,0,1
2026-04-22,P022,蛋糕,烘焙,9,8.0,5.2,0,4,供应商B,1,晴,21,正常,0,1
2026-04-22,P023,饼干,零食,6,7.0,4.4,0,270,供应商D,1,晴,21,正常,0,1
2026-04-22,P024,薯片,零食,10,6.0,3.8,0,180,供应商D,1,晴,21,正常,0,1
2026-04-22,P025,瓜子,零食,4,8.0,5.0,0,240,供应商D,1,晴,21,正常,0,1
2026-04-22,P026,花生,零食,5,7.0,4.3,0,240,供应商D,1,晴,21,正常,0,1
2026-04-22,P027,巧克力,零食,5,8.0,5.2,0,300,供应商D,2,晴,21,正常,0,1
2026-04-22,P028,棒棒糖,零食,8,1.0,0.5,0,365,供应商D,2,晴,21,正常,0,1
2026-04-22,P029,冰淇淋,冷饮,13,5.0,3.0,0,180,供应商A,1,晴,21,正常,0,1
2026-04-22,P030,雪糕,冷饮,17,3.0,1.7,0,180,供应商A,1,晴,21,正常,0,1
2026-04-22,P031,纸巾,日用品,7,5.0,3.2,1,1095,供应商E,2,晴,21,正常,0,1
2026-04-22,P032,卷纸,日用品,3,18.0,13.0,1,1095,供应商E,2,晴,21,正常,0,1
2026-04-22,P033,洗衣液,日用品,4,25.0,18.0,0,1095,供应商E,3,晴,21,正常,0,1
2026-04-22,P034,洗洁精,日用品,5,12.0,8.0,0,1095,供应商E,3,晴,21,正常,0,1
2026-04-22,P035,牙膏,日用品,5,12.0,8.5,0,1095,供应商E,3,晴,21,正常,0,1
2026-04-22,P036,牙刷,日用品,2,6.0,3.5,0,1095,供应商E,3,晴,21,正常,0,1
2026-04-22,P037,香皂,日用品,4,5.0,3.0,0,1095,供应商E,3,晴,21,正常,0,1
2026-04-22,P038,垃圾袋,日用品,5,8.0,5.0,0,1095,供应商E,3,晴,21,正常,0,1
2026-04-22,P039,电池,日用品,2,10.0,6.5,0,1095,供应商E,3,晴,21,正常,0,1
2026-04-22,P040,打火机,日用品,5,2.0,1.0,0,1095,供应商E,3,晴,21,正常,0,1
2026-04-22,P041,苹果,水果,8,8.0,5.0,0,10,供应商B,1,晴,21,正常,0,1
2026-04-22,P042,香蕉,水果,12,6.0,3.8,0,6,供应商B,1,晴,21,正常,0,1
2026-04-22,P043,橙子,水果,8,9.0,6.0,0,14,供应商B,1,晴,21,正常,0,1
2026-04-22,P044,西红柿,蔬菜,6,6.0,3.8,1,7,供应商B,1,晴,21,正常,0,1
2026-04-22,P045,土豆,蔬菜,10,5.0,3.0,1,30,供应商B,1,晴,21,正常,0,1
2026-04-22,P046,青菜,蔬菜,9,4.0,2.2,1,3,供应商B,1,晴,21,正常,0,1
2026-04-22,P047,火锅底料,调味,5,12.0,8.0,0,365,供应商C,2,晴,21,正常,0,1
2026-04-22,P048,速冻水饺,冷冻食品,6,18.0,12.5,0,180,供应商D,2,晴,21,正常,0,1
2026-04-22,P049,口罩10只,应急用品,2,10.0,6.0,1,1095,供应商E,3,晴,21,正常,0,1
2026-04-22,P050,创可贴,应急用品,4,5.0,2.8,1,1095,供应商E,3,晴,21,正常,0,1
2026-04-23,P001,矿泉水,饮料,24,2.0,1.1,1,365,供应商A,1,晴,24,正常,0,1
2026-04-23,P002,桶装水,饮料,7,8.0,5.2,1,365,供应商A,1,晴,24,正常,0,1
2026-04-23,P003,可乐,饮料,17,3.5,2.2,0,270,供应商A,1,晴,24,正常,0,1
2026-04-23,P004,雪碧,饮料,15,3.5,2.2,0,270,供应商A,1,晴,24,正常,0,1
2026-04-23,P005,橙汁,饮料,8,5.0,3.2,0,180,供应商A,2,晴,24,正常,0,1
2026-04-23,P006,牛奶,乳品,14,3.5,2.4,1,7,供应商B,1,晴,24,正常,0,1
2026-04-23,P007,酸奶,乳品,11,5.0,3.3,0,14,供应商B,1,晴,24,正常,0,1
2026-04-23,P008,鸡蛋,生鲜,13,12.0,8.5,1,20,供应商B,1,晴,24,正常,0,1
2026-04-23,P009,大米5kg,粮油,5,35.0,28.0,1,365,供应商C,2,晴,24,正常,0,1
2026-04-23,P010,食用油5L,粮油,2,65.0,53.0,1,540,供应商C,2,晴,24,正常,0,1
2026-04-23,P011,挂面,粮油,6,8.0,5.5,1,365,供应商C,2,晴,24,正常,0,1
2026-04-23,P012,面粉2.5kg,粮油,3,18.0,14.0,1,365,供应商C,2,晴,24,正常,0,1
2026-04-23,P013,食盐,调味,4,2.5,1.4,1,730,供应商C,2,晴,24,正常,0,1
2026-04-23,P014,酱油,调味,6,8.0,5.6,1,540,供应商C,2,晴,24,正常,0,1
2026-04-23,P015,食醋,调味,5,6.0,4.0,1,540,供应商C,2,晴,24,正常,0,1
2026-04-23,P016,方便面红烧,方便食品,15,5.0,3.4,1,180,供应商D,1,晴,24,正常,0,1
2026-04-23,P017,方便面香辣,方便食品,12,5.0,3.4,0,180,供应商D,1,晴,24,正常,0,1
2026-04-23,P018,火腿肠,方便食品,12,3.0,1.9,0,180,供应商D,1,晴,24,正常,0,1
2026-04-23,P019,八宝粥,方便食品,7,6.0,4.1,0,365,供应商D,1,晴,24,正常,0,1
2026-04-23,P020,榨菜,方便食品,5,2.0,1.2,0,365,供应商D,1,晴,24,正常,0,1
2026-04-23,P021,面包,烘焙,15,6.0,3.8,0,5,供应商B,1,晴,24,正常,0,1
2026-04-23,P022,蛋糕,烘焙,7,8.0,5.2,0,4,供应商B,1,晴,24,正常,0,1
2026-04-23,P023,饼干,零食,9,7.0,4.4,0,270,供应商D,1,晴,24,正常,0,1
2026-04-23,P024,薯片,零食,9,6.0,3.8,0,180,供应商D,1,晴,24,正常,0,1
2026-04-23,P025,瓜子,零食,5,8.0,5.0,0,240,供应商D,1,晴,24,正常,0,1
2026-04-23,P026,花生,零食,4,7.0,4.3,0,240,供应商D,1,晴,24,正常,0,1
2026-04-23,P027,巧克力,零食,6,8.0,5.2,0,300,供应商D,2,晴,24,正常,0,1
2026-04-23,P028,棒棒糖,零食,8,1.0,0.5,0,365,供应商D,2,晴,24,正常,0,1
2026-04-23,P029,冰淇淋,冷饮,21,5.0,3.0,0,180,供应商A,1,晴,24,正常,0,1
2026-04-23,P030,雪糕,冷饮,14,3.0,1.7,0,180,供应商A,1,晴,24,正常,0,1
2026-04-23,P031,纸巾,日用品,6,5.0,3.2,1,1095,供应商E,2,晴,24,正常,0,1
2026-04-23,P032,卷纸,日用品,6,18.0,13.0,1,1095,供应商E,2,晴,24,正常,0,1
2026-04-23,P033,洗衣液,日用品,5,25.0,18.0,0,1095,供应商E,3,晴,24,正常,0,1
2026-04-23,P034,洗洁精,日用品,4,12.0,8.0,0,1095,供应商E,3,晴,24,正常,0,1
2026-04-23,P035,牙膏,日用品,5,12.0,8.5,0,1095,供应商E,3,晴,24,正常,0,1
2026-04-23,P036,牙刷,日用品,2,6.0,3.5,0,1095,供应商E,3,晴,24,正常,0,1
2026-04-23,P037,香皂,日用品,3,5.0,3.0,0,1095,供应商E,3,晴,24,正常,0,1
2026-04-23,P038,垃圾袋,日用品,3,8.0,5.0,0,1095,供应商E,3,晴,24,正常,0,1
2026-04-23,P039,电池,日用品,1,10.0,6.5,0,1095,供应商E,3,晴,24,正常,0,1
2026-04-23,P040,打火机,日用品,5,2.0,1.0,0,1095,供应商E,3,晴,24,正常,0,1
2026-04-23,P041,苹果,水果,5,8.0,5.0,0,10,供应商B,1,晴,24,正常,0,1
2026-04-23,P042,香蕉,水果,7,6.0,3.8,0,6,供应商B,1,晴,24,正常,0,1
2026-04-23,P043,橙子,水果,5,9.0,6.0,0,14,供应商B,1,晴,24,正常,0,1
2026-04-23,P044,西红柿,蔬菜,7,6.0,3.8,1,7,供应商B,1,晴,24,正常,0,1
2026-04-23,P045,土豆,蔬菜,7,5.0,3.0,1,30,供应商B,1,晴,24,正常,0,1
2026-04-23,P046,青菜,蔬菜,10,4.0,2.2,1,3,供应商B,1,晴,24,正常,0,1
2026-04-23,P047,火锅底料,调味,5,12.0,8.0,0,365,供应商C,2,晴,24,正常,0,1
2026-04-23,P048,速冻水饺,冷冻食品,6,18.0,12.5,0,180,供应商D,2,晴,24,正常,0,1
2026-04-23,P049,口罩10只,应急用品,4,10.0,6.0,1,1095,供应商E,3,晴,24,正常,0,1
2026-04-23,P050,创可贴,应急用品,3,5.0,2.8,1,1095,供应商E,3,晴,24,正常,0,1
2026-04-24,P001,矿泉水,饮料,25,2.0,1.1,1,365,供应商A,1,晴,24,正常,0,1
2026-04-24,P002,桶装水,饮料,7,8.0,5.2,1,365,供应商A,1,晴,24,正常,0,1
2026-04-24,P003,可乐,饮料,16,3.5,2.2,0,270,供应商A,1,晴,24,正常,0,1
2026-04-24,P004,雪碧,饮料,12,3.5,2.2,0,270,供应商A,1,晴,24,正常,0,1
2026-04-24,P005,橙汁,饮料,8,5.0,3.2,0,180,供应商A,2,晴,24,正常,0,1
2026-04-24,P006,牛奶,乳品,12,3.5,2.4,1,7,供应商B,1,晴,24,正常,0,1
2026-04-24,P007,酸奶,乳品,10,5.0,3.3,0,14,供应商B,1,晴,24,正常,0,1
2026-04-24,P008,鸡蛋,生鲜,12,12.0,8.5,1,20,供应商B,1,晴,24,正常,0,1
2026-04-24,P009,大米5kg,粮油,3,35.0,28.0,1,365,供应商C,2,晴,24,正常,0,1
2026-04-24,P010,食用油5L,粮油,2,65.0,53.0,1,540,供应商C,2,晴,24,正常,0,1
2026-04-24,P011,挂面,粮油,6,8.0,5.5,1,365,供应商C,2,晴,24,正常,0,1
2026-04-24,P012,面粉2.5kg,粮油,5,18.0,14.0,1,365,供应商C,2,晴,24,正常,0,1
2026-04-24,P013,食盐,调味,5,2.5,1.4,1,730,供应商C,2,晴,24,正常,0,1
2026-04-24,P014,酱油,调味,4,8.0,5.6,1,540,供应商C,2,晴,24,正常,0,1
2026-04-24,P015,食醋,调味,5,6.0,4.0,1,540,供应商C,2,晴,24,正常,0,1
2026-04-24,P016,方便面红烧,方便食品,14,5.0,3.4,1,180,供应商D,1,晴,24,正常,0,1
2026-04-24,P017,方便面香辣,方便食品,8,5.0,3.4,0,180,供应商D,1,晴,24,正常,0,1
2026-04-24,P018,火腿肠,方便食品,12,3.0,1.9,0,180,供应商D,1,晴,24,正常,0,1
2026-04-24,P019,八宝粥,方便食品,6,6.0,4.1,0,365,供应商D,1,晴,24,正常,0,1
2026-04-24,P020,榨菜,方便食品,6,2.0,1.2,0,365,供应商D,1,晴,24,正常,0,1
2026-04-24,P021,面包,烘焙,12,6.0,3.8,0,5,供应商B,1,晴,24,正常,0,1
2026-04-24,P022,蛋糕,烘焙,8,8.0,5.2,0,4,供应商B,1,晴,24,正常,0,1
2026-04-24,P023,饼干,零食,9,7.0,4.4,0,270,供应商D,1,晴,24,正常,0,1
2026-04-24,P024,薯片,零食,8,6.0,3.8,0,180,供应商D,1,晴,24,正常,0,1
2026-04-24,P025,瓜子,零食,7,8.0,5.0,0,240,供应商D,1,晴,24,正常,0,1
2026-04-24,P026,花生,零食,5,7.0,4.3,0,240,供应商D,1,晴,24,正常,0,1
2026-04-24,P027,巧克力,零食,7,8.0,5.2,0,300,供应商D,2,晴,24,正常,0,1
2026-04-24,P028,棒棒糖,零食,9,1.0,0.5,0,365,供应商D,2,晴,24,正常,0,1
2026-04-24,P029,冰淇淋,冷饮,9,5.0,3.0,0,180,供应商A,1,晴,24,正常,0,1
2026-04-24,P030,雪糕,冷饮,18,3.0,1.7,0,180,供应商A,1,晴,24,正常,0,1
2026-04-24,P031,纸巾,日用品,10,5.0,3.2,1,1095,供应商E,2,晴,24,正常,0,1
2026-04-24,P032,卷纸,日用品,7,18.0,13.0,1,1095,供应商E,2,晴,24,正常,0,1
2026-04-24,P033,洗衣液,日用品,5,25.0,18.0,0,1095,供应商E,3,晴,24,正常,0,1
2026-04-24,P034,洗洁精,日用品,3,12.0,8.0,0,1095,供应商E,3,晴,24,正常,0,1
2026-04-24,P035,牙膏,日用品,5,12.0,8.5,0,1095,供应商E,3,晴,24,正常,0,1
2026-04-24,P036,牙刷,日用品,3,6.0,3.5,0,1095,供应商E,3,晴,24,正常,0,1
2026-04-24,P037,香皂,日用品,4,5.0,3.0,0,1095,供应商E,3,晴,24,正常,0,1
2026-04-24,P038,垃圾袋,日用品,2,8.0,5.0,0,1095,供应商E,3,晴,24,正常,0,1
2026-04-24,P039,电池,日用品,2,10.0,6.5,0,1095,供应商E,3,晴,24,正常,0,1
2026-04-24,P040,打火机,日用品,4,2.0,1.0,0,1095,供应商E,3,晴,24,正常,0,1
2026-04-24,P041,苹果,水果,9,8.0,5.0,0,10,供应商B,1,晴,24,正常,0,1
2026-04-24,P042,香蕉,水果,10,6.0,3.8,0,6,供应商B,1,晴,24,正常,0,1
2026-04-24,P043,橙子,水果,6,9.0,6.0,0,14,供应商B,1,晴,24,正常,0,1
2026-04-24,P044,西红柿,蔬菜,6,6.0,3.8,1,7,供应商B,1,晴,24,正常,0,1
2026-04-24,P045,土豆,蔬菜,7,5.0,3.0,1,30,供应商B,1,晴,24,正常,0,1
2026-04-24,P046,青菜,蔬菜,9,4.0,2.2,1,3,供应商B,1,晴,24,正常,0,1
2026-04-24,P047,火锅底料,调味,5,12.0,8.0,0,365,供应商C,2,晴,24,正常,0,1
2026-04-24,P048,速冻水饺,冷冻食品,6,18.0,12.5,0,180,供应商D,2,晴,24,正常,0,1
2026-04-24,P049,口罩10只,应急用品,4,10.0,6.0,1,1095,供应商E,3,晴,24,正常,0,1
2026-04-24,P050,创可贴,应急用品,2,5.0,2.8,1,1095,供应商E,3,晴,24,正常,0,1
2026-04-25,P001,矿泉水,饮料,15,2.0,1.1,1,365,供应商A,1,晴,24,正常,1,1
2026-04-25,P002,桶装水,饮料,4,8.0,5.2,1,365,供应商A,1,晴,24,正常,1,1
2026-04-25,P003,可乐,饮料,22,3.5,2.2,0,270,供应商A,1,晴,24,正常,1,1
2026-04-25,P004,雪碧,饮料,13,3.5,2.2,0,270,供应商A,1,晴,24,正常,1,1
2026-04-25,P005,橙汁,饮料,8,5.0,3.2,0,180,供应商A,2,晴,24,正常,1,1
2026-04-25,P006,牛奶,乳品,19,3.5,2.4,1,7,供应商B,1,晴,24,正常,1,1
2026-04-25,P007,酸奶,乳品,12,5.0,3.3,0,14,供应商B,1,晴,24,正常,1,1
2026-04-25,P008,鸡蛋,生鲜,13,12.0,8.5,1,20,供应商B,1,晴,24,正常,1,1
2026-04-25,P009,大米5kg,粮油,4,35.0,28.0,1,365,供应商C,2,晴,24,正常,1,1
2026-04-25,P010,食用油5L,粮油,3,65.0,53.0,1,540,供应商C,2,晴,24,正常,1,1
2026-04-25,P011,挂面,粮油,8,8.0,5.5,1,365,供应商C,2,晴,24,正常,1,1
2026-04-25,P012,面粉2.5kg,粮油,6,18.0,14.0,1,365,供应商C,2,晴,24,正常,1,1
2026-04-25,P013,食盐,调味,6,2.5,1.4,1,730,供应商C,2,晴,24,正常,1,1
2026-04-25,P014,酱油,调味,6,8.0,5.6,1,540,供应商C,2,晴,24,正常,1,1
2026-04-25,P015,食醋,调味,6,6.0,4.0,1,540,供应商C,2,晴,24,正常,1,1
2026-04-25,P016,方便面红烧,方便食品,13,5.0,3.4,1,180,供应商D,1,晴,24,正常,1,1
2026-04-25,P017,方便面香辣,方便食品,12,5.0,3.4,0,180,供应商D,1,晴,24,正常,1,1
2026-04-25,P018,火腿肠,方便食品,10,3.0,1.9,0,180,供应商D,1,晴,24,正常,1,1
2026-04-25,P019,八宝粥,方便食品,5,6.0,4.1,0,365,供应商D,1,晴,24,正常,1,1
2026-04-25,P020,榨菜,方便食品,4,2.0,1.2,0,365,供应商D,1,晴,24,正常,1,1
2026-04-25,P021,面包,烘焙,11,6.0,3.8,0,5,供应商B,1,晴,24,正常,1,1
2026-04-25,P022,蛋糕,烘焙,8,8.0,5.2,0,4,供应商B,1,晴,24,正常,1,1
2026-04-25,P023,饼干,零食,10,7.0,4.4,0,270,供应商D,1,晴,24,正常,1,1
2026-04-25,P024,薯片,零食,11,6.0,3.8,0,180,供应商D,1,晴,24,正常,1,1
2026-04-25,P025,瓜子,零食,9,8.0,5.0,0,240,供应商D,1,晴,24,正常,1,1
2026-04-25,P026,花生,零食,5,7.0,4.3,0,240,供应商D,1,晴,24,正常,1,1
2026-04-25,P027,巧克力,零食,5,8.0,5.2,0,300,供应商D,2,晴,24,正常,1,1
2026-04-25,P028,棒棒糖,零食,10,1.0,0.5,0,365,供应商D,2,晴,24,正常,1,1
2026-04-25,P029,冰淇淋,冷饮,14,5.0,3.0,0,180,供应商A,1,晴,24,正常,1,1
2026-04-25,P030,雪糕,冷饮,19,3.0,1.7,0,180,供应商A,1,晴,24,正常,1,1
2026-04-25,P031,纸巾,日用品,7,5.0,3.2,1,1095,供应商E,2,晴,24,正常,1,1
2026-04-25,P032,卷纸,日用品,7,18.0,13.0,1,1095,供应商E,2,晴,24,正常,1,1
2026-04-25,P033,洗衣液,日用品,2,25.0,18.0,0,1095,供应商E,3,晴,24,正常,1,1
2026-04-25,P034,洗洁精,日用品,7,12.0,8.0,0,1095,供应商E,3,晴,24,正常,1,1
2026-04-25,P035,牙膏,日用品,4,12.0,8.5,0,1095,供应商E,3,晴,24,正常,1,1
2026-04-25,P036,牙刷,日用品,6,6.0,3.5,0,1095,供应商E,3,晴,24,正常,1,1
2026-04-25,P037,香皂,日用品,4,5.0,3.0,0,1095,供应商E,3,晴,24,正常,1,1
2026-04-25,P038,垃圾袋,日用品,4,8.0,5.0,0,1095,供应商E,3,晴,24,正常,1,1
2026-04-25,P039,电池,日用品,3,10.0,6.5,0,1095,供应商E,3,晴,24,正常,1,1
2026-04-25,P040,打火机,日用品,6,2.0,1.0,0,1095,供应商E,3,晴,24,正常,1,1
2026-04-25,P041,苹果,水果,9,8.0,5.0,0,10,供应商B,1,晴,24,正常,1,1
2026-04-25,P042,香蕉,水果,9,6.0,3.8,0,6,供应商B,1,晴,24,正常,1,1
2026-04-25,P043,橙子,水果,6,9.0,6.0,0,14,供应商B,1,晴,24,正常,1,1
2026-04-25,P044,西红柿,蔬菜,8,6.0,3.8,1,7,供应商B,1,晴,24,正常,1,1
2026-04-25,P045,土豆,蔬菜,11,5.0,3.0,1,30,供应商B,1,晴,24,正常,1,1
2026-04-25,P046,青菜,蔬菜,11,4.0,2.2,1,3,供应商B,1,晴,24,正常,1,1
2026-04-25,P047,火锅底料,调味,6,12.0,8.0,0,365,供应商C,2,晴,24,正常,1,1
2026-04-25,P048,速冻水饺,冷冻食品,5,18.0,12.5,0,180,供应商D,2,晴,24,正常,1,1
2026-04-25,P049,口罩10只,应急用品,4,10.0,6.0,1,1095,供应商E,3,晴,24,正常,1,1
2026-04-25,P050,创可贴,应急用品,2,5.0,2.8,1,1095,供应商E,3,晴,24,正常,1,1
2026-04-26,P001,矿泉水,饮料,25,2.0,1.1,1,365,供应商A,1,晴,25,正常,1,1
2026-04-26,P002,桶装水,饮料,7,8.0,5.2,1,365,供应商A,1,晴,25,正常,1,1
2026-04-26,P003,可乐,饮料,22,3.5,2.2,0,270,供应商A,1,晴,25,正常,1,1
2026-04-26,P004,雪碧,饮料,15,3.5,2.2,0,270,供应商A,1,晴,25,正常,1,1
2026-04-26,P005,橙汁,饮料,11,5.0,3.2,0,180,供应商A,2,晴,25,正常,1,1
2026-04-26,P006,牛奶,乳品,17,3.5,2.4,1,7,供应商B,1,晴,25,正常,1,1
2026-04-26,P007,酸奶,乳品,12,5.0,3.3,0,14,供应商B,1,晴,25,正常,1,1
2026-04-26,P008,鸡蛋,生鲜,13,12.0,8.5,1,20,供应商B,1,晴,25,正常,1,1
2026-04-26,P009,大米5kg,粮油,7,35.0,28.0,1,365,供应商C,2,晴,25,正常,1,1
2026-04-26,P010,食用油5L,粮油,3,65.0,53.0,1,540,供应商C,2,晴,25,正常,1,1
2026-04-26,P011,挂面,粮油,7,8.0,5.5,1,365,供应商C,2,晴,25,正常,1,1
2026-04-26,P012,面粉2.5kg,粮油,3,18.0,14.0,1,365,供应商C,2,晴,25,正常,1,1
2026-04-26,P013,食盐,调味,8,2.5,1.4,1,730,供应商C,2,晴,25,正常,1,1
2026-04-26,P014,酱油,调味,6,8.0,5.6,1,540,供应商C,2,晴,25,正常,1,1
2026-04-26,P015,食醋,调味,4,6.0,4.0,1,540,供应商C,2,晴,25,正常,1,1
2026-04-26,P016,方便面红烧,方便食品,20,5.0,3.4,1,180,供应商D,1,晴,25,正常,1,1
2026-04-26,P017,方便面香辣,方便食品,12,5.0,3.4,0,180,供应商D,1,晴,25,正常,1,1
2026-04-26,P018,火腿肠,方便食品,14,3.0,1.9,0,180,供应商D,1,晴,25,正常,1,1
2026-04-26,P019,八宝粥,方便食品,6,6.0,4.1,0,365,供应商D,1,晴,25,正常,1,1
2026-04-26,P020,榨菜,方便食品,6,2.0,1.2,0,365,供应商D,1,晴,25,正常,1,1
2026-04-26,P021,面包,烘焙,12,6.0,3.8,0,5,供应商B,1,晴,25,正常,1,1
2026-04-26,P022,蛋糕,烘焙,5,8.0,5.2,0,4,供应商B,1,晴,25,正常,1,1
2026-04-26,P023,饼干,零食,12,7.0,4.4,0,270,供应商D,1,晴,25,正常,1,1
2026-04-26,P024,薯片,零食,11,6.0,3.8,0,180,供应商D,1,晴,25,正常,1,1
2026-04-26,P025,瓜子,零食,7,8.0,5.0,0,240,供应商D,1,晴,25,正常,1,1
2026-04-26,P026,花生,零食,9,7.0,4.3,0,240,供应商D,1,晴,25,正常,1,1
2026-04-26,P027,巧克力,零食,5,8.0,5.2,0,300,供应商D,2,晴,25,正常,1,1
2026-04-26,P028,棒棒糖,零食,9,1.0,0.5,0,365,供应商D,2,晴,25,正常,1,1
2026-04-26,P029,冰淇淋,冷饮,16,5.0,3.0,0,180,供应商A,1,晴,25,正常,1,1
2026-04-26,P030,雪糕,冷饮,22,3.0,1.7,0,180,供应商A,1,晴,25,正常,1,1
2026-04-26,P031,纸巾,日用品,8,5.0,3.2,1,1095,供应商E,2,晴,25,正常,1,1
2026-04-26,P032,卷纸,日用品,5,18.0,13.0,1,1095,供应商E,2,晴,25,正常,1,1
2026-04-26,P033,洗衣液,日用品,5,25.0,18.0,0,1095,供应商E,3,晴,25,正常,1,1
2026-04-26,P034,洗洁精,日用品,5,12.0,8.0,0,1095,供应商E,3,晴,25,正常,1,1
2026-04-26,P035,牙膏,日用品,2,12.0,8.5,0,1095,供应商E,3,晴,25,正常,1,1
2026-04-26,P036,牙刷,日用品,3,6.0,3.5,0,1095,供应商E,3,晴,25,正常,1,1
2026-04-26,P037,香皂,日用品,6,5.0,3.0,0,1095,供应商E,3,晴,25,正常,1,1
2026-04-26,P038,垃圾袋,日用品,5,8.0,5.0,0,1095,供应商E,3,晴,25,正常,1,1
2026-04-26,P039,电池,日用品,2,10.0,6.5,0,1095,供应商E,3,晴,25,正常,1,1
2026-04-26,P040,打火机,日用品,5,2.0,1.0,0,1095,供应商E,3,晴,25,正常,1,1
2026-04-26,P041,苹果,水果,9,8.0,5.0,0,10,供应商B,1,晴,25,正常,1,1
2026-04-26,P042,香蕉,水果,11,6.0,3.8,0,6,供应商B,1,晴,25,正常,1,1
2026-04-26,P043,橙子,水果,5,9.0,6.0,0,14,供应商B,1,晴,25,正常,1,1
2026-04-26,P044,西红柿,蔬菜,8,6.0,3.8,1,7,供应商B,1,晴,25,正常,1,1
2026-04-26,P045,土豆,蔬菜,8,5.0,3.0,1,30,供应商B,1,晴,25,正常,1,1
2026-04-26,P046,青菜,蔬菜,11,4.0,2.2,1,3,供应商B,1,晴,25,正常,1,1
2026-04-26,P047,火锅底料,调味,5,12.0,8.0,0,365,供应商C,2,晴,25,正常,1,1
2026-04-26,P048,速冻水饺,冷冻食品,4,18.0,12.5,0,180,供应商D,2,晴,25,正常,1,1
2026-04-26,P049,口罩10只,应急用品,4,10.0,6.0,1,1095,供应商E,3,晴,25,正常,1,1
2026-04-26,P050,创可贴,应急用品,5,5.0,2.8,1,1095,供应商E,3,晴,25,正常,1,1
2026-04-27,P001,矿泉水,饮料,26,2.0,1.1,1,365,供应商A,1,晴,31,正常,0,1
2026-04-27,P002,桶装水,饮料,6,8.0,5.2,1,365,供应商A,1,晴,31,正常,0,1
2026-04-27,P003,可乐,饮料,16,3.5,2.2,0,270,供应商A,1,晴,31,正常,0,1
2026-04-27,P004,雪碧,饮料,11,3.5,2.2,0,270,供应商A,1,晴,31,正常,0,1
2026-04-27,P005,橙汁,饮料,8,5.0,3.2,0,180,供应商A,2,晴,31,正常,0,1
2026-04-27,P006,牛奶,乳品,17,3.5,2.4,1,7,供应商B,1,晴,31,正常,0,1
2026-04-27,P007,酸奶,乳品,9,5.0,3.3,0,14,供应商B,1,晴,31,正常,0,1
2026-04-27,P008,鸡蛋,生鲜,10,12.0,8.5,1,20,供应商B,1,晴,31,正常,0,1
2026-04-27,P009,大米5kg,粮油,3,35.0,28.0,1,365,供应商C,2,晴,31,正常,0,1
2026-04-27,P010,食用油5L,粮油,3,65.0,53.0,1,540,供应商C,2,晴,31,正常,0,1
2026-04-27,P011,挂面,粮油,7,8.0,5.5,1,365,供应商C,2,晴,31,正常,0,1
2026-04-27,P012,面粉2.5kg,粮油,5,18.0,14.0,1,365,供应商C,2,晴,31,正常,0,1
2026-04-27,P013,食盐,调味,6,2.5,1.4,1,730,供应商C,2,晴,31,正常,0,1
2026-04-27,P014,酱油,调味,6,8.0,5.6,1,540,供应商C,2,晴,31,正常,0,1
2026-04-27,P015,食醋,调味,6,6.0,4.0,1,540,供应商C,2,晴,31,正常,0,1
2026-04-27,P016,方便面红烧,方便食品,17,5.0,3.4,1,180,供应商D,1,晴,31,正常,0,1
2026-04-27,P017,方便面香辣,方便食品,9,5.0,3.4,0,180,供应商D,1,晴,31,正常,0,1
2026-04-27,P018,火腿肠,方便食品,9,3.0,1.9,0,180,供应商D,1,晴,31,正常,0,1
2026-04-27,P019,八宝粥,方便食品,7,6.0,4.1,0,365,供应商D,1,晴,31,正常,0,1
2026-04-27,P020,榨菜,方便食品,5,2.0,1.2,0,365,供应商D,1,晴,31,正常,0,1
2026-04-27,P021,面包,烘焙,10,6.0,3.8,0,5,供应商B,1,晴,31,正常,0,1
2026-04-27,P022,蛋糕,烘焙,6,8.0,5.2,0,4,供应商B,1,晴,31,正常,0,1
2026-04-27,P023,饼干,零食,8,7.0,4.4,0,270,供应商D,1,晴,31,正常,0,1
2026-04-27,P024,薯片,零食,9,6.0,3.8,0,180,供应商D,1,晴,31,正常,0,1
2026-04-27,P025,瓜子,零食,6,8.0,5.0,0,240,供应商D,1,晴,31,正常,0,1
2026-04-27,P026,花生,零食,7,7.0,4.3,0,240,供应商D,1,晴,31,正常,0,1
2026-04-27,P027,巧克力,零食,5,8.0,5.2,0,300,供应商D,2,晴,31,正常,0,1
2026-04-27,P028,棒棒糖,零食,13,1.0,0.5,0,365,供应商D,2,晴,31,正常,0,1
2026-04-27,P029,冰淇淋,冷饮,14,5.0,3.0,0,180,供应商A,1,晴,31,正常,0,1
2026-04-27,P030,雪糕,冷饮,16,3.0,1.7,0,180,供应商A,1,晴,31,正常,0,1
2026-04-27,P031,纸巾,日用品,8,5.0,3.2,1,1095,供应商E,2,晴,31,正常,0,1
2026-04-27,P032,卷纸,日用品,5,18.0,13.0,1,1095,供应商E,2,晴,31,正常,0,1
2026-04-27,P033,洗衣液,日用品,4,25.0,18.0,0,1095,供应商E,3,晴,31,正常,0,1
2026-04-27,P034,洗洁精,日用品,6,12.0,8.0,0,1095,供应商E,3,晴,31,正常,0,1
2026-04-27,P035,牙膏,日用品,3,12.0,8.5,0,1095,供应商E,3,晴,31,正常,0,1
2026-04-27,P036,牙刷,日用品,5,6.0,3.5,0,1095,供应商E,3,晴,31,正常,0,1
2026-04-27,P037,香皂,日用品,4,5.0,3.0,0,1095,供应商E,3,晴,31,正常,0,1
2026-04-27,P038,垃圾袋,日用品,2,8.0,5.0,0,1095,供应商E,3,晴,31,正常,0,1
2026-04-27,P039,电池,日用品,4,10.0,6.5,0,1095,供应商E,3,晴,31,正常,0,1
2026-04-27,P040,打火机,日用品,7,2.0,1.0,0,1095,供应商E,3,晴,31,正常,0,1
2026-04-27,P041,苹果,水果,7,8.0,5.0,0,10,供应商B,1,晴,31,正常,0,1
2026-04-27,P042,香蕉,水果,9,6.0,3.8,0,6,供应商B,1,晴,31,正常,0,1
2026-04-27,P043,橙子,水果,4,9.0,6.0,0,14,供应商B,1,晴,31,正常,0,1
2026-04-27,P044,西红柿,蔬菜,6,6.0,3.8,1,7,供应商B,1,晴,31,正常,0,1
2026-04-27,P045,土豆,蔬菜,8,5.0,3.0,1,30,供应商B,1,晴,31,正常,0,1
2026-04-27,P046,青菜,蔬菜,9,4.0,2.2,1,3,供应商B,1,晴,31,正常,0,1
2026-04-27,P047,火锅底料,调味,3,12.0,8.0,0,365,供应商C,2,晴,31,正常,0,1
2026-04-27,P048,速冻水饺,冷冻食品,5,18.0,12.5,0,180,供应商D,2,晴,31,正常,0,1
2026-04-27,P049,口罩10只,应急用品,2,10.0,6.0,1,1095,供应商E,3,晴,31,正常,0,1
2026-04-27,P050,创可贴,应急用品,2,5.0,2.8,1,1095,供应商E,3,晴,31,正常,0,1
2026-04-28,P001,矿泉水,饮料,27,2.0,1.1,1,365,供应商A,1,晴,24,正常,0,1
2026-04-28,P002,桶装水,饮料,5,8.0,5.2,1,365,供应商A,1,晴,24,正常,0,1
2026-04-28,P003,可乐,饮料,14,3.5,2.2,0,270,供应商A,1,晴,24,正常,0,1
2026-04-28,P004,雪碧,饮料,13,3.5,2.2,0,270,供应商A,1,晴,24,正常,0,1
2026-04-28,P005,橙汁,饮料,9,5.0,3.2,0,180,供应商A,2,晴,24,正常,0,1
2026-04-28,P006,牛奶,乳品,17,3.5,2.4,1,7,供应商B,1,晴,24,正常,0,1
2026-04-28,P007,酸奶,乳品,8,5.0,3.3,0,14,供应商B,1,晴,24,正常,0,1
2026-04-28,P008,鸡蛋,生鲜,14,12.0,8.5,1,20,供应商B,1,晴,24,正常,0,1
2026-04-28,P009,大米5kg,粮油,3,35.0,28.0,1,365,供应商C,2,晴,24,正常,0,1
2026-04-28,P010,食用油5L,粮油,5,65.0,53.0,1,540,供应商C,2,晴,24,正常,0,1
2026-04-28,P011,挂面,粮油,6,8.0,5.5,1,365,供应商C,2,晴,24,正常,0,1
2026-04-28,P012,面粉2.5kg,粮油,6,18.0,14.0,1,365,供应商C,2,晴,24,正常,0,1
2026-04-28,P013,食盐,调味,4,2.5,1.4,1,730,供应商C,2,晴,24,正常,0,1
2026-04-28,P014,酱油,调味,7,8.0,5.6,1,540,供应商C,2,晴,24,正常,0,1
2026-04-28,P015,食醋,调味,5,6.0,4.0,1,540,供应商C,2,晴,24,正常,0,1
2026-04-28,P016,方便面红烧,方便食品,13,5.0,3.4,1,180,供应商D,1,晴,24,正常,0,1
2026-04-28,P017,方便面香辣,方便食品,9,5.0,3.4,0,180,供应商D,1,晴,24,正常,0,1
2026-04-28,P018,火腿肠,方便食品,11,3.0,1.9,0,180,供应商D,1,晴,24,正常,0,1
2026-04-28,P019,八宝粥,方便食品,8,6.0,4.1,0,365,供应商D,1,晴,24,正常,0,1
2026-04-28,P020,榨菜,方便食品,6,2.0,1.2,0,365,供应商D,1,晴,24,正常,0,1
2026-04-28,P021,面包,烘焙,12,6.0,3.8,0,5,供应商B,1,晴,24,正常,0,1
2026-04-28,P022,蛋糕,烘焙,8,8.0,5.2,0,4,供应商B,1,晴,24,正常,0,1
2026-04-28,P023,饼干,零食,9,7.0,4.4,0,270,供应商D,1,晴,24,正常,0,1
2026-04-28,P024,薯片,零食,8,6.0,3.8,0,180,供应商D,1,晴,24,正常,0,1
2026-04-28,P025,瓜子,零食,5,8.0,5.0,0,240,供应商D,1,晴,24,正常,0,1
2026-04-28,P026,花生,零食,6,7.0,4.3,0,240,供应商D,1,晴,24,正常,0,1
2026-04-28,P027,巧克力,零食,6,8.0,5.2,0,300,供应商D,2,晴,24,正常,0,1
2026-04-28,P028,棒棒糖,零食,11,1.0,0.5,0,365,供应商D,2,晴,24,正常,0,1
2026-04-28,P029,冰淇淋,冷饮,16,5.0,3.0,0,180,供应商A,1,晴,24,正常,0,1
2026-04-28,P030,雪糕,冷饮,18,3.0,1.7,0,180,供应商A,1,晴,24,正常,0,1
2026-04-28,P031,纸巾,日用品,9,5.0,3.2,1,1095,供应商E,2,晴,24,正常,0,1
2026-04-28,P032,卷纸,日用品,4,18.0,13.0,1,1095,供应商E,2,晴,24,正常,0,1
2026-04-28,P033,洗衣液,日用品,3,25.0,18.0,0,1095,供应商E,3,晴,24,正常,0,1
2026-04-28,P034,洗洁精,日用品,3,12.0,8.0,0,1095,供应商E,3,晴,24,正常,0,1
2026-04-28,P035,牙膏,日用品,3,12.0,8.5,0,1095,供应商E,3,晴,24,正常,0,1
2026-04-28,P036,牙刷,日用品,4,6.0,3.5,0,1095,供应商E,3,晴,24,正常,0,1
2026-04-28,P037,香皂,日用品,4,5.0,3.0,0,1095,供应商E,3,晴,24,正常,0,1
2026-04-28,P038,垃圾袋,日用品,5,8.0,5.0,0,1095,供应商E,3,晴,24,正常,0,1
2026-04-28,P039,电池,日用品,4,10.0,6.5,0,1095,供应商E,3,晴,24,正常,0,1
2026-04-28,P040,打火机,日用品,5,2.0,1.0,0,1095,供应商E,3,晴,24,正常,0,1
2026-04-28,P041,苹果,水果,9,8.0,5.0,0,10,供应商B,1,晴,24,正常,0,1
2026-04-28,P042,香蕉,水果,9,6.0,3.8,0,6,供应商B,1,晴,24,正常,0,1
2026-04-28,P043,橙子,水果,6,9.0,6.0,0,14,供应商B,1,晴,24,正常,0,1
2026-04-28,P044,西红柿,蔬菜,7,6.0,3.8,1,7,供应商B,1,晴,24,正常,0,1
2026-04-28,P045,土豆,蔬菜,7,5.0,3.0,1,30,供应商B,1,晴,24,正常,0,1
2026-04-28,P046,青菜,蔬菜,11,4.0,2.2,1,3,供应商B,1,晴,24,正常,0,1
2026-04-28,P047,火锅底料,调味,3,12.0,8.0,0,365,供应商C,2,晴,24,正常,0,1
2026-04-28,P048,速冻水饺,冷冻食品,5,18.0,12.5,0,180,供应商D,2,晴,24,正常,0,1
2026-04-28,P049,口罩10只,应急用品,2,10.0,6.0,1,1095,供应商E,3,晴,24,正常,0,1
2026-04-28,P050,创可贴,应急用品,2,5.0,2.8,1,1095,供应商E,3,晴,24,正常,0,1
2026-04-29,P001,矿泉水,饮料,20,2.0,1.1,1,365,供应商A,1,晴,30,正常,0,1
2026-04-29,P002,桶装水,饮料,8,8.0,5.2,1,365,供应商A,1,晴,30,正常,0,1
2026-04-29,P003,可乐,饮料,19,3.5,2.2,0,270,供应商A,1,晴,30,正常,0,1
2026-04-29,P004,雪碧,饮料,14,3.5,2.2,0,270,供应商A,1,晴,30,正常,0,1
2026-04-29,P005,橙汁,饮料,11,5.0,3.2,0,180,供应商A,2,晴,30,正常,0,1
2026-04-29,P006,牛奶,乳品,14,3.5,2.4,1,7,供应商B,1,晴,30,正常,0,1
2026-04-29,P007,酸奶,乳品,13,5.0,3.3,0,14,供应商B,1,晴,30,正常,0,1
2026-04-29,P008,鸡蛋,生鲜,12,12.0,8.5,1,20,供应商B,1,晴,30,正常,0,1
2026-04-29,P009,大米5kg,粮油,4,35.0,28.0,1,365,供应商C,2,晴,30,正常,0,1
2026-04-29,P010,食用油5L,粮油,3,65.0,53.0,1,540,供应商C,2,晴,30,正常,0,1
2026-04-29,P011,挂面,粮油,7,8.0,5.5,1,365,供应商C,2,晴,30,正常,0,1
2026-04-29,P012,面粉2.5kg,粮油,5,18.0,14.0,1,365,供应商C,2,晴,30,正常,0,1
2026-04-29,P013,食盐,调味,5,2.5,1.4,1,730,供应商C,2,晴,30,正常,0,1
2026-04-29,P014,酱油,调味,7,8.0,5.6,1,540,供应商C,2,晴,30,正常,0,1
2026-04-29,P015,食醋,调味,4,6.0,4.0,1,540,供应商C,2,晴,30,正常,0,1
2026-04-29,P016,方便面红烧,方便食品,16,5.0,3.4,1,180,供应商D,1,晴,30,正常,0,1
2026-04-29,P017,方便面香辣,方便食品,9,5.0,3.4,0,180,供应商D,1,晴,30,正常,0,1
2026-04-29,P018,火腿肠,方便食品,11,3.0,1.9,0,180,供应商D,1,晴,30,正常,0,1
2026-04-29,P019,八宝粥,方便食品,7,6.0,4.1,0,365,供应商D,1,晴,30,正常,0,1
2026-04-29,P020,榨菜,方便食品,5,2.0,1.2,0,365,供应商D,1,晴,30,正常,0,1
2026-04-29,P021,面包,烘焙,11,6.0,3.8,0,5,供应商B,1,晴,30,正常,0,1
2026-04-29,P022,蛋糕,烘焙,10,8.0,5.2,0,4,供应商B,1,晴,30,正常,0,1
2026-04-29,P023,饼干,零食,9,7.0,4.4,0,270,供应商D,1,晴,30,正常,0,1
2026-04-29,P024,薯片,零食,8,6.0,3.8,0,180,供应商D,1,晴,30,正常,0,1
2026-04-29,P025,瓜子,零食,5,8.0,5.0,0,240,供应商D,1,晴,30,正常,0,1
2026-04-29,P026,花生,零食,6,7.0,4.3,0,240,供应商D,1,晴,30,正常,0,1
2026-04-29,P027,巧克力,零食,6,8.0,5.2,0,300,供应商D,2,晴,30,正常,0,1
2026-04-29,P028,棒棒糖,零食,10,1.0,0.5,0,365,供应商D,2,晴,30,正常,0,1
2026-04-29,P029,冰淇淋,冷饮,16,5.0,3.0,0,180,供应商A,1,晴,30,正常,0,1
2026-04-29,P030,雪糕,冷饮,15,3.0,1.7,0,180,供应商A,1,晴,30,正常,0,1
2026-04-29,P031,纸巾,日用品,8,5.0,3.2,1,1095,供应商E,2,晴,30,正常,0,1
2026-04-29,P032,卷纸,日用品,4,18.0,13.0,1,1095,供应商E,2,晴,30,正常,0,1
2026-04-29,P033,洗衣液,日用品,2,25.0,18.0,0,1095,供应商E,3,晴,30,正常,0,1
2026-04-29,P034,洗洁精,日用品,3,12.0,8.0,0,1095,供应商E,3,晴,30,正常,0,1
2026-04-29,P035,牙膏,日用品,3,12.0,8.5,0,1095,供应商E,3,晴,30,正常,0,1
2026-04-29,P036,牙刷,日用品,5,6.0,3.5,0,1095,供应商E,3,晴,30,正常,0,1
2026-04-29,P037,香皂,日用品,5,5.0,3.0,0,1095,供应商E,3,晴,30,正常,0,1
2026-04-29,P038,垃圾袋,日用品,5,8.0,5.0,0,1095,供应商E,3,晴,30,正常,0,1
2026-04-29,P039,电池,日用品,3,10.0,6.5,0,1095,供应商E,3,晴,30,正常,0,1
2026-04-29,P040,打火机,日用品,6,2.0,1.0,0,1095,供应商E,3,晴,30,正常,0,1
2026-04-29,P041,苹果,水果,6,8.0,5.0,0,10,供应商B,1,晴,30,正常,0,1
2026-04-29,P042,香蕉,水果,10,6.0,3.8,0,6,供应商B,1,晴,30,正常,0,1
2026-04-29,P043,橙子,水果,6,9.0,6.0,0,14,供应商B,1,晴,30,正常,0,1
2026-04-29,P044,西红柿,蔬菜,9,6.0,3.8,1,7,供应商B,1,晴,30,正常,0,1
2026-04-29,P045,土豆,蔬菜,7,5.0,3.0,1,30,供应商B,1,晴,30,正常,0,1
2026-04-29,P046,青菜,蔬菜,8,4.0,2.2,1,3,供应商B,1,晴,30,正常,0,1
2026-04-29,P047,火锅底料,调味,2,12.0,8.0,0,365,供应商C,2,晴,30,正常,0,1
2026-04-29,P048,速冻水饺,冷冻食品,4,18.0,12.5,0,180,供应商D,2,晴,30,正常,0,1
2026-04-29,P049,口罩10只,应急用品,4,10.0,6.0,1,1095,供应商E,3,晴,30,正常,0,1
2026-04-29,P050,创可贴,应急用品,4,5.0,2.8,1,1095,供应商E,3,晴,30,正常,0,1
2026-04-30,P001,矿泉水,饮料,19,2.0,1.1,1,365,供应商A,1,晴,22,正常,0,1
2026-04-30,P002,桶装水,饮料,5,8.0,5.2,1,365,供应商A,1,晴,22,正常,0,1
2026-04-30,P003,可乐,饮料,14,3.5,2.2,0,270,供应商A,1,晴,22,正常,0,1
2026-04-30,P004,雪碧,饮料,12,3.5,2.2,0,270,供应商A,1,晴,22,正常,0,1
2026-04-30,P005,橙汁,饮料,6,5.0,3.2,0,180,供应商A,2,晴,22,正常,0,1
2026-04-30,P006,牛奶,乳品,11,3.5,2.4,1,7,供应商B,1,晴,22,正常,0,1
2026-04-30,P007,酸奶,乳品,8,5.0,3.3,0,14,供应商B,1,晴,22,正常,0,1
2026-04-30,P008,鸡蛋,生鲜,12,12.0,8.5,1,20,供应商B,1,晴,22,正常,0,1
2026-04-30,P009,大米5kg,粮油,3,35.0,28.0,1,365,供应商C,2,晴,22,正常,0,1
2026-04-30,P010,食用油5L,粮油,3,65.0,53.0,1,540,供应商C,2,晴,22,正常,0,1
2026-04-30,P011,挂面,粮油,8,8.0,5.5,1,365,供应商C,2,晴,22,正常,0,1
2026-04-30,P012,面粉2.5kg,粮油,2,18.0,14.0,1,365,供应商C,2,晴,22,正常,0,1
2026-04-30,P013,食盐,调味,5,2.5,1.4,1,730,供应商C,2,晴,22,正常,0,1
2026-04-30,P014,酱油,调味,6,8.0,5.6,1,540,供应商C,2,晴,22,正常,0,1
2026-04-30,P015,食醋,调味,3,6.0,4.0,1,540,供应商C,2,晴,22,正常,0,1
2026-04-30,P016,方便面红烧,方便食品,14,5.0,3.4,1,180,供应商D,1,晴,22,正常,0,1
2026-04-30,P017,方便面香辣,方便食品,12,5.0,3.4,0,180,供应商D,1,晴,22,正常,0,1
2026-04-30,P018,火腿肠,方便食品,10,3.0,1.9,0,180,供应商D,1,晴,22,正常,0,1
2026-04-30,P019,八宝粥,方便食品,8,6.0,4.1,0,365,供应商D,1,晴,22,正常,0,1
2026-04-30,P020,榨菜,方便食品,7,2.0,1.2,0,365,供应商D,1,晴,22,正常,0,1
2026-04-30,P021,面包,烘焙,11,6.0,3.8,0,5,供应商B,1,晴,22,正常,0,1
2026-04-30,P022,蛋糕,烘焙,8,8.0,5.2,0,4,供应商B,1,晴,22,正常,0,1
2026-04-30,P023,饼干,零食,9,7.0,4.4,0,270,供应商D,1,晴,22,正常,0,1
2026-04-30,P024,薯片,零食,12,6.0,3.8,0,180,供应商D,1,晴,22,正常,0,1
2026-04-30,P025,瓜子,零食,5,8.0,5.0,0,240,供应商D,1,晴,22,正常,0,1
2026-04-30,P026,花生,零食,6,7.0,4.3,0,240,供应商D,1,晴,22,正常,0,1
2026-04-30,P027,巧克力,零食,5,8.0,5.2,0,300,供应商D,2,晴,22,正常,0,1
2026-04-30,P028,棒棒糖,零食,10,1.0,0.5,0,365,供应商D,2,晴,22,正常,0,1
2026-04-30,P029,冰淇淋,冷饮,12,5.0,3.0,0,180,供应商A,1,晴,22,正常,0,1
2026-04-30,P030,雪糕,冷饮,20,3.0,1.7,0,180,供应商A,1,晴,22,正常,0,1
2026-04-30,P031,纸巾,日用品,9,5.0,3.2,1,1095,供应商E,2,晴,22,正常,0,1
2026-04-30,P032,卷纸,日用品,3,18.0,13.0,1,1095,供应商E,2,晴,22,正常,0,1
2026-04-30,P033,洗衣液,日用品,4,25.0,18.0,0,1095,供应商E,3,晴,22,正常,0,1
2026-04-30,P034,洗洁精,日用品,7,12.0,8.0,0,1095,供应商E,3,晴,22,正常,0,1
2026-04-30,P035,牙膏,日用品,5,12.0,8.5,0,1095,供应商E,3,晴,22,正常,0,1
2026-04-30,P036,牙刷,日用品,6,6.0,3.5,0,1095,供应商E,3,晴,22,正常,0,1
2026-04-30,P037,香皂,日用品,4,5.0,3.0,0,1095,供应商E,3,晴,22,正常,0,1
2026-04-30,P038,垃圾袋,日用品,2,8.0,5.0,0,1095,供应商E,3,晴,22,正常,0,1
2026-04-30,P039,电池,日用品,1,10.0,6.5,0,1095,供应商E,3,晴,22,正常,0,1
2026-04-30,P040,打火机,日用品,5,2.0,1.0,0,1095,供应商E,3,晴,22,正常,0,1
2026-04-30,P041,苹果,水果,7,8.0,5.0,0,10,供应商B,1,晴,22,正常,0,1
2026-04-30,P042,香蕉,水果,8,6.0,3.8,0,6,供应商B,1,晴,22,正常,0,1
2026-04-30,P043,橙子,水果,6,9.0,6.0,0,14,供应商B,1,晴,22,正常,0,1
2026-04-30,P044,西红柿,蔬菜,9,6.0,3.8,1,7,供应商B,1,晴,22,正常,0,1
2026-04-30,P045,土豆,蔬菜,5,5.0,3.0,1,30,供应商B,1,晴,22,正常,0,1
2026-04-30,P046,青菜,蔬菜,9,4.0,2.2,1,3,供应商B,1,晴,22,正常,0,1
2026-04-30,P047,火锅底料,调味,6,12.0,8.0,0,365,供应商C,2,晴,22,正常,0,1
2026-04-30,P048,速冻水饺,冷冻食品,4,18.0,12.5,0,180,供应商D,2,晴,22,正常,0,1
2026-04-30,P049,口罩10只,应急用品,4,10.0,6.0,1,1095,供应商E,3,晴,22,正常,0,1
2026-04-30,P050,创可贴,应急用品,2,5.0,2.8,1,1095,供应商E,3,晴,22,正常,0,1
2026-05-01,P001,矿泉水,饮料,26,2.0,1.1,1,365,供应商A,1,晴,26,正常,0,1
2026-05-01,P002,桶装水,饮料,7,8.0,5.2,1,365,供应商A,1,晴,26,正常,0,1
2026-05-01,P003,可乐,饮料,18,3.5,2.2,0,270,供应商A,1,晴,26,正常,0,1
2026-05-01,P004,雪碧,饮料,15,3.5,2.2,0,270,供应商A,1,晴,26,正常,0,1
2026-05-01,P005,橙汁,饮料,7,5.0,3.2,0,180,供应商A,2,晴,26,正常,0,1
2026-05-01,P006,牛奶,乳品,16,3.5,2.4,1,7,供应商B,1,晴,26,正常,0,1
2026-05-01,P007,酸奶,乳品,8,5.0,3.3,0,14,供应商B,1,晴,26,正常,0,1
2026-05-01,P008,鸡蛋,生鲜,12,12.0,8.5,1,20,供应商B,1,晴,26,正常,0,1
2026-05-01,P009,大米5kg,粮油,4,35.0,28.0,1,365,供应商C,2,晴,26,正常,0,1
2026-05-01,P010,食用油5L,粮油,4,65.0,53.0,1,540,供应商C,2,晴,26,正常,0,1
2026-05-01,P011,挂面,粮油,7,8.0,5.5,1,365,供应商C,2,晴,26,正常,0,1
2026-05-01,P012,面粉2.5kg,粮油,3,18.0,14.0,1,365,供应商C,2,晴,26,正常,0,1
2026-05-01,P013,食盐,调味,3,2.5,1.4,1,730,供应商C,2,晴,26,正常,0,1
2026-05-01,P014,酱油,调味,6,8.0,5.6,1,540,供应商C,2,晴,26,正常,0,1
2026-05-01,P015,食醋,调味,4,6.0,4.0,1,540,供应商C,2,晴,26,正常,0,1
2026-05-01,P016,方便面红烧,方便食品,18,5.0,3.4,1,180,供应商D,1,晴,26,正常,0,1
2026-05-01,P017,方便面香辣,方便食品,10,5.0,3.4,0,180,供应商D,1,晴,26,正常,0,1
2026-05-01,P018,火腿肠,方便食品,8,3.0,1.9,0,180,供应商D,1,晴,26,正常,0,1
2026-05-01,P019,八宝粥,方便食品,8,6.0,4.1,0,365,供应商D,1,晴,26,正常,0,1
2026-05-01,P020,榨菜,方便食品,6,2.0,1.2,0,365,供应商D,1,晴,26,正常,0,1
2026-05-01,P021,面包,烘焙,13,6.0,3.8,0,5,供应商B,1,晴,26,正常,0,1
2026-05-01,P022,蛋糕,烘焙,6,8.0,5.2,0,4,供应商B,1,晴,26,正常,0,1
2026-05-01,P023,饼干,零食,11,7.0,4.4,0,270,供应商D,1,晴,26,正常,0,1
2026-05-01,P024,薯片,零食,9,6.0,3.8,0,180,供应商D,1,晴,26,正常,0,1
2026-05-01,P025,瓜子,零食,6,8.0,5.0,0,240,供应商D,1,晴,26,正常,0,1
2026-05-01,P026,花生,零食,6,7.0,4.3,0,240,供应商D,1,晴,26,正常,0,1
2026-05-01,P027,巧克力,零食,4,8.0,5.2,0,300,供应商D,2,晴,26,正常,0,1
2026-05-01,P028,棒棒糖,零食,9,1.0,0.5,0,365,供应商D,2,晴,26,正常,0,1
2026-05-01,P029,冰淇淋,冷饮,18,5.0,3.0,0,180,供应商A,1,晴,26,正常,0,1
2026-05-01,P030,雪糕,冷饮,16,3.0,1.7,0,180,供应商A,1,晴,26,正常,0,1
2026-05-01,P031,纸巾,日用品,9,5.0,3.2,1,1095,供应商E,2,晴,26,正常,0,1
2026-05-01,P032,卷纸,日用品,2,18.0,13.0,1,1095,供应商E,2,晴,26,正常,0,1
2026-05-01,P033,洗衣液,日用品,3,25.0,18.0,0,1095,供应商E,3,晴,26,正常,0,1
2026-05-01,P034,洗洁精,日用品,4,12.0,8.0,0,1095,供应商E,3,晴,26,正常,0,1
2026-05-01,P035,牙膏,日用品,3,12.0,8.5,0,1095,供应商E,3,晴,26,正常,0,1
2026-05-01,P036,牙刷,日用品,5,6.0,3.5,0,1095,供应商E,3,晴,26,正常,0,1
2026-05-01,P037,香皂,日用品,4,5.0,3.0,0,1095,供应商E,3,晴,26,正常,0,1
2026-05-01,P038,垃圾袋,日用品,4,8.0,5.0,0,1095,供应商E,3,晴,26,正常,0,1
2026-05-01,P039,电池,日用品,3,10.0,6.5,0,1095,供应商E,3,晴,26,正常,0,1
2026-05-01,P040,打火机,日用品,3,2.0,1.0,0,1095,供应商E,3,晴,26,正常,0,1
2026-05-01,P041,苹果,水果,7,8.0,5.0,0,10,供应商B,1,晴,26,正常,0,1
2026-05-01,P042,香蕉,水果,10,6.0,3.8,0,6,供应商B,1,晴,26,正常,0,1
2026-05-01,P043,橙子,水果,3,9.0,6.0,0,14,供应商B,1,晴,26,正常,0,1
2026-05-01,P044,西红柿,蔬菜,7,6.0,3.8,1,7,供应商B,1,晴,26,正常,0,1
2026-05-01,P045,土豆,蔬菜,7,5.0,3.0,1,30,供应商B,1,晴,26,正常,0,1
2026-05-01,P046,青菜,蔬菜,13,4.0,2.2,1,3,供应商B,1,晴,26,正常,0,1
2026-05-01,P047,火锅底料,调味,5,12.0,8.0,0,365,供应商C,2,晴,26,正常,0,1
2026-05-01,P048,速冻水饺,冷冻食品,4,18.0,12.5,0,180,供应商D,2,晴,26,正常,0,1
2026-05-01,P049,口罩10只,应急用品,5,10.0,6.0,1,1095,供应商E,3,晴,26,正常,0,1
2026-05-01,P050,创可贴,应急用品,2,5.0,2.8,1,1095,供应商E,3,晴,26,正常,0,1
2026-05-02,P001,矿泉水,饮料,31,2.0,1.1,1,365,供应商A,1,晴,28,正常,1,1
2026-05-02,P002,桶装水,饮料,5,8.0,5.2,1,365,供应商A,1,晴,28,正常,1,1
2026-05-02,P003,可乐,饮料,21,3.5,2.2,0,270,供应商A,1,晴,28,正常,1,1
2026-05-02,P004,雪碧,饮料,13,3.5,2.2,0,270,供应商A,1,晴,28,正常,1,1
2026-05-02,P005,橙汁,饮料,7,5.0,3.2,0,180,供应商A,2,晴,28,正常,1,1
2026-05-02,P006,牛奶,乳品,15,3.5,2.4,1,7,供应商B,1,晴,28,正常,1,1
2026-05-02,P007,酸奶,乳品,10,5.0,3.3,0,14,供应商B,1,晴,28,正常,1,1
2026-05-02,P008,鸡蛋,生鲜,12,12.0,8.5,1,20,供应商B,1,晴,28,正常,1,1
2026-05-02,P009,大米5kg,粮油,5,35.0,28.0,1,365,供应商C,2,晴,28,正常,1,1
2026-05-02,P010,食用油5L,粮油,3,65.0,53.0,1,540,供应商C,2,晴,28,正常,1,1
2026-05-02,P011,挂面,粮油,8,8.0,5.5,1,365,供应商C,2,晴,28,正常,1,1
2026-05-02,P012,面粉2.5kg,粮油,5,18.0,14.0,1,365,供应商C,2,晴,28,正常,1,1
2026-05-02,P013,食盐,调味,5,2.5,1.4,1,730,供应商C,2,晴,28,正常,1,1
2026-05-02,P014,酱油,调味,5,8.0,5.6,1,540,供应商C,2,晴,28,正常,1,1
2026-05-02,P015,食醋,调味,5,6.0,4.0,1,540,供应商C,2,晴,28,正常,1,1
2026-05-02,P016,方便面红烧,方便食品,18,5.0,3.4,1,180,供应商D,1,晴,28,正常,1,1
2026-05-02,P017,方便面香辣,方便食品,15,5.0,3.4,0,180,供应商D,1,晴,28,正常,1,1
2026-05-02,P018,火腿肠,方便食品,13,3.0,1.9,0,180,供应商D,1,晴,28,正常,1,1
2026-05-02,P019,八宝粥,方便食品,9,6.0,4.1,0,365,供应商D,1,晴,28,正常,1,1
2026-05-02,P020,榨菜,方便食品,10,2.0,1.2,0,365,供应商D,1,晴,28,正常,1,1
2026-05-02,P021,面包,烘焙,14,6.0,3.8,0,5,供应商B,1,晴,28,正常,1,1
2026-05-02,P022,蛋糕,烘焙,8,8.0,5.2,0,4,供应商B,1,晴,28,正常,1,1
2026-05-02,P023,饼干,零食,11,7.0,4.4,0,270,供应商D,1,晴,28,正常,1,1
2026-05-02,P024,薯片,零食,9,6.0,3.8,0,180,供应商D,1,晴,28,正常,1,1
2026-05-02,P025,瓜子,零食,6,8.0,5.0,0,240,供应商D,1,晴,28,正常,1,1
2026-05-02,P026,花生,零食,6,7.0,4.3,0,240,供应商D,1,晴,28,正常,1,1
2026-05-02,P027,巧克力,零食,6,8.0,5.2,0,300,供应商D,2,晴,28,正常,1,1
2026-05-02,P028,棒棒糖,零食,10,1.0,0.5,0,365,供应商D,2,晴,28,正常,1,1
2026-05-02,P029,冰淇淋,冷饮,16,5.0,3.0,0,180,供应商A,1,晴,28,正常,1,1
2026-05-02,P030,雪糕,冷饮,22,3.0,1.7,0,180,供应商A,1,晴,28,正常,1,1
2026-05-02,P031,纸巾,日用品,10,5.0,3.2,1,1095,供应商E,2,晴,28,正常,1,1
2026-05-02,P032,卷纸,日用品,5,18.0,13.0,1,1095,供应商E,2,晴,28,正常,1,1
2026-05-02,P033,洗衣液,日用品,2,25.0,18.0,0,1095,供应商E,3,晴,28,正常,1,1
2026-05-02,P034,洗洁精,日用品,6,12.0,8.0,0,1095,供应商E,3,晴,28,正常,1,1
2026-05-02,P035,牙膏,日用品,5,12.0,8.5,0,1095,供应商E,3,晴,28,正常,1,1
2026-05-02,P036,牙刷,日用品,2,6.0,3.5,0,1095,供应商E,3,晴,28,正常,1,1
2026-05-02,P037,香皂,日用品,4,5.0,3.0,0,1095,供应商E,3,晴,28,正常,1,1
2026-05-02,P038,垃圾袋,日用品,5,8.0,5.0,0,1095,供应商E,3,晴,28,正常,1,1
2026-05-02,P039,电池,日用品,4,10.0,6.5,0,1095,供应商E,3,晴,28,正常,1,1
2026-05-02,P040,打火机,日用品,7,2.0,1.0,0,1095,供应商E,3,晴,28,正常,1,1
2026-05-02,P041,苹果,水果,9,8.0,5.0,0,10,供应商B,1,晴,28,正常,1,1
2026-05-02,P042,香蕉,水果,11,6.0,3.8,0,6,供应商B,1,晴,28,正常,1,1
2026-05-02,P043,橙子,水果,7,9.0,6.0,0,14,供应商B,1,晴,28,正常,1,1
2026-05-02,P044,西红柿,蔬菜,8,6.0,3.8,1,7,供应商B,1,晴,28,正常,1,1
2026-05-02,P045,土豆,蔬菜,7,5.0,3.0,1,30,供应商B,1,晴,28,正常,1,1
2026-05-02,P046,青菜,蔬菜,11,4.0,2.2,1,3,供应商B,1,晴,28,正常,1,1
2026-05-02,P047,火锅底料,调味,4,12.0,8.0,0,365,供应商C,2,晴,28,正常,1,1
2026-05-02,P048,速冻水饺,冷冻食品,3,18.0,12.5,0,180,供应商D,2,晴,28,正常,1,1
2026-05-02,P049,口罩10只,应急用品,3,10.0,6.0,1,1095,供应商E,3,晴,28,正常,1,1
2026-05-02,P050,创可贴,应急用品,3,5.0,2.8,1,1095,供应商E,3,晴,28,正常,1,1
2026-05-03,P001,矿泉水,饮料,25,2.0,1.1,1,365,供应商A,1,晴,30,正常,1,1
2026-05-03,P002,桶装水,饮料,6,8.0,5.2,1,365,供应商A,1,晴,30,正常,1,1
2026-05-03,P003,可乐,饮料,19,3.5,2.2,0,270,供应商A,1,晴,30,正常,1,1
2026-05-03,P004,雪碧,饮料,12,3.5,2.2,0,270,供应商A,1,晴,30,正常,1,1
2026-05-03,P005,橙汁,饮料,7,5.0,3.2,0,180,供应商A,2,晴,30,正常,1,1
2026-05-03,P006,牛奶,乳品,15,3.5,2.4,1,7,供应商B,1,晴,30,正常,1,1
2026-05-03,P007,酸奶,乳品,11,5.0,3.3,0,14,供应商B,1,晴,30,正常,1,1
2026-05-03,P008,鸡蛋,生鲜,17,12.0,8.5,1,20,供应商B,1,晴,30,正常,1,1
2026-05-03,P009,大米5kg,粮油,5,35.0,28.0,1,365,供应商C,2,晴,30,正常,1,1
2026-05-03,P010,食用油5L,粮油,2,65.0,53.0,1,540,供应商C,2,晴,30,正常,1,1
2026-05-03,P011,挂面,粮油,7,8.0,5.5,1,365,供应商C,2,晴,30,正常,1,1
2026-05-03,P012,面粉2.5kg,粮油,5,18.0,14.0,1,365,供应商C,2,晴,30,正常,1,1
2026-05-03,P013,食盐,调味,6,2.5,1.4,1,730,供应商C,2,晴,30,正常,1,1
2026-05-03,P014,酱油,调味,6,8.0,5.6,1,540,供应商C,2,晴,30,正常,1,1
2026-05-03,P015,食醋,调味,3,6.0,4.0,1,540,供应商C,2,晴,30,正常,1,1
2026-05-03,P016,方便面红烧,方便食品,17,5.0,3.4,1,180,供应商D,1,晴,30,正常,1,1
2026-05-03,P017,方便面香辣,方便食品,12,5.0,3.4,0,180,供应商D,1,晴,30,正常,1,1
2026-05-03,P018,火腿肠,方便食品,12,3.0,1.9,0,180,供应商D,1,晴,30,正常,1,1
2026-05-03,P019,八宝粥,方便食品,7,6.0,4.1,0,365,供应商D,1,晴,30,正常,1,1
2026-05-03,P020,榨菜,方便食品,6,2.0,1.2,0,365,供应商D,1,晴,30,正常,1,1
2026-05-03,P021,面包,烘焙,7,6.0,3.8,0,5,供应商B,1,晴,30,正常,1,1
2026-05-03,P022,蛋糕,烘焙,7,8.0,5.2,0,4,供应商B,1,晴,30,正常,1,1
2026-05-03,P023,饼干,零食,9,7.0,4.4,0,270,供应商D,1,晴,30,正常,1,1
2026-05-03,P024,薯片,零食,9,6.0,3.8,0,180,供应商D,1,晴,30,正常,1,1
2026-05-03,P025,瓜子,零食,7,8.0,5.0,0,240,供应商D,1,晴,30,正常,1,1
2026-05-03,P026,花生,零食,7,7.0,4.3,0,240,供应商D,1,晴,30,正常,1,1
2026-05-03,P027,巧克力,零食,3,8.0,5.2,0,300,供应商D,2,晴,30,正常,1,1
2026-05-03,P028,棒棒糖,零食,10,1.0,0.5,0,365,供应商D,2,晴,30,正常,1,1
2026-05-03,P029,冰淇淋,冷饮,13,5.0,3.0,0,180,供应商A,1,晴,30,正常,1,1
2026-05-03,P030,雪糕,冷饮,20,3.0,1.7,0,180,供应商A,1,晴,30,正常,1,1
2026-05-03,P031,纸巾,日用品,7,5.0,3.2,1,1095,供应商E,2,晴,30,正常,1,1
2026-05-03,P032,卷纸,日用品,6,18.0,13.0,1,1095,供应商E,2,晴,30,正常,1,1
2026-05-03,P033,洗衣液,日用品,3,25.0,18.0,0,1095,供应商E,3,晴,30,正常,1,1
2026-05-03,P034,洗洁精,日用品,5,12.0,8.0,0,1095,供应商E,3,晴,30,正常,1,1
2026-05-03,P035,牙膏,日用品,5,12.0,8.5,0,1095,供应商E,3,晴,30,正常,1,1
2026-05-03,P036,牙刷,日用品,4,6.0,3.5,0,1095,供应商E,3,晴,30,正常,1,1
2026-05-03,P037,香皂,日用品,3,5.0,3.0,0,1095,供应商E,3,晴,30,正常,1,1
2026-05-03,P038,垃圾袋,日用品,3,8.0,5.0,0,1095,供应商E,3,晴,30,正常,1,1
2026-05-03,P039,电池,日用品,3,10.0,6.5,0,1095,供应商E,3,晴,30,正常,1,1
2026-05-03,P040,打火机,日用品,5,2.0,1.0,0,1095,供应商E,3,晴,30,正常,1,1
2026-05-03,P041,苹果,水果,8,8.0,5.0,0,10,供应商B,1,晴,30,正常,1,1
2026-05-03,P042,香蕉,水果,11,6.0,3.8,0,6,供应商B,1,晴,30,正常,1,1
2026-05-03,P043,橙子,水果,6,9.0,6.0,0,14,供应商B,1,晴,30,正常,1,1
2026-05-03,P044,西红柿,蔬菜,7,6.0,3.8,1,7,供应商B,1,晴,30,正常,1,1
2026-05-03,P045,土豆,蔬菜,7,5.0,3.0,1,30,供应商B,1,晴,30,正常,1,1
2026-05-03,P046,青菜,蔬菜,11,4.0,2.2,1,3,供应商B,1,晴,30,正常,1,1
2026-05-03,P047,火锅底料,调味,5,12.0,8.0,0,365,供应商C,2,晴,30,正常,1,1
2026-05-03,P048,速冻水饺,冷冻食品,8,18.0,12.5,0,180,供应商D,2,晴,30,正常,1,1
2026-05-03,P049,口罩10只,应急用品,2,10.0,6.0,1,1095,供应商E,3,晴,30,正常,1,1
2026-05-03,P050,创可贴,应急用品,3,5.0,2.8,1,1095,供应商E,3,晴,30,正常,1,1
2026-05-04,P001,矿泉水,饮料,26,2.0,1.1,1,365,供应商A,1,晴,30,正常,0,1
2026-05-04,P002,桶装水,饮料,6,8.0,5.2,1,365,供应商A,1,晴,30,正常,0,1
2026-05-04,P003,可乐,饮料,15,3.5,2.2,0,270,供应商A,1,晴,30,正常,0,1
2026-05-04,P004,雪碧,饮料,10,3.5,2.2,0,270,供应商A,1,晴,30,正常,0,1
2026-05-04,P005,橙汁,饮料,7,5.0,3.2,0,180,供应商A,2,晴,30,正常,0,1
2026-05-04,P006,牛奶,乳品,12,3.5,2.4,1,7,供应商B,1,晴,30,正常,0,1
2026-05-04,P007,酸奶,乳品,7,5.0,3.3,0,14,供应商B,1,晴,30,正常,0,1
2026-05-04,P008,鸡蛋,生鲜,10,12.0,8.5,1,20,供应商B,1,晴,30,正常,0,1
2026-05-04,P009,大米5kg,粮油,3,35.0,28.0,1,365,供应商C,2,晴,30,正常,0,1
2026-05-04,P010,食用油5L,粮油,4,65.0,53.0,1,540,供应商C,2,晴,30,正常,0,1
2026-05-04,P011,挂面,粮油,8,8.0,5.5,1,365,供应商C,2,晴,30,正常,0,1
2026-05-04,P012,面粉2.5kg,粮油,3,18.0,14.0,1,365,供应商C,2,晴,30,正常,0,1
2026-05-04,P013,食盐,调味,5,2.5,1.4,1,730,供应商C,2,晴,30,正常,0,1
2026-05-04,P014,酱油,调味,3,8.0,5.6,1,540,供应商C,2,晴,30,正常,0,1
2026-05-04,P015,食醋,调味,3,6.0,4.0,1,540,供应商C,2,晴,30,正常,0,1
2026-05-04,P016,方便面红烧,方便食品,16,5.0,3.4,1,180,供应商D,1,晴,30,正常,0,1
2026-05-04,P017,方便面香辣,方便食品,11,5.0,3.4,0,180,供应商D,1,晴,30,正常,0,1
2026-05-04,P018,火腿肠,方便食品,9,3.0,1.9,0,180,供应商D,1,晴,30,正常,0,1
2026-05-04,P019,八宝粥,方便食品,8,6.0,4.1,0,365,供应商D,1,晴,30,正常,0,1
2026-05-04,P020,榨菜,方便食品,4,2.0,1.2,0,365,供应商D,1,晴,30,正常,0,1
2026-05-04,P021,面包,烘焙,10,6.0,3.8,0,5,供应商B,1,晴,30,正常,0,1
2026-05-04,P022,蛋糕,烘焙,8,8.0,5.2,0,4,供应商B,1,晴,30,正常,0,1
2026-05-04,P023,饼干,零食,11,7.0,4.4,0,270,供应商D,1,晴,30,正常,0,1
2026-05-04,P024,薯片,零食,11,6.0,3.8,0,180,供应商D,1,晴,30,正常,0,1
2026-05-04,P025,瓜子,零食,6,8.0,5.0,0,240,供应商D,1,晴,30,正常,0,1
2026-05-04,P026,花生,零食,3,7.0,4.3,0,240,供应商D,1,晴,30,正常,0,1
2026-05-04,P027,巧克力,零食,3,8.0,5.2,0,300,供应商D,2,晴,30,正常,0,1
2026-05-04,P028,棒棒糖,零食,9,1.0,0.5,0,365,供应商D,2,晴,30,正常,0,1
2026-05-04,P029,冰淇淋,冷饮,13,5.0,3.0,0,180,供应商A,1,晴,30,正常,0,1
2026-05-04,P030,雪糕,冷饮,14,3.0,1.7,0,180,供应商A,1,晴,30,正常,0,1
2026-05-04,P031,纸巾,日用品,8,5.0,3.2,1,1095,供应商E,2,晴,30,正常,0,1
2026-05-04,P032,卷纸,日用品,5,18.0,13.0,1,1095,供应商E,2,晴,30,正常,0,1
2026-05-04,P033,洗衣液,日用品,4,25.0,18.0,0,1095,供应商E,3,晴,30,正常,0,1
2026-05-04,P034,洗洁精,日用品,4,12.0,8.0,0,1095,供应商E,3,晴,30,正常,0,1
2026-05-04,P035,牙膏,日用品,5,12.0,8.5,0,1095,供应商E,3,晴,30,正常,0,1
2026-05-04,P036,牙刷,日用品,4,6.0,3.5,0,1095,供应商E,3,晴,30,正常,0,1
2026-05-04,P037,香皂,日用品,4,5.0,3.0,0,1095,供应商E,3,晴,30,正常,0,1
2026-05-04,P038,垃圾袋,日用品,5,8.0,5.0,0,1095,供应商E,3,晴,30,正常,0,1
2026-05-04,P039,电池,日用品,2,10.0,6.5,0,1095,供应商E,3,晴,30,正常,0,1
2026-05-04,P040,打火机,日用品,8,2.0,1.0,0,1095,供应商E,3,晴,30,正常,0,1
2026-05-04,P041,苹果,水果,8,8.0,5.0,0,10,供应商B,1,晴,30,正常,0,1
2026-05-04,P042,香蕉,水果,10,6.0,3.8,0,6,供应商B,1,晴,30,正常,0,1
2026-05-04,P043,橙子,水果,7,9.0,6.0,0,14,供应商B,1,晴,30,正常,0,1
2026-05-04,P044,西红柿,蔬菜,10,6.0,3.8,1,7,供应商B,1,晴,30,正常,0,1
2026-05-04,P045,土豆,蔬菜,8,5.0,3.0,1,30,供应商B,1,晴,30,正常,0,1
2026-05-04,P046,青菜,蔬菜,7,4.0,2.2,1,3,供应商B,1,晴,30,正常,0,1
2026-05-04,P047,火锅底料,调味,6,12.0,8.0,0,365,供应商C,2,晴,30,正常,0,1
2026-05-04,P048,速冻水饺,冷冻食品,5,18.0,12.5,0,180,供应商D,2,晴,30,正常,0,1
2026-05-04,P049,口罩10只,应急用品,3,10.0,6.0,1,1095,供应商E,3,晴,30,正常,0,1
2026-05-04,P050,创可贴,应急用品,1,5.0,2.8,1,1095,供应商E,3,晴,30,正常,0,1
2026-05-05,P001,矿泉水,饮料,26,2.0,1.1,1,365,供应商A,1,晴,31,正常,0,1
2026-05-05,P002,桶装水,饮料,5,8.0,5.2,1,365,供应商A,1,晴,31,正常,0,1
2026-05-05,P003,可乐,饮料,16,3.5,2.2,0,270,供应商A,1,晴,31,正常,0,1
2026-05-05,P004,雪碧,饮料,12,3.5,2.2,0,270,供应商A,1,晴,31,正常,0,1
2026-05-05,P005,橙汁,饮料,10,5.0,3.2,0,180,供应商A,2,晴,31,正常,0,1
2026-05-05,P006,牛奶,乳品,18,3.5,2.4,1,7,供应商B,1,晴,31,正常,0,1
2026-05-05,P007,酸奶,乳品,9,5.0,3.3,0,14,供应商B,1,晴,31,正常,0,1
2026-05-05,P008,鸡蛋,生鲜,12,12.0,8.5,1,20,供应商B,1,晴,31,正常,0,1
2026-05-05,P009,大米5kg,粮油,4,35.0,28.0,1,365,供应商C,2,晴,31,正常,0,1
2026-05-05,P010,食用油5L,粮油,4,65.0,53.0,1,540,供应商C,2,晴,31,正常,0,1
2026-05-05,P011,挂面,粮油,7,8.0,5.5,1,365,供应商C,2,晴,31,正常,0,1
2026-05-05,P012,面粉2.5kg,粮油,3,18.0,14.0,1,365,供应商C,2,晴,31,正常,0,1
2026-05-05,P013,食盐,调味,6,2.5,1.4,1,730,供应商C,2,晴,31,正常,0,1
2026-05-05,P014,酱油,调味,4,8.0,5.6,1,540,供应商C,2,晴,31,正常,0,1
2026-05-05,P015,食醋,调味,4,6.0,4.0,1,540,供应商C,2,晴,31,正常,0,1
2026-05-05,P016,方便面红烧,方便食品,11,5.0,3.4,1,180,供应商D,1,晴,31,正常,0,1
2026-05-05,P017,方便面香辣,方便食品,11,5.0,3.4,0,180,供应商D,1,晴,31,正常,0,1
2026-05-05,P018,火腿肠,方便食品,13,3.0,1.9,0,180,供应商D,1,晴,31,正常,0,1
2026-05-05,P019,八宝粥,方便食品,8,6.0,4.1,0,365,供应商D,1,晴,31,正常,0,1
2026-05-05,P020,榨菜,方便食品,8,2.0,1.2,0,365,供应商D,1,晴,31,正常,0,1
2026-05-05,P021,面包,烘焙,10,6.0,3.8,0,5,供应商B,1,晴,31,正常,0,1
2026-05-05,P022,蛋糕,烘焙,7,8.0,5.2,0,4,供应商B,1,晴,31,正常,0,1
2026-05-05,P023,饼干,零食,8,7.0,4.4,0,270,供应商D,1,晴,31,正常,0,1
2026-05-05,P024,薯片,零食,10,6.0,3.8,0,180,供应商D,1,晴,31,正常,0,1
2026-05-05,P025,瓜子,零食,7,8.0,5.0,0,240,供应商D,1,晴,31,正常,0,1
2026-05-05,P026,花生,零食,6,7.0,4.3,0,240,供应商D,1,晴,31,正常,0,1
2026-05-05,P027,巧克力,零食,3,8.0,5.2,0,300,供应商D,2,晴,31,正常,0,1
2026-05-05,P028,棒棒糖,零食,7,1.0,0.5,0,365,供应商D,2,晴,31,正常,0,1
2026-05-05,P029,冰淇淋,冷饮,11,5.0,3.0,0,180,供应商A,1,晴,31,正常,0,1
2026-05-05,P030,雪糕,冷饮,18,3.0,1.7,0,180,供应商A,1,晴,31,正常,0,1
2026-05-05,P031,纸巾,日用品,11,5.0,3.2,1,1095,供应商E,2,晴,31,正常,0,1
2026-05-05,P032,卷纸,日用品,7,18.0,13.0,1,1095,供应商E,2,晴,31,正常,0,1
2026-05-05,P033,洗衣液,日用品,1,25.0,18.0,0,1095,供应商E,3,晴,31,正常,0,1
2026-05-05,P034,洗洁精,日用品,6,12.0,8.0,0,1095,供应商E,3,晴,31,正常,0,1
2026-05-05,P035,牙膏,日用品,5,12.0,8.5,0,1095,供应商E,3,晴,31,正常,0,1
2026-05-05,P036,牙刷,日用品,2,6.0,3.5,0,1095,供应商E,3,晴,31,正常,0,1
2026-05-05,P037,香皂,日用品,4,5.0,3.0,0,1095,供应商E,3,晴,31,正常,0,1
2026-05-05,P038,垃圾袋,日用品,5,8.0,5.0,0,1095,供应商E,3,晴,31,正常,0,1
2026-05-05,P039,电池,日用品,4,10.0,6.5,0,1095,供应商E,3,晴,31,正常,0,1
2026-05-05,P040,打火机,日用品,3,2.0,1.0,0,1095,供应商E,3,晴,31,正常,0,1
2026-05-05,P041,苹果,水果,9,8.0,5.0,0,10,供应商B,1,晴,31,正常,0,1
2026-05-05,P042,香蕉,水果,6,6.0,3.8,0,6,供应商B,1,晴,31,正常,0,1
2026-05-05,P043,橙子,水果,6,9.0,6.0,0,14,供应商B,1,晴,31,正常,0,1
2026-05-05,P044,西红柿,蔬菜,9,6.0,3.8,1,7,供应商B,1,晴,31,正常,0,1
2026-05-05,P045,土豆,蔬菜,7,5.0,3.0,1,30,供应商B,1,晴,31,正常,0,1
2026-05-05,P046,青菜,蔬菜,9,4.0,2.2,1,3,供应商B,1,晴,31,正常,0,1
2026-05-05,P047,火锅底料,调味,5,12.0,8.0,0,365,供应商C,2,晴,31,正常,0,1
2026-05-05,P048,速冻水饺,冷冻食品,6,18.0,12.5,0,180,供应商D,2,晴,31,正常,0,1
2026-05-05,P049,口罩10只,应急用品,5,10.0,6.0,1,1095,供应商E,3,晴,31,正常,0,1
2026-05-05,P050,创可贴,应急用品,4,5.0,2.8,1,1095,供应商E,3,晴,31,正常,0,1
2026-05-06,P001,矿泉水,饮料,28,2.0,1.1,1,365,供应商A,1,晴,27,正常,0,1
2026-05-06,P002,桶装水,饮料,7,8.0,5.2,1,365,供应商A,1,晴,27,正常,0,1
2026-05-06,P003,可乐,饮料,17,3.5,2.2,0,270,供应商A,1,晴,27,正常,0,1
2026-05-06,P004,雪碧,饮料,13,3.5,2.2,0,270,供应商A,1,晴,27,正常,0,1
2026-05-06,P005,橙汁,饮料,8,5.0,3.2,0,180,供应商A,2,晴,27,正常,0,1
2026-05-06,P006,牛奶,乳品,11,3.5,2.4,1,7,供应商B,1,晴,27,正常,0,1
2026-05-06,P007,酸奶,乳品,8,5.0,3.3,0,14,供应商B,1,晴,27,正常,0,1
2026-05-06,P008,鸡蛋,生鲜,11,12.0,8.5,1,20,供应商B,1,晴,27,正常,0,1
2026-05-06,P009,大米5kg,粮油,4,35.0,28.0,1,365,供应商C,2,晴,27,正常,0,1
2026-05-06,P010,食用油5L,粮油,5,65.0,53.0,1,540,供应商C,2,晴,27,正常,0,1
2026-05-06,P011,挂面,粮油,7,8.0,5.5,1,365,供应商C,2,晴,27,正常,0,1
2026-05-06,P012,面粉2.5kg,粮油,5,18.0,14.0,1,365,供应商C,2,晴,27,正常,0,1
2026-05-06,P013,食盐,调味,6,2.5,1.4,1,730,供应商C,2,晴,27,正常,0,1
2026-05-06,P014,酱油,调味,5,8.0,5.6,1,540,供应商C,2,晴,27,正常,0,1
2026-05-06,P015,食醋,调味,5,6.0,4.0,1,540,供应商C,2,晴,27,正常,0,1
2026-05-06,P016,方便面红烧,方便食品,14,5.0,3.4,1,180,供应商D,1,晴,27,正常,0,1
2026-05-06,P017,方便面香辣,方便食品,12,5.0,3.4,0,180,供应商D,1,晴,27,正常,0,1
2026-05-06,P018,火腿肠,方便食品,11,3.0,1.9,0,180,供应商D,1,晴,27,正常,0,1
2026-05-06,P019,八宝粥,方便食品,6,6.0,4.1,0,365,供应商D,1,晴,27,正常,0,1
2026-05-06,P020,榨菜,方便食品,6,2.0,1.2,0,365,供应商D,1,晴,27,正常,0,1
2026-05-06,P021,面包,烘焙,15,6.0,3.8,0,5,供应商B,1,晴,27,正常,0,1
2026-05-06,P022,蛋糕,烘焙,7,8.0,5.2,0,4,供应商B,1,晴,27,正常,0,1
2026-05-06,P023,饼干,零食,10,7.0,4.4,0,270,供应商D,1,晴,27,正常,0,1
2026-05-06,P024,薯片,零食,11,6.0,3.8,0,180,供应商D,1,晴,27,正常,0,1
2026-05-06,P025,瓜子,零食,5,8.0,5.0,0,240,供应商D,1,晴,27,正常,0,1
2026-05-06,P026,花生,零食,7,7.0,4.3,0,240,供应商D,1,晴,27,正常,0,1
2026-05-06,P027,巧克力,零食,3,8.0,5.2,0,300,供应商D,2,晴,27,正常,0,1
2026-05-06,P028,棒棒糖,零食,8,1.0,0.5,0,365,供应商D,2,晴,27,正常,0,1
2026-05-06,P029,冰淇淋,冷饮,16,5.0,3.0,0,180,供应商A,1,晴,27,正常,0,1
2026-05-06,P030,雪糕,冷饮,18,3.0,1.7,0,180,供应商A,1,晴,27,正常,0,1
2026-05-06,P031,纸巾,日用品,8,5.0,3.2,1,1095,供应商E,2,晴,27,正常,0,1
2026-05-06,P032,卷纸,日用品,6,18.0,13.0,1,1095,供应商E,2,晴,27,正常,0,1
2026-05-06,P033,洗衣液,日用品,3,25.0,18.0,0,1095,供应商E,3,晴,27,正常,0,1
2026-05-06,P034,洗洁精,日用品,4,12.0,8.0,0,1095,供应商E,3,晴,27,正常,0,1
2026-05-06,P035,牙膏,日用品,5,12.0,8.5,0,1095,供应商E,3,晴,27,正常,0,1
2026-05-06,P036,牙刷,日用品,3,6.0,3.5,0,1095,供应商E,3,晴,27,正常,0,1
2026-05-06,P037,香皂,日用品,4,5.0,3.0,0,1095,供应商E,3,晴,27,正常,0,1
2026-05-06,P038,垃圾袋,日用品,4,8.0,5.0,0,1095,供应商E,3,晴,27,正常,0,1
2026-05-06,P039,电池,日用品,1,10.0,6.5,0,1095,供应商E,3,晴,27,正常,0,1
2026-05-06,P040,打火机,日用品,4,2.0,1.0,0,1095,供应商E,3,晴,27,正常,0,1
2026-05-06,P041,苹果,水果,10,8.0,5.0,0,10,供应商B,1,晴,27,正常,0,1
2026-05-06,P042,香蕉,水果,10,6.0,3.8,0,6,供应商B,1,晴,27,正常,0,1
2026-05-06,P043,橙子,水果,4,9.0,6.0,0,14,供应商B,1,晴,27,正常,0,1
2026-05-06,P044,西红柿,蔬菜,6,6.0,3.8,1,7,供应商B,1,晴,27,正常,0,1
2026-05-06,P045,土豆,蔬菜,7,5.0,3.0,1,30,供应商B,1,晴,27,正常,0,1
2026-05-06,P046,青菜,蔬菜,12,4.0,2.2,1,3,供应商B,1,晴,27,正常,0,1
2026-05-06,P047,火锅底料,调味,4,12.0,8.0,0,365,供应商C,2,晴,27,正常,0,1
2026-05-06,P048,速冻水饺,冷冻食品,7,18.0,12.5,0,180,供应商D,2,晴,27,正常,0,1
2026-05-06,P049,口罩10只,应急用品,3,10.0,6.0,1,1095,供应商E,3,晴,27,正常,0,1
2026-05-06,P050,创可贴,应急用品,4,5.0,2.8,1,1095,供应商E,3,晴,27,正常,0,1
2026-05-07,P001,矿泉水,饮料,19,2.0,1.1,1,365,供应商A,1,晴,27,正常,0,1
2026-05-07,P002,桶装水,饮料,7,8.0,5.2,1,365,供应商A,1,晴,27,正常,0,1
2026-05-07,P003,可乐,饮料,15,3.5,2.2,0,270,供应商A,1,晴,27,正常,0,1
2026-05-07,P004,雪碧,饮料,15,3.5,2.2,0,270,供应商A,1,晴,27,正常,0,1
2026-05-07,P005,橙汁,饮料,7,5.0,3.2,0,180,供应商A,2,晴,27,正常,0,1
2026-05-07,P006,牛奶,乳品,14,3.5,2.4,1,7,供应商B,1,晴,27,正常,0,1
2026-05-07,P007,酸奶,乳品,10,5.0,3.3,0,14,供应商B,1,晴,27,正常,0,1
2026-05-07,P008,鸡蛋,生鲜,12,12.0,8.5,1,20,供应商B,1,晴,27,正常,0,1
2026-05-07,P009,大米5kg,粮油,4,35.0,28.0,1,365,供应商C,2,晴,27,正常,0,1
2026-05-07,P010,食用油5L,粮油,3,65.0,53.0,1,540,供应商C,2,晴,27,正常,0,1
2026-05-07,P011,挂面,粮油,6,8.0,5.5,1,365,供应商C,2,晴,27,正常,0,1
2026-05-07,P012,面粉2.5kg,粮油,6,18.0,14.0,1,365,供应商C,2,晴,27,正常,0,1
2026-05-07,P013,食盐,调味,6,2.5,1.4,1,730,供应商C,2,晴,27,正常,0,1
2026-05-07,P014,酱油,调味,4,8.0,5.6,1,540,供应商C,2,晴,27,正常,0,1
2026-05-07,P015,食醋,调味,5,6.0,4.0,1,540,供应商C,2,晴,27,正常,0,1
2026-05-07,P016,方便面红烧,方便食品,13,5.0,3.4,1,180,供应商D,1,晴,27,正常,0,1
2026-05-07,P017,方便面香辣,方便食品,8,5.0,3.4,0,180,供应商D,1,晴,27,正常,0,1
2026-05-07,P018,火腿肠,方便食品,12,3.0,1.9,0,180,供应商D,1,晴,27,正常,0,1
2026-05-07,P019,八宝粥,方便食品,5,6.0,4.1,0,365,供应商D,1,晴,27,正常,0,1
2026-05-07,P020,榨菜,方便食品,7,2.0,1.2,0,365,供应商D,1,晴,27,正常,0,1
2026-05-07,P021,面包,烘焙,12,6.0,3.8,0,5,供应商B,1,晴,27,正常,0,1
2026-05-07,P022,蛋糕,烘焙,7,8.0,5.2,0,4,供应商B,1,晴,27,正常,0,1
2026-05-07,P023,饼干,零食,10,7.0,4.4,0,270,供应商D,1,晴,27,正常,0,1
2026-05-07,P024,薯片,零食,11,6.0,3.8,0,180,供应商D,1,晴,27,正常,0,1
2026-05-07,P025,瓜子,零食,5,8.0,5.0,0,240,供应商D,1,晴,27,正常,0,1
2026-05-07,P026,花生,零食,7,7.0,4.3,0,240,供应商D,1,晴,27,正常,0,1
2026-05-07,P027,巧克力,零食,5,8.0,5.2,0,300,供应商D,2,晴,27,正常,0,1
2026-05-07,P028,棒棒糖,零食,7,1.0,0.5,0,365,供应商D,2,晴,27,正常,0,1
2026-05-07,P029,冰淇淋,冷饮,14,5.0,3.0,0,180,供应商A,1,晴,27,正常,0,1
2026-05-07,P030,雪糕,冷饮,21,3.0,1.7,0,180,供应商A,1,晴,27,正常,0,1
2026-05-07,P031,纸巾,日用品,10,5.0,3.2,1,1095,供应商E,2,晴,27,正常,0,1
2026-05-07,P032,卷纸,日用品,6,18.0,13.0,1,1095,供应商E,2,晴,27,正常,0,1
2026-05-07,P033,洗衣液,日用品,2,25.0,18.0,0,1095,供应商E,3,晴,27,正常,0,1
2026-05-07,P034,洗洁精,日用品,5,12.0,8.0,0,1095,供应商E,3,晴,27,正常,0,1
2026-05-07,P035,牙膏,日用品,5,12.0,8.5,0,1095,供应商E,3,晴,27,正常,0,1
2026-05-07,P036,牙刷,日用品,5,6.0,3.5,0,1095,供应商E,3,晴,27,正常,0,1
2026-05-07,P037,香皂,日用品,5,5.0,3.0,0,1095,供应商E,3,晴,27,正常,0,1
2026-05-07,P038,垃圾袋,日用品,4,8.0,5.0,0,1095,供应商E,3,晴,27,正常,0,1
2026-05-07,P039,电池,日用品,3,10.0,6.5,0,1095,供应商E,3,晴,27,正常,0,1
2026-05-07,P040,打火机,日用品,4,2.0,1.0,0,1095,供应商E,3,晴,27,正常,0,1
2026-05-07,P041,苹果,水果,6,8.0,5.0,0,10,供应商B,1,晴,27,正常,0,1
2026-05-07,P042,香蕉,水果,9,6.0,3.8,0,6,供应商B,1,晴,27,正常,0,1
2026-05-07,P043,橙子,水果,6,9.0,6.0,0,14,供应商B,1,晴,27,正常,0,1
2026-05-07,P044,西红柿,蔬菜,9,6.0,3.8,1,7,供应商B,1,晴,27,正常,0,1
2026-05-07,P045,土豆,蔬菜,5,5.0,3.0,1,30,供应商B,1,晴,27,正常,0,1
2026-05-07,P046,青菜,蔬菜,11,4.0,2.2,1,3,供应商B,1,晴,27,正常,0,1
2026-05-07,P047,火锅底料,调味,6,12.0,8.0,0,365,供应商C,2,晴,27,正常,0,1
2026-05-07,P048,速冻水饺,冷冻食品,5,18.0,12.5,0,180,供应商D,2,晴,27,正常,0,1
2026-05-07,P049,口罩10只,应急用品,3,10.0,6.0,1,1095,供应商E,3,晴,27,正常,0,1
2026-05-07,P050,创可贴,应急用品,3,5.0,2.8,1,1095,供应商E,3,晴,27,正常,0,1
2026-05-08,P001,矿泉水,饮料,32,2.0,1.1,1,365,供应商A,1,晴,31,正常,0,1
2026-05-08,P002,桶装水,饮料,5,8.0,5.2,1,365,供应商A,1,晴,31,正常,0,1
2026-05-08,P003,可乐,饮料,17,3.5,2.2,0,270,供应商A,1,晴,31,正常,0,1
2026-05-08,P004,雪碧,饮料,11,3.5,2.2,0,270,供应商A,1,晴,31,正常,0,1
2026-05-08,P005,橙汁,饮料,7,5.0,3.2,0,180,供应商A,2,晴,31,正常,0,1
2026-05-08,P006,牛奶,乳品,14,3.5,2.4,1,7,供应商B,1,晴,31,正常,0,1
2026-05-08,P007,酸奶,乳品,11,5.0,3.3,0,14,供应商B,1,晴,31,正常,0,1
2026-05-08,P008,鸡蛋,生鲜,15,12.0,8.5,1,20,供应商B,1,晴,31,正常,0,1
2026-05-08,P009,大米5kg,粮油,5,35.0,28.0,1,365,供应商C,2,晴,31,正常,0,1
2026-05-08,P010,食用油5L,粮油,3,65.0,53.0,1,540,供应商C,2,晴,31,正常,0,1
2026-05-08,P011,挂面,粮油,10,8.0,5.5,1,365,供应商C,2,晴,31,正常,0,1
2026-05-08,P012,面粉2.5kg,粮油,3,18.0,14.0,1,365,供应商C,2,晴,31,正常,0,1
2026-05-08,P013,食盐,调味,4,2.5,1.4,1,730,供应商C,2,晴,31,正常,0,1
2026-05-08,P014,酱油,调味,3,8.0,5.6,1,540,供应商C,2,晴,31,正常,0,1
2026-05-08,P015,食醋,调味,6,6.0,4.0,1,540,供应商C,2,晴,31,正常,0,1
2026-05-08,P016,方便面红烧,方便食品,17,5.0,3.4,1,180,供应商D,1,晴,31,正常,0,1
2026-05-08,P017,方便面香辣,方便食品,14,5.0,3.4,0,180,供应商D,1,晴,31,正常,0,1
2026-05-08,P018,火腿肠,方便食品,8,3.0,1.9,0,180,供应商D,1,晴,31,正常,0,1
2026-05-08,P019,八宝粥,方便食品,9,6.0,4.1,0,365,供应商D,1,晴,31,正常,0,1
2026-05-08,P020,榨菜,方便食品,6,2.0,1.2,0,365,供应商D,1,晴,31,正常,0,1
2026-05-08,P021,面包,烘焙,14,6.0,3.8,0,5,供应商B,1,晴,31,正常,0,1
2026-05-08,P022,蛋糕,烘焙,5,8.0,5.2,0,4,供应商B,1,晴,31,正常,0,1
2026-05-08,P023,饼干,零食,11,7.0,4.4,0,270,供应商D,1,晴,31,正常,0,1
2026-05-08,P024,薯片,零食,11,6.0,3.8,0,180,供应商D,1,晴,31,正常,0,1
2026-05-08,P025,瓜子,零食,6,8.0,5.0,0,240,供应商D,1,晴,31,正常,0,1
2026-05-08,P026,花生,零食,7,7.0,4.3,0,240,供应商D,1,晴,31,正常,0,1
2026-05-08,P027,巧克力,零食,4,8.0,5.2,0,300,供应商D,2,晴,31,正常,0,1
2026-05-08,P028,棒棒糖,零食,8,1.0,0.5,0,365,供应商D,2,晴,31,正常,0,1
2026-05-08,P029,冰淇淋,冷饮,13,5.0,3.0,0,180,供应商A,1,晴,31,正常,0,1
2026-05-08,P030,雪糕,冷饮,12,3.0,1.7,0,180,供应商A,1,晴,31,正常,0,1
2026-05-08,P031,纸巾,日用品,9,5.0,3.2,1,1095,供应商E,2,晴,31,正常,0,1
2026-05-08,P032,卷纸,日用品,6,18.0,13.0,1,1095,供应商E,2,晴,31,正常,0,1
2026-05-08,P033,洗衣液,日用品,2,25.0,18.0,0,1095,供应商E,3,晴,31,正常,0,1
2026-05-08,P034,洗洁精,日用品,4,12.0,8.0,0,1095,供应商E,3,晴,31,正常,0,1
2026-05-08,P035,牙膏,日用品,4,12.0,8.5,0,1095,供应商E,3,晴,31,正常,0,1
2026-05-08,P036,牙刷,日用品,4,6.0,3.5,0,1095,供应商E,3,晴,31,正常,0,1
2026-05-08,P037,香皂,日用品,3,5.0,3.0,0,1095,供应商E,3,晴,31,正常,0,1
2026-05-08,P038,垃圾袋,日用品,3,8.0,5.0,0,1095,供应商E,3,晴,31,正常,0,1
2026-05-08,P039,电池,日用品,4,10.0,6.5,0,1095,供应商E,3,晴,31,正常,0,1
2026-05-08,P040,打火机,日用品,5,2.0,1.0,0,1095,供应商E,3,晴,31,正常,0,1
2026-05-08,P041,苹果,水果,11,8.0,5.0,0,10,供应商B,1,晴,31,正常,0,1
2026-05-08,P042,香蕉,水果,9,6.0,3.8,0,6,供应商B,1,晴,31,正常,0,1
2026-05-08,P043,橙子,水果,5,9.0,6.0,0,14,供应商B,1,晴,31,正常,0,1
2026-05-08,P044,西红柿,蔬菜,10,6.0,3.8,1,7,供应商B,1,晴,31,正常,0,1
2026-05-08,P045,土豆,蔬菜,8,5.0,3.0,1,30,供应商B,1,晴,31,正常,0,1
2026-05-08,P046,青菜,蔬菜,11,4.0,2.2,1,3,供应商B,1,晴,31,正常,0,1
2026-05-08,P047,火锅底料,调味,5,12.0,8.0,0,365,供应商C,2,晴,31,正常,0,1
2026-05-08,P048,速冻水饺,冷冻食品,4,18.0,12.5,0,180,供应商D,2,晴,31,正常,0,1
2026-05-08,P049,口罩10只,应急用品,3,10.0,6.0,1,1095,供应商E,3,晴,31,正常,0,1
2026-05-08,P050,创可贴,应急用品,3,5.0,2.8,1,1095,供应商E,3,晴,31,正常,0,1
2026-05-09,P001,矿泉水,饮料,21,2.0,1.1,1,365,供应商A,1,晴,28,正常,1,1
2026-05-09,P002,桶装水,饮料,6,8.0,5.2,1,365,供应商A,1,晴,28,正常,1,1
2026-05-09,P003,可乐,饮料,21,3.5,2.2,0,270,供应商A,1,晴,28,正常,1,1
2026-05-09,P004,雪碧,饮料,15,3.5,2.2,0,270,供应商A,1,晴,28,正常,1,1
2026-05-09,P005,橙汁,饮料,7,5.0,3.2,0,180,供应商A,2,晴,28,正常,1,1
2026-05-09,P006,牛奶,乳品,12,3.5,2.4,1,7,供应商B,1,晴,28,正常,1,1
2026-05-09,P007,酸奶,乳品,13,5.0,3.3,0,14,供应商B,1,晴,28,正常,1,1
2026-05-09,P008,鸡蛋,生鲜,13,12.0,8.5,1,20,供应商B,1,晴,28,正常,1,1
2026-05-09,P009,大米5kg,粮油,4,35.0,28.0,1,365,供应商C,2,晴,28,正常,1,1
2026-05-09,P010,食用油5L,粮油,3,65.0,53.0,1,540,供应商C,2,晴,28,正常,1,1
2026-05-09,P011,挂面,粮油,6,8.0,5.5,1,365,供应商C,2,晴,28,正常,1,1
2026-05-09,P012,面粉2.5kg,粮油,6,18.0,14.0,1,365,供应商C,2,晴,28,正常,1,1
2026-05-09,P013,食盐,调味,5,2.5,1.4,1,730,供应商C,2,晴,28,正常,1,1
2026-05-09,P014,酱油,调味,7,8.0,5.6,1,540,供应商C,2,晴,28,正常,1,1
2026-05-09,P015,食醋,调味,4,6.0,4.0,1,540,供应商C,2,晴,28,正常,1,1
2026-05-09,P016,方便面红烧,方便食品,20,5.0,3.4,1,180,供应商D,1,晴,28,正常,1,1
2026-05-09,P017,方便面香辣,方便食品,11,5.0,3.4,0,180,供应商D,1,晴,28,正常,1,1
2026-05-09,P018,火腿肠,方便食品,13,3.0,1.9,0,180,供应商D,1,晴,28,正常,1,1
2026-05-09,P019,八宝粥,方便食品,9,6.0,4.1,0,365,供应商D,1,晴,28,正常,1,1
2026-05-09,P020,榨菜,方便食品,7,2.0,1.2,0,365,供应商D,1,晴,28,正常,1,1
2026-05-09,P021,面包,烘焙,14,6.0,3.8,0,5,供应商B,1,晴,28,正常,1,1
2026-05-09,P022,蛋糕,烘焙,7,8.0,5.2,0,4,供应商B,1,晴,28,正常,1,1
2026-05-09,P023,饼干,零食,13,7.0,4.4,0,270,供应商D,1,晴,28,正常,1,1
2026-05-09,P024,薯片,零食,9,6.0,3.8,0,180,供应商D,1,晴,28,正常,1,1
2026-05-09,P025,瓜子,零食,7,8.0,5.0,0,240,供应商D,1,晴,28,正常,1,1
2026-05-09,P026,花生,零食,7,7.0,4.3,0,240,供应商D,1,晴,28,正常,1,1
2026-05-09,P027,巧克力,零食,6,8.0,5.2,0,300,供应商D,2,晴,28,正常,1,1
2026-05-09,P028,棒棒糖,零食,9,1.0,0.5,0,365,供应商D,2,晴,28,正常,1,1
2026-05-09,P029,冰淇淋,冷饮,16,5.0,3.0,0,180,供应商A,1,晴,28,正常,1,1
2026-05-09,P030,雪糕,冷饮,18,3.0,1.7,0,180,供应商A,1,晴,28,正常,1,1
2026-05-09,P031,纸巾,日用品,7,5.0,3.2,1,1095,供应商E,2,晴,28,正常,1,1
2026-05-09,P032,卷纸,日用品,6,18.0,13.0,1,1095,供应商E,2,晴,28,正常,1,1
2026-05-09,P033,洗衣液,日用品,2,25.0,18.0,0,1095,供应商E,3,晴,28,正常,1,1
2026-05-09,P034,洗洁精,日用品,2,12.0,8.0,0,1095,供应商E,3,晴,28,正常,1,1
2026-05-09,P035,牙膏,日用品,5,12.0,8.5,0,1095,供应商E,3,晴,28,正常,1,1
2026-05-09,P036,牙刷,日用品,5,6.0,3.5,0,1095,供应商E,3,晴,28,正常,1,1
2026-05-09,P037,香皂,日用品,5,5.0,3.0,0,1095,供应商E,3,晴,28,正常,1,1
2026-05-09,P038,垃圾袋,日用品,5,8.0,5.0,0,1095,供应商E,3,晴,28,正常,1,1
2026-05-09,P039,电池,日用品,1,10.0,6.5,0,1095,供应商E,3,晴,28,正常,1,1
2026-05-09,P040,打火机,日用品,4,2.0,1.0,0,1095,供应商E,3,晴,28,正常,1,1
2026-05-09,P041,苹果,水果,12,8.0,5.0,0,10,供应商B,1,晴,28,正常,1,1
2026-05-09,P042,香蕉,水果,8,6.0,3.8,0,6,供应商B,1,晴,28,正常,1,1
2026-05-09,P043,橙子,水果,7,9.0,6.0,0,14,供应商B,1,晴,28,正常,1,1
2026-05-09,P044,西红柿,蔬菜,8,6.0,3.8,1,7,供应商B,1,晴,28,正常,1,1
2026-05-09,P045,土豆,蔬菜,8,5.0,3.0,1,30,供应商B,1,晴,28,正常,1,1
2026-05-09,P046,青菜,蔬菜,10,4.0,2.2,1,3,供应商B,1,晴,28,正常,1,1
2026-05-09,P047,火锅底料,调味,5,12.0,8.0,0,365,供应商C,2,晴,28,正常,1,1
2026-05-09,P048,速冻水饺,冷冻食品,6,18.0,12.5,0,180,供应商D,2,晴,28,正常,1,1
2026-05-09,P049,口罩10只,应急用品,3,10.0,6.0,1,1095,供应商E,3,晴,28,正常,1,1
2026-05-09,P050,创可贴,应急用品,2,5.0,2.8,1,1095,供应商E,3,晴,28,正常,1,1
2026-05-10,P001,矿泉水,饮料,28,2.0,1.1,1,365,供应商A,1,晴,25,正常,1,1
2026-05-10,P002,桶装水,饮料,5,8.0,5.2,1,365,供应商A,1,晴,25,正常,1,1
2026-05-10,P003,可乐,饮料,19,3.5,2.2,0,270,供应商A,1,晴,25,正常,1,1
2026-05-10,P004,雪碧,饮料,20,3.5,2.2,0,270,供应商A,1,晴,25,正常,1,1
2026-05-10,P005,橙汁,饮料,11,5.0,3.2,0,180,供应商A,2,晴,25,正常,1,1
2026-05-10,P006,牛奶,乳品,17,3.5,2.4,1,7,供应商B,1,晴,25,正常,1,1
2026-05-10,P007,酸奶,乳品,10,5.0,3.3,0,14,供应商B,1,晴,25,正常,1,1
2026-05-10,P008,鸡蛋,生鲜,9,12.0,8.5,1,20,供应商B,1,晴,25,正常,1,1
2026-05-10,P009,大米5kg,粮油,3,35.0,28.0,1,365,供应商C,2,晴,25,正常,1,1
2026-05-10,P010,食用油5L,粮油,5,65.0,53.0,1,540,供应商C,2,晴,25,正常,1,1
2026-05-10,P011,挂面,粮油,7,8.0,5.5,1,365,供应商C,2,晴,25,正常,1,1
2026-05-10,P012,面粉2.5kg,粮油,4,18.0,14.0,1,365,供应商C,2,晴,25,正常,1,1
2026-05-10,P013,食盐,调味,5,2.5,1.4,1,730,供应商C,2,晴,25,正常,1,1
2026-05-10,P014,酱油,调味,4,8.0,5.6,1,540,供应商C,2,晴,25,正常,1,1
2026-05-10,P015,食醋,调味,3,6.0,4.0,1,540,供应商C,2,晴,25,正常,1,1
2026-05-10,P016,方便面红烧,方便食品,16,5.0,3.4,1,180,供应商D,1,晴,25,正常,1,1
2026-05-10,P017,方便面香辣,方便食品,9,5.0,3.4,0,180,供应商D,1,晴,25,正常,1,1
2026-05-10,P018,火腿肠,方便食品,10,3.0,1.9,0,180,供应商D,1,晴,25,正常,1,1
2026-05-10,P019,八宝粥,方便食品,7,6.0,4.1,0,365,供应商D,1,晴,25,正常,1,1
2026-05-10,P020,榨菜,方便食品,7,2.0,1.2,0,365,供应商D,1,晴,25,正常,1,1
2026-05-10,P021,面包,烘焙,13,6.0,3.8,0,5,供应商B,1,晴,25,正常,1,1
2026-05-10,P022,蛋糕,烘焙,7,8.0,5.2,0,4,供应商B,1,晴,25,正常,1,1
2026-05-10,P023,饼干,零食,11,7.0,4.4,0,270,供应商D,1,晴,25,正常,1,1
2026-05-10,P024,薯片,零食,11,6.0,3.8,0,180,供应商D,1,晴,25,正常,1,1
2026-05-10,P025,瓜子,零食,6,8.0,5.0,0,240,供应商D,1,晴,25,正常,1,1
2026-05-10,P026,花生,零食,7,7.0,4.3,0,240,供应商D,1,晴,25,正常,1,1
2026-05-10,P027,巧克力,零食,6,8.0,5.2,0,300,供应商D,2,晴,25,正常,1,1
2026-05-10,P028,棒棒糖,零食,10,1.0,0.5,0,365,供应商D,2,晴,25,正常,1,1
2026-05-10,P029,冰淇淋,冷饮,16,5.0,3.0,0,180,供应商A,1,晴,25,正常,1,1
2026-05-10,P030,雪糕,冷饮,16,3.0,1.7,0,180,供应商A,1,晴,25,正常,1,1
2026-05-10,P031,纸巾,日用品,8,5.0,3.2,1,1095,供应商E,2,晴,25,正常,1,1
2026-05-10,P032,卷纸,日用品,6,18.0,13.0,1,1095,供应商E,2,晴,25,正常,1,1
2026-05-10,P033,洗衣液,日用品,4,25.0,18.0,0,1095,供应商E,3,晴,25,正常,1,1
2026-05-10,P034,洗洁精,日用品,5,12.0,8.0,0,1095,供应商E,3,晴,25,正常,1,1
2026-05-10,P035,牙膏,日用品,5,12.0,8.5,0,1095,供应商E,3,晴,25,正常,1,1
2026-05-10,P036,牙刷,日用品,4,6.0,3.5,0,1095,供应商E,3,晴,25,正常,1,1
2026-05-10,P037,香皂,日用品,5,5.0,3.0,0,1095,供应商E,3,晴,25,正常,1,1
2026-05-10,P038,垃圾袋,日用品,6,8.0,5.0,0,1095,供应商E,3,晴,25,正常,1,1
2026-05-10,P039,电池,日用品,4,10.0,6.5,0,1095,供应商E,3,晴,25,正常,1,1
2026-05-10,P040,打火机,日用品,5,2.0,1.0,0,1095,供应商E,3,晴,25,正常,1,1
2026-05-10,P041,苹果,水果,11,8.0,5.0,0,10,供应商B,1,晴,25,正常,1,1
2026-05-10,P042,香蕉,水果,10,6.0,3.8,0,6,供应商B,1,晴,25,正常,1,1
2026-05-10,P043,橙子,水果,7,9.0,6.0,0,14,供应商B,1,晴,25,正常,1,1
2026-05-10,P044,西红柿,蔬菜,9,6.0,3.8,1,7,供应商B,1,晴,25,正常,1,1
2026-05-10,P045,土豆,蔬菜,8,5.0,3.0,1,30,供应商B,1,晴,25,正常,1,1
2026-05-10,P046,青菜,蔬菜,10,4.0,2.2,1,3,供应商B,1,晴,25,正常,1,1
2026-05-10,P047,火锅底料,调味,5,12.0,8.0,0,365,供应商C,2,晴,25,正常,1,1
2026-05-10,P048,速冻水饺,冷冻食品,9,18.0,12.5,0,180,供应商D,2,晴,25,正常,1,1
2026-05-10,P049,口罩10只,应急用品,3,10.0,6.0,1,1095,供应商E,3,晴,25,正常,1,1
2026-05-10,P050,创可贴,应急用品,3,5.0,2.8,1,1095,供应商E,3,晴,25,正常,1,1
2026-05-11,P001,矿泉水,饮料,22,2.0,1.1,1,365,供应商A,1,晴,26,正常,0,1
2026-05-11,P002,桶装水,饮料,5,8.0,5.2,1,365,供应商A,1,晴,26,正常,0,1
2026-05-11,P003,可乐,饮料,20,3.5,2.2,0,270,供应商A,1,晴,26,正常,0,1
2026-05-11,P004,雪碧,饮料,12,3.5,2.2,0,270,供应商A,1,晴,26,正常,0,1
2026-05-11,P005,橙汁,饮料,7,5.0,3.2,0,180,供应商A,2,晴,26,正常,0,1
2026-05-11,P006,牛奶,乳品,10,3.5,2.4,1,7,供应商B,1,晴,26,正常,0,1
2026-05-11,P007,酸奶,乳品,8,5.0,3.3,0,14,供应商B,1,晴,26,正常,0,1
2026-05-11,P008,鸡蛋,生鲜,9,12.0,8.5,1,20,供应商B,1,晴,26,正常,0,1
2026-05-11,P009,大米5kg,粮油,5,35.0,28.0,1,365,供应商C,2,晴,26,正常,0,1
2026-05-11,P010,食用油5L,粮油,6,65.0,53.0,1,540,供应商C,2,晴,26,正常,0,1
2026-05-11,P011,挂面,粮油,7,8.0,5.5,1,365,供应商C,2,晴,26,正常,0,1
2026-05-11,P012,面粉2.5kg,粮油,2,18.0,14.0,1,365,供应商C,2,晴,26,正常,0,1
2026-05-11,P013,食盐,调味,6,2.5,1.4,1,730,供应商C,2,晴,26,正常,0,1
2026-05-11,P014,酱油,调味,4,8.0,5.6,1,540,供应商C,2,晴,26,正常,0,1
2026-05-11,P015,食醋,调味,6,6.0,4.0,1,540,供应商C,2,晴,26,正常,0,1
2026-05-11,P016,方便面红烧,方便食品,14,5.0,3.4,1,180,供应商D,1,晴,26,正常,0,1
2026-05-11,P017,方便面香辣,方便食品,9,5.0,3.4,0,180,供应商D,1,晴,26,正常,0,1
2026-05-11,P018,火腿肠,方便食品,10,3.0,1.9,0,180,供应商D,1,晴,26,正常,0,1
2026-05-11,P019,八宝粥,方便食品,8,6.0,4.1,0,365,供应商D,1,晴,26,正常,0,1
2026-05-11,P020,榨菜,方便食品,6,2.0,1.2,0,365,供应商D,1,晴,26,正常,0,1
2026-05-11,P021,面包,烘焙,11,6.0,3.8,0,5,供应商B,1,晴,26,正常,0,1
2026-05-11,P022,蛋糕,烘焙,7,8.0,5.2,0,4,供应商B,1,晴,26,正常,0,1
2026-05-11,P023,饼干,零食,7,7.0,4.4,0,270,供应商D,1,晴,26,正常,0,1
2026-05-11,P024,薯片,零食,11,6.0,3.8,0,180,供应商D,1,晴,26,正常,0,1
2026-05-11,P025,瓜子,零食,4,8.0,5.0,0,240,供应商D,1,晴,26,正常,0,1
2026-05-11,P026,花生,零食,5,7.0,4.3,0,240,供应商D,1,晴,26,正常,0,1
2026-05-11,P027,巧克力,零食,6,8.0,5.2,0,300,供应商D,2,晴,26,正常,0,1
2026-05-11,P028,棒棒糖,零食,9,1.0,0.5,0,365,供应商D,2,晴,26,正常,0,1
2026-05-11,P029,冰淇淋,冷饮,15,5.0,3.0,0,180,供应商A,1,晴,26,正常,0,1
2026-05-11,P030,雪糕,冷饮,17,3.0,1.7,0,180,供应商A,1,晴,26,正常,0,1
2026-05-11,P031,纸巾,日用品,9,5.0,3.2,1,1095,供应商E,2,晴,26,正常,0,1
2026-05-11,P032,卷纸,日用品,6,18.0,13.0,1,1095,供应商E,2,晴,26,正常,0,1
2026-05-11,P033,洗衣液,日用品,4,25.0,18.0,0,1095,供应商E,3,晴,26,正常,0,1
2026-05-11,P034,洗洁精,日用品,5,12.0,8.0,0,1095,供应商E,3,晴,26,正常,0,1
2026-05-11,P035,牙膏,日用品,5,12.0,8.5,0,1095,供应商E,3,晴,26,正常,0,1
2026-05-11,P036,牙刷,日用品,3,6.0,3.5,0,1095,供应商E,3,晴,26,正常,0,1
2026-05-11,P037,香皂,日用品,2,5.0,3.0,0,1095,供应商E,3,晴,26,正常,0,1
2026-05-11,P038,垃圾袋,日用品,5,8.0,5.0,0,1095,供应商E,3,晴,26,正常,0,1
2026-05-11,P039,电池,日用品,4,10.0,6.5,0,1095,供应商E,3,晴,26,正常,0,1
2026-05-11,P040,打火机,日用品,6,2.0,1.0,0,1095,供应商E,3,晴,26,正常,0,1
2026-05-11,P041,苹果,水果,7,8.0,5.0,0,10,供应商B,1,晴,26,正常,0,1
2026-05-11,P042,香蕉,水果,8,6.0,3.8,0,6,供应商B,1,晴,26,正常,0,1
2026-05-11,P043,橙子,水果,7,9.0,6.0,0,14,供应商B,1,晴,26,正常,0,1
2026-05-11,P044,西红柿,蔬菜,8,6.0,3.8,1,7,供应商B,1,晴,26,正常,0,1
2026-05-11,P045,土豆,蔬菜,5,5.0,3.0,1,30,供应商B,1,晴,26,正常,0,1
2026-05-11,P046,青菜,蔬菜,11,4.0,2.2,1,3,供应商B,1,晴,26,正常,0,1
2026-05-11,P047,火锅底料,调味,2,12.0,8.0,0,365,供应商C,2,晴,26,正常,0,1
2026-05-11,P048,速冻水饺,冷冻食品,4,18.0,12.5,0,180,供应商D,2,晴,26,正常,0,1
2026-05-11,P049,口罩10只,应急用品,5,10.0,6.0,1,1095,供应商E,3,晴,26,正常,0,1
2026-05-11,P050,创可贴,应急用品,5,5.0,2.8,1,1095,供应商E,3,晴,26,正常,0,1
2026-05-12,P001,矿泉水,饮料,19,2.0,1.1,1,365,供应商A,1,晴,26,正常,0,1
2026-05-12,P002,桶装水,饮料,6,8.0,5.2,1,365,供应商A,1,晴,26,正常,0,1
2026-05-12,P003,可乐,饮料,16,3.5,2.2,0,270,供应商A,1,晴,26,正常,0,1
2026-05-12,P004,雪碧,饮料,17,3.5,2.2,0,270,供应商A,1,晴,26,正常,0,1
2026-05-12,P005,橙汁,饮料,7,5.0,3.2,0,180,供应商A,2,晴,26,正常,0,1
2026-05-12,P006,牛奶,乳品,13,3.5,2.4,1,7,供应商B,1,晴,26,正常,0,1
2026-05-12,P007,酸奶,乳品,11,5.0,3.3,0,14,供应商B,1,晴,26,正常,0,1
2026-05-12,P008,鸡蛋,生鲜,11,12.0,8.5,1,20,供应商B,1,晴,26,正常,0,1
2026-05-12,P009,大米5kg,粮油,5,35.0,28.0,1,365,供应商C,2,晴,26,正常,0,1
2026-05-12,P010,食用油5L,粮油,1,65.0,53.0,1,540,供应商C,2,晴,26,正常,0,1
2026-05-12,P011,挂面,粮油,7,8.0,5.5,1,365,供应商C,2,晴,26,正常,0,1
2026-05-12,P012,面粉2.5kg,粮油,2,18.0,14.0,1,365,供应商C,2,晴,26,正常,0,1
2026-05-12,P013,食盐,调味,4,2.5,1.4,1,730,供应商C,2,晴,26,正常,0,1
2026-05-12,P014,酱油,调味,6,8.0,5.6,1,540,供应商C,2,晴,26,正常,0,1
2026-05-12,P015,食醋,调味,4,6.0,4.0,1,540,供应商C,2,晴,26,正常,0,1
2026-05-12,P016,方便面红烧,方便食品,14,5.0,3.4,1,180,供应商D,1,晴,26,正常,0,1
2026-05-12,P017,方便面香辣,方便食品,9,5.0,3.4,0,180,供应商D,1,晴,26,正常,0,1
2026-05-12,P018,火腿肠,方便食品,10,3.0,1.9,0,180,供应商D,1,晴,26,正常,0,1
2026-05-12,P019,八宝粥,方便食品,7,6.0,4.1,0,365,供应商D,1,晴,26,正常,0,1
2026-05-12,P020,榨菜,方便食品,7,2.0,1.2,0,365,供应商D,1,晴,26,正常,0,1
2026-05-12,P021,面包,烘焙,7,6.0,3.8,0,5,供应商B,1,晴,26,正常,0,1
2026-05-12,P022,蛋糕,烘焙,6,8.0,5.2,0,4,供应商B,1,晴,26,正常,0,1
2026-05-12,P023,饼干,零食,9,7.0,4.4,0,270,供应商D,1,晴,26,正常,0,1
2026-05-12,P024,薯片,零食,10,6.0,3.8,0,180,供应商D,1,晴,26,正常,0,1
2026-05-12,P025,瓜子,零食,6,8.0,5.0,0,240,供应商D,1,晴,26,正常,0,1
2026-05-12,P026,花生,零食,6,7.0,4.3,0,240,供应商D,1,晴,26,正常,0,1
2026-05-12,P027,巧克力,零食,5,8.0,5.2,0,300,供应商D,2,晴,26,正常,0,1
2026-05-12,P028,棒棒糖,零食,8,1.0,0.5,0,365,供应商D,2,晴,26,正常,0,1
2026-05-12,P029,冰淇淋,冷饮,13,5.0,3.0,0,180,供应商A,1,晴,26,正常,0,1
2026-05-12,P030,雪糕,冷饮,20,3.0,1.7,0,180,供应商A,1,晴,26,正常,0,1
2026-05-12,P031,纸巾,日用品,7,5.0,3.2,1,1095,供应商E,2,晴,26,正常,0,1
2026-05-12,P032,卷纸,日用品,5,18.0,13.0,1,1095,供应商E,2,晴,26,正常,0,1
2026-05-12,P033,洗衣液,日用品,3,25.0,18.0,0,1095,供应商E,3,晴,26,正常,0,1
2026-05-12,P034,洗洁精,日用品,6,12.0,8.0,0,1095,供应商E,3,晴,26,正常,0,1
2026-05-12,P035,牙膏,日用品,4,12.0,8.5,0,1095,供应商E,3,晴,26,正常,0,1
2026-05-12,P036,牙刷,日用品,5,6.0,3.5,0,1095,供应商E,3,晴,26,正常,0,1
2026-05-12,P037,香皂,日用品,5,5.0,3.0,0,1095,供应商E,3,晴,26,正常,0,1
2026-05-12,P038,垃圾袋,日用品,4,8.0,5.0,0,1095,供应商E,3,晴,26,正常,0,1
2026-05-12,P039,电池,日用品,3,10.0,6.5,0,1095,供应商E,3,晴,26,正常,0,1
2026-05-12,P040,打火机,日用品,5,2.0,1.0,0,1095,供应商E,3,晴,26,正常,0,1
2026-05-12,P041,苹果,水果,8,8.0,5.0,0,10,供应商B,1,晴,26,正常,0,1
2026-05-12,P042,香蕉,水果,10,6.0,3.8,0,6,供应商B,1,晴,26,正常,0,1
2026-05-12,P043,橙子,水果,6,9.0,6.0,0,14,供应商B,1,晴,26,正常,0,1
2026-05-12,P044,西红柿,蔬菜,8,6.0,3.8,1,7,供应商B,1,晴,26,正常,0,1
2026-05-12,P045,土豆,蔬菜,6,5.0,3.0,1,30,供应商B,1,晴,26,正常,0,1
2026-05-12,P046,青菜,蔬菜,8,4.0,2.2,1,3,供应商B,1,晴,26,正常,0,1
2026-05-12,P047,火锅底料,调味,7,12.0,8.0,0,365,供应商C,2,晴,26,正常,0,1
2026-05-12,P048,速冻水饺,冷冻食品,5,18.0,12.5,0,180,供应商D,2,晴,26,正常,0,1
2026-05-12,P049,口罩10只,应急用品,2,10.0,6.0,1,1095,供应商E,3,晴,26,正常,0,1
2026-05-12,P050,创可贴,应急用品,5,5.0,2.8,1,1095,供应商E,3,晴,26,正常,0,1
2026-05-13,P001,矿泉水,饮料,25,2.0,1.1,1,365,供应商A,1,晴,31,正常,0,1
2026-05-13,P002,桶装水,饮料,7,8.0,5.2,1,365,供应商A,1,晴,31,正常,0,1
2026-05-13,P003,可乐,饮料,16,3.5,2.2,0,270,供应商A,1,晴,31,正常,0,1
2026-05-13,P004,雪碧,饮料,12,3.5,2.2,0,270,供应商A,1,晴,31,正常,0,1
2026-05-13,P005,橙汁,饮料,8,5.0,3.2,0,180,供应商A,2,晴,31,正常,0,1
2026-05-13,P006,牛奶,乳品,11,3.5,2.4,1,7,供应商B,1,晴,31,正常,0,1
2026-05-13,P007,酸奶,乳品,9,5.0,3.3,0,14,供应商B,1,晴,31,正常,0,1
2026-05-13,P008,鸡蛋,生鲜,13,12.0,8.5,1,20,供应商B,1,晴,31,正常,0,1
2026-05-13,P009,大米5kg,粮油,6,35.0,28.0,1,365,供应商C,2,晴,31,正常,0,1
2026-05-13,P010,食用油5L,粮油,3,65.0,53.0,1,540,供应商C,2,晴,31,正常,0,1
2026-05-13,P011,挂面,粮油,4,8.0,5.5,1,365,供应商C,2,晴,31,正常,0,1
2026-05-13,P012,面粉2.5kg,粮油,4,18.0,14.0,1,365,供应商C,2,晴,31,正常,0,1
2026-05-13,P013,食盐,调味,8,2.5,1.4,1,730,供应商C,2,晴,31,正常,0,1
2026-05-13,P014,酱油,调味,6,8.0,5.6,1,540,供应商C,2,晴,31,正常,0,1
2026-05-13,P015,食醋,调味,3,6.0,4.0,1,540,供应商C,2,晴,31,正常,0,1
2026-05-13,P016,方便面红烧,方便食品,16,5.0,3.4,1,180,供应商D,1,晴,31,正常,0,1
2026-05-13,P017,方便面香辣,方便食品,9,5.0,3.4,0,180,供应商D,1,晴,31,正常,0,1
2026-05-13,P018,火腿肠,方便食品,8,3.0,1.9,0,180,供应商D,1,晴,31,正常,0,1
2026-05-13,P019,八宝粥,方便食品,7,6.0,4.1,0,365,供应商D,1,晴,31,正常,0,1
2026-05-13,P020,榨菜,方便食品,6,2.0,1.2,0,365,供应商D,1,晴,31,正常,0,1
2026-05-13,P021,面包,烘焙,8,6.0,3.8,0,5,供应商B,1,晴,31,正常,0,1
2026-05-13,P022,蛋糕,烘焙,6,8.0,5.2,0,4,供应商B,1,晴,31,正常,0,1
2026-05-13,P023,饼干,零食,9,7.0,4.4,0,270,供应商D,1,晴,31,正常,0,1
2026-05-13,P024,薯片,零食,9,6.0,3.8,0,180,供应商D,1,晴,31,正常,0,1
2026-05-13,P025,瓜子,零食,6,8.0,5.0,0,240,供应商D,1,晴,31,正常,0,1
2026-05-13,P026,花生,零食,5,7.0,4.3,0,240,供应商D,1,晴,31,正常,0,1
2026-05-13,P027,巧克力,零食,6,8.0,5.2,0,300,供应商D,2,晴,31,正常,0,1
2026-05-13,P028,棒棒糖,零食,7,1.0,0.5,0,365,供应商D,2,晴,31,正常,0,1
2026-05-13,P029,冰淇淋,冷饮,18,5.0,3.0,0,180,供应商A,1,晴,31,正常,0,1
2026-05-13,P030,雪糕,冷饮,12,3.0,1.7,0,180,供应商A,1,晴,31,正常,0,1
2026-05-13,P031,纸巾,日用品,7,5.0,3.2,1,1095,供应商E,2,晴,31,正常,0,1
2026-05-13,P032,卷纸,日用品,6,18.0,13.0,1,1095,供应商E,2,晴,31,正常,0,1
2026-05-13,P033,洗衣液,日用品,5,25.0,18.0,0,1095,供应商E,3,晴,31,正常,0,1
2026-05-13,P034,洗洁精,日用品,4,12.0,8.0,0,1095,供应商E,3,晴,31,正常,0,1
2026-05-13,P035,牙膏,日用品,5,12.0,8.5,0,1095,供应商E,3,晴,31,正常,0,1
2026-05-13,P036,牙刷,日用品,4,6.0,3.5,0,1095,供应商E,3,晴,31,正常,0,1
2026-05-13,P037,香皂,日用品,3,5.0,3.0,0,1095,供应商E,3,晴,31,正常,0,1
2026-05-13,P038,垃圾袋,日用品,3,8.0,5.0,0,1095,供应商E,3,晴,31,正常,0,1
2026-05-13,P039,电池,日用品,2,10.0,6.5,0,1095,供应商E,3,晴,31,正常,0,1
2026-05-13,P040,打火机,日用品,3,2.0,1.0,0,1095,供应商E,3,晴,31,正常,0,1
2026-05-13,P041,苹果,水果,9,8.0,5.0,0,10,供应商B,1,晴,31,正常,0,1
2026-05-13,P042,香蕉,水果,7,6.0,3.8,0,6,供应商B,1,晴,31,正常,0,1
2026-05-13,P043,橙子,水果,6,9.0,6.0,0,14,供应商B,1,晴,31,正常,0,1
2026-05-13,P044,西红柿,蔬菜,6,6.0,3.8,1,7,供应商B,1,晴,31,正常,0,1
2026-05-13,P045,土豆,蔬菜,7,5.0,3.0,1,30,供应商B,1,晴,31,正常,0,1
2026-05-13,P046,青菜,蔬菜,9,4.0,2.2,1,3,供应商B,1,晴,31,正常,0,1
2026-05-13,P047,火锅底料,调味,6,12.0,8.0,0,365,供应商C,2,晴,31,正常,0,1
2026-05-13,P048,速冻水饺,冷冻食品,5,18.0,12.5,0,180,供应商D,2,晴,31,正常,0,1
2026-05-13,P049,口罩10只,应急用品,4,10.0,6.0,1,1095,供应商E,3,晴,31,正常,0,1
2026-05-13,P050,创可贴,应急用品,2,5.0,2.8,1,1095,供应商E,3,晴,31,正常,0,1
2026-05-14,P001,矿泉水,饮料,24,2.0,1.1,1,365,供应商A,1,晴,30,正常,0,1
2026-05-14,P002,桶装水,饮料,5,8.0,5.2,1,365,供应商A,1,晴,30,正常,0,1
2026-05-14,P003,可乐,饮料,15,3.5,2.2,0,270,供应商A,1,晴,30,正常,0,1
2026-05-14,P004,雪碧,饮料,12,3.5,2.2,0,270,供应商A,1,晴,30,正常,0,1
2026-05-14,P005,橙汁,饮料,7,5.0,3.2,0,180,供应商A,2,晴,30,正常,0,1
2026-05-14,P006,牛奶,乳品,11,3.5,2.4,1,7,供应商B,1,晴,30,正常,0,1
2026-05-14,P007,酸奶,乳品,7,5.0,3.3,0,14,供应商B,1,晴,30,正常,0,1
2026-05-14,P008,鸡蛋,生鲜,8,12.0,8.5,1,20,供应商B,1,晴,30,正常,0,1
2026-05-14,P009,大米5kg,粮油,3,35.0,28.0,1,365,供应商C,2,晴,30,正常,0,1
2026-05-14,P010,食用油5L,粮油,4,65.0,53.0,1,540,供应商C,2,晴,30,正常,0,1
2026-05-14,P011,挂面,粮油,5,8.0,5.5,1,365,供应商C,2,晴,30,正常,0,1
2026-05-14,P012,面粉2.5kg,粮油,2,18.0,14.0,1,365,供应商C,2,晴,30,正常,0,1
2026-05-14,P013,食盐,调味,7,2.5,1.4,1,730,供应商C,2,晴,30,正常,0,1
2026-05-14,P014,酱油,调味,4,8.0,5.6,1,540,供应商C,2,晴,30,正常,0,1
2026-05-14,P015,食醋,调味,4,6.0,4.0,1,540,供应商C,2,晴,30,正常,0,1
2026-05-14,P016,方便面红烧,方便食品,17,5.0,3.4,1,180,供应商D,1,晴,30,正常,0,1
2026-05-14,P017,方便面香辣,方便食品,11,5.0,3.4,0,180,供应商D,1,晴,30,正常,0,1
2026-05-14,P018,火腿肠,方便食品,8,3.0,1.9,0,180,供应商D,1,晴,30,正常,0,1
2026-05-14,P019,八宝粥,方便食品,7,6.0,4.1,0,365,供应商D,1,晴,30,正常,0,1
2026-05-14,P020,榨菜,方便食品,4,2.0,1.2,0,365,供应商D,1,晴,30,正常,0,1
2026-05-14,P021,面包,烘焙,17,6.0,3.8,0,5,供应商B,1,晴,30,正常,0,1
2026-05-14,P022,蛋糕,烘焙,5,8.0,5.2,0,4,供应商B,1,晴,30,正常,0,1
2026-05-14,P023,饼干,零食,7,7.0,4.4,0,270,供应商D,1,晴,30,正常,0,1
2026-05-14,P024,薯片,零食,8,6.0,3.8,0,180,供应商D,1,晴,30,正常,0,1
2026-05-14,P025,瓜子,零食,4,8.0,5.0,0,240,供应商D,1,晴,30,正常,0,1
2026-05-14,P026,花生,零食,8,7.0,4.3,0,240,供应商D,1,晴,30,正常,0,1
2026-05-14,P027,巧克力,零食,8,8.0,5.2,0,300,供应商D,2,晴,30,正常,0,1
2026-05-14,P028,棒棒糖,零食,8,1.0,0.5,0,365,供应商D,2,晴,30,正常,0,1
2026-05-14,P029,冰淇淋,冷饮,11,5.0,3.0,0,180,供应商A,1,晴,30,正常,0,1
2026-05-14,P030,雪糕,冷饮,11,3.0,1.7,0,180,供应商A,1,晴,30,正常,0,1
2026-05-14,P031,纸巾,日用品,8,5.0,3.2,1,1095,供应商E,2,晴,30,正常,0,1
2026-05-14,P032,卷纸,日用品,5,18.0,13.0,1,1095,供应商E,2,晴,30,正常,0,1
2026-05-14,P033,洗衣液,日用品,2,25.0,18.0,0,1095,供应商E,3,晴,30,正常,0,1
2026-05-14,P034,洗洁精,日用品,4,12.0,8.0,0,1095,供应商E,3,晴,30,正常,0,1
2026-05-14,P035,牙膏,日用品,4,12.0,8.5,0,1095,供应商E,3,晴,30,正常,0,1
2026-05-14,P036,牙刷,日用品,4,6.0,3.5,0,1095,供应商E,3,晴,30,正常,0,1
2026-05-14,P037,香皂,日用品,4,5.0,3.0,0,1095,供应商E,3,晴,30,正常,0,1
2026-05-14,P038,垃圾袋,日用品,3,8.0,5.0,0,1095,供应商E,3,晴,30,正常,0,1
2026-05-14,P039,电池,日用品,4,10.0,6.5,0,1095,供应商E,3,晴,30,正常,0,1
2026-05-14,P040,打火机,日用品,5,2.0,1.0,0,1095,供应商E,3,晴,30,正常,0,1
2026-05-14,P041,苹果,水果,9,8.0,5.0,0,10,供应商B,1,晴,30,正常,0,1
2026-05-14,P042,香蕉,水果,10,6.0,3.8,0,6,供应商B,1,晴,30,正常,0,1
2026-05-14,P043,橙子,水果,4,9.0,6.0,0,14,供应商B,1,晴,30,正常,0,1
2026-05-14,P044,西红柿,蔬菜,6,6.0,3.8,1,7,供应商B,1,晴,30,正常,0,1
2026-05-14,P045,土豆,蔬菜,6,5.0,3.0,1,30,供应商B,1,晴,30,正常,0,1
2026-05-14,P046,青菜,蔬菜,8,4.0,2.2,1,3,供应商B,1,晴,30,正常,0,1
2026-05-14,P047,火锅底料,调味,5,12.0,8.0,0,365,供应商C,2,晴,30,正常,0,1
2026-05-14,P048,速冻水饺,冷冻食品,5,18.0,12.5,0,180,供应商D,2,晴,30,正常,0,1
2026-05-14,P049,口罩10只,应急用品,4,10.0,6.0,1,1095,供应商E,3,晴,30,正常,0,1
2026-05-14,P050,创可贴,应急用品,3,5.0,2.8,1,1095,供应商E,3,晴,30,正常,0,1
2026-05-15,P001,矿泉水,饮料,38,2.0,1.1,1,365,供应商A,1,晴,35,高温,0,1
2026-05-15,P002,桶装水,饮料,11,8.0,5.2,1,365,供应商A,1,晴,35,高温,0,1
2026-05-15,P003,可乐,饮料,27,3.5,2.2,0,270,供应商A,1,晴,35,高温,0,1
2026-05-15,P004,雪碧,饮料,20,3.5,2.2,0,270,供应商A,1,晴,35,高温,0,1
2026-05-15,P005,橙汁,饮料,15,5.0,3.2,0,180,供应商A,2,晴,35,高温,0,1
2026-05-15,P006,牛奶,乳品,14,3.5,2.4,1,7,供应商B,1,晴,35,高温,0,1
2026-05-15,P007,酸奶,乳品,9,5.0,3.3,0,14,供应商B,1,晴,35,高温,0,1
2026-05-15,P008,鸡蛋,生鲜,10,12.0,8.5,1,20,供应商B,1,晴,35,高温,0,1
2026-05-15,P009,大米5kg,粮油,5,35.0,28.0,1,365,供应商C,2,晴,35,高温,0,1
2026-05-15,P010,食用油5L,粮油,4,65.0,53.0,1,540,供应商C,2,晴,35,高温,0,1
2026-05-15,P011,挂面,粮油,7,8.0,5.5,1,365,供应商C,2,晴,35,高温,0,1
2026-05-15,P012,面粉2.5kg,粮油,6,18.0,14.0,1,365,供应商C,2,晴,35,高温,0,1
2026-05-15,P013,食盐,调味,3,2.5,1.4,1,730,供应商C,2,晴,35,高温,0,1
2026-05-15,P014,酱油,调味,5,8.0,5.6,1,540,供应商C,2,晴,35,高温,0,1
2026-05-15,P015,食醋,调味,4,6.0,4.0,1,540,供应商C,2,晴,35,高温,0,1
2026-05-15,P016,方便面红烧,方便食品,12,5.0,3.4,1,180,供应商D,1,晴,35,高温,0,1
2026-05-15,P017,方便面香辣,方便食品,13,5.0,3.4,0,180,供应商D,1,晴,35,高温,0,1
2026-05-15,P018,火腿肠,方便食品,9,3.0,1.9,0,180,供应商D,1,晴,35,高温,0,1
2026-05-15,P019,八宝粥,方便食品,6,6.0,4.1,0,365,供应商D,1,晴,35,高温,0,1
2026-05-15,P020,榨菜,方便食品,6,2.0,1.2,0,365,供应商D,1,晴,35,高温,0,1
2026-05-15,P021,面包,烘焙,8,6.0,3.8,0,5,供应商B,1,晴,35,高温,0,1
2026-05-15,P022,蛋糕,烘焙,6,8.0,5.2,0,4,供应商B,1,晴,35,高温,0,1
2026-05-15,P023,饼干,零食,10,7.0,4.4,0,270,供应商D,1,晴,35,高温,0,1
2026-05-15,P024,薯片,零食,9,6.0,3.8,0,180,供应商D,1,晴,35,高温,0,1
2026-05-15,P025,瓜子,零食,5,8.0,5.0,0,240,供应商D,1,晴,35,高温,0,1
2026-05-15,P026,花生,零食,8,7.0,4.3,0,240,供应商D,1,晴,35,高温,0,1
2026-05-15,P027,巧克力,零食,7,8.0,5.2,0,300,供应商D,2,晴,35,高温,0,1
2026-05-15,P028,棒棒糖,零食,10,1.0,0.5,0,365,供应商D,2,晴,35,高温,0,1
2026-05-15,P029,冰淇淋,冷饮,20,5.0,3.0,0,180,供应商A,1,晴,35,高温,0,1
2026-05-15,P030,雪糕,冷饮,25,3.0,1.7,0,180,供应商A,1,晴,35,高温,0,1
2026-05-15,P031,纸巾,日用品,7,5.0,3.2,1,1095,供应商E,2,晴,35,高温,0,1
2026-05-15,P032,卷纸,日用品,4,18.0,13.0,1,1095,供应商E,2,晴,35,高温,0,1
2026-05-15,P033,洗衣液,日用品,2,25.0,18.0,0,1095,供应商E,3,晴,35,高温,0,1
2026-05-15,P034,洗洁精,日用品,3,12.0,8.0,0,1095,供应商E,3,晴,35,高温,0,1
2026-05-15,P035,牙膏,日用品,3,12.0,8.5,0,1095,供应商E,3,晴,35,高温,0,1
2026-05-15,P036,牙刷,日用品,2,6.0,3.5,0,1095,供应商E,3,晴,35,高温,0,1
2026-05-15,P037,香皂,日用品,4,5.0,3.0,0,1095,供应商E,3,晴,35,高温,0,1
2026-05-15,P038,垃圾袋,日用品,4,8.0,5.0,0,1095,供应商E,3,晴,35,高温,0,1
2026-05-15,P039,电池,日用品,5,10.0,6.5,0,1095,供应商E,3,晴,35,高温,0,1
2026-05-15,P040,打火机,日用品,4,2.0,1.0,0,1095,供应商E,3,晴,35,高温,0,1
2026-05-15,P041,苹果,水果,8,8.0,5.0,0,10,供应商B,1,晴,35,高温,0,1
2026-05-15,P042,香蕉,水果,9,6.0,3.8,0,6,供应商B,1,晴,35,高温,0,1
2026-05-15,P043,橙子,水果,6,9.0,6.0,0,14,供应商B,1,晴,35,高温,0,1
2026-05-15,P044,西红柿,蔬菜,9,6.0,3.8,1,7,供应商B,1,晴,35,高温,0,1
2026-05-15,P045,土豆,蔬菜,8,5.0,3.0,1,30,供应商B,1,晴,35,高温,0,1
2026-05-15,P046,青菜,蔬菜,11,4.0,2.2,1,3,供应商B,1,晴,35,高温,0,1
2026-05-15,P047,火锅底料,调味,4,12.0,8.0,0,365,供应商C,2,晴,35,高温,0,1
2026-05-15,P048,速冻水饺,冷冻食品,5,18.0,12.5,0,180,供应商D,2,晴,35,高温,0,1
2026-05-15,P049,口罩10只,应急用品,1,10.0,6.0,1,1095,供应商E,3,晴,35,高温,0,1
2026-05-15,P050,创可贴,应急用品,2,5.0,2.8,1,1095,供应商E,3,晴,35,高温,0,1
2026-05-16,P001,矿泉水,饮料,37,2.0,1.1,1,365,供应商A,1,晴,37,高温,1,1
2026-05-16,P002,桶装水,饮料,8,8.0,5.2,1,365,供应商A,1,晴,37,高温,1,1
2026-05-16,P003,可乐,饮料,29,3.5,2.2,0,270,供应商A,1,晴,37,高温,1,1
2026-05-16,P004,雪碧,饮料,26,3.5,2.2,0,270,供应商A,1,晴,37,高温,1,1
2026-05-16,P005,橙汁,饮料,12,5.0,3.2,0,180,供应商A,2,晴,37,高温,1,1
2026-05-16,P006,牛奶,乳品,16,3.5,2.4,1,7,供应商B,1,晴,37,高温,1,1
2026-05-16,P007,酸奶,乳品,8,5.0,3.3,0,14,供应商B,1,晴,37,高温,1,1
2026-05-16,P008,鸡蛋,生鲜,13,12.0,8.5,1,20,供应商B,1,晴,37,高温,1,1
2026-05-16,P009,大米5kg,粮油,4,35.0,28.0,1,365,供应商C,2,晴,37,高温,1,1
2026-05-16,P010,食用油5L,粮油,4,65.0,53.0,1,540,供应商C,2,晴,37,高温,1,1
2026-05-16,P011,挂面,粮油,7,8.0,5.5,1,365,供应商C,2,晴,37,高温,1,1
2026-05-16,P012,面粉2.5kg,粮油,6,18.0,14.0,1,365,供应商C,2,晴,37,高温,1,1
2026-05-16,P013,食盐,调味,5,2.5,1.4,1,730,供应商C,2,晴,37,高温,1,1
2026-05-16,P014,酱油,调味,5,8.0,5.6,1,540,供应商C,2,晴,37,高温,1,1
2026-05-16,P015,食醋,调味,3,6.0,4.0,1,540,供应商C,2,晴,37,高温,1,1
2026-05-16,P016,方便面红烧,方便食品,16,5.0,3.4,1,180,供应商D,1,晴,37,高温,1,1
2026-05-16,P017,方便面香辣,方便食品,12,5.0,3.4,0,180,供应商D,1,晴,37,高温,1,1
2026-05-16,P018,火腿肠,方便食品,11,3.0,1.9,0,180,供应商D,1,晴,37,高温,1,1
2026-05-16,P019,八宝粥,方便食品,10,6.0,4.1,0,365,供应商D,1,晴,37,高温,1,1
2026-05-16,P020,榨菜,方便食品,8,2.0,1.2,0,365,供应商D,1,晴,37,高温,1,1
2026-05-16,P021,面包,烘焙,12,6.0,3.8,0,5,供应商B,1,晴,37,高温,1,1
2026-05-16,P022,蛋糕,烘焙,7,8.0,5.2,0,4,供应商B,1,晴,37,高温,1,1
2026-05-16,P023,饼干,零食,11,7.0,4.4,0,270,供应商D,1,晴,37,高温,1,1
2026-05-16,P024,薯片,零食,10,6.0,3.8,0,180,供应商D,1,晴,37,高温,1,1
2026-05-16,P025,瓜子,零食,8,8.0,5.0,0,240,供应商D,1,晴,37,高温,1,1
2026-05-16,P026,花生,零食,7,7.0,4.3,0,240,供应商D,1,晴,37,高温,1,1
2026-05-16,P027,巧克力,零食,6,8.0,5.2,0,300,供应商D,2,晴,37,高温,1,1
2026-05-16,P028,棒棒糖,零食,11,1.0,0.5,0,365,供应商D,2,晴,37,高温,1,1
2026-05-16,P029,冰淇淋,冷饮,30,5.0,3.0,0,180,供应商A,1,晴,37,高温,1,1
2026-05-16,P030,雪糕,冷饮,30,3.0,1.7,0,180,供应商A,1,晴,37,高温,1,1
2026-05-16,P031,纸巾,日用品,9,5.0,3.2,1,1095,供应商E,2,晴,37,高温,1,1
2026-05-16,P032,卷纸,日用品,7,18.0,13.0,1,1095,供应商E,2,晴,37,高温,1,1
2026-05-16,P033,洗衣液,日用品,4,25.0,18.0,0,1095,供应商E,3,晴,37,高温,1,1
2026-05-16,P034,洗洁精,日用品,4,12.0,8.0,0,1095,供应商E,3,晴,37,高温,1,1
2026-05-16,P035,牙膏,日用品,4,12.0,8.5,0,1095,供应商E,3,晴,37,高温,1,1
2026-05-16,P036,牙刷,日用品,5,6.0,3.5,0,1095,供应商E,3,晴,37,高温,1,1
2026-05-16,P037,香皂,日用品,5,5.0,3.0,0,1095,供应商E,3,晴,37,高温,1,1
2026-05-16,P038,垃圾袋,日用品,3,8.0,5.0,0,1095,供应商E,3,晴,37,高温,1,1
2026-05-16,P039,电池,日用品,1,10.0,6.5,0,1095,供应商E,3,晴,37,高温,1,1
2026-05-16,P040,打火机,日用品,4,2.0,1.0,0,1095,供应商E,3,晴,37,高温,1,1
2026-05-16,P041,苹果,水果,7,8.0,5.0,0,10,供应商B,1,晴,37,高温,1,1
2026-05-16,P042,香蕉,水果,9,6.0,3.8,0,6,供应商B,1,晴,37,高温,1,1
2026-05-16,P043,橙子,水果,7,9.0,6.0,0,14,供应商B,1,晴,37,高温,1,1
2026-05-16,P044,西红柿,蔬菜,9,6.0,3.8,1,7,供应商B,1,晴,37,高温,1,1
2026-05-16,P045,土豆,蔬菜,8,5.0,3.0,1,30,供应商B,1,晴,37,高温,1,1
2026-05-16,P046,青菜,蔬菜,9,4.0,2.2,1,3,供应商B,1,晴,37,高温,1,1
2026-05-16,P047,火锅底料,调味,4,12.0,8.0,0,365,供应商C,2,晴,37,高温,1,1
2026-05-16,P048,速冻水饺,冷冻食品,6,18.0,12.5,0,180,供应商D,2,晴,37,高温,1,1
2026-05-16,P049,口罩10只,应急用品,4,10.0,6.0,1,1095,供应商E,3,晴,37,高温,1,1
2026-05-16,P050,创可贴,应急用品,2,5.0,2.8,1,1095,供应商E,3,晴,37,高温,1,1
2026-05-17,P001,矿泉水,饮料,42,2.0,1.1,1,365,供应商A,1,晴,36,高温,1,1
2026-05-17,P002,桶装水,饮料,14,8.0,5.2,1,365,供应商A,1,晴,36,高温,1,1
2026-05-17,P003,可乐,饮料,27,3.5,2.2,0,270,供应商A,1,晴,36,高温,1,1
2026-05-17,P004,雪碧,饮料,20,3.5,2.2,0,270,供应商A,1,晴,36,高温,1,1
2026-05-17,P005,橙汁,饮料,13,5.0,3.2,0,180,供应商A,2,晴,36,高温,1,1
2026-05-17,P006,牛奶,乳品,16,3.5,2.4,1,7,供应商B,1,晴,36,高温,1,1
2026-05-17,P007,酸奶,乳品,10,5.0,3.3,0,14,供应商B,1,晴,36,高温,1,1
2026-05-17,P008,鸡蛋,生鲜,13,12.0,8.5,1,20,供应商B,1,晴,36,高温,1,1
2026-05-17,P009,大米5kg,粮油,3,35.0,28.0,1,365,供应商C,2,晴,36,高温,1,1
2026-05-17,P010,食用油5L,粮油,2,65.0,53.0,1,540,供应商C,2,晴,36,高温,1,1
2026-05-17,P011,挂面,粮油,8,8.0,5.5,1,365,供应商C,2,晴,36,高温,1,1
2026-05-17,P012,面粉2.5kg,粮油,4,18.0,14.0,1,365,供应商C,2,晴,36,高温,1,1
2026-05-17,P013,食盐,调味,5,2.5,1.4,1,730,供应商C,2,晴,36,高温,1,1
2026-05-17,P014,酱油,调味,5,8.0,5.6,1,540,供应商C,2,晴,36,高温,1,1
2026-05-17,P015,食醋,调味,4,6.0,4.0,1,540,供应商C,2,晴,36,高温,1,1
2026-05-17,P016,方便面红烧,方便食品,17,5.0,3.4,1,180,供应商D,1,晴,36,高温,1,1
2026-05-17,P017,方便面香辣,方便食品,10,5.0,3.4,0,180,供应商D,1,晴,36,高温,1,1
2026-05-17,P018,火腿肠,方便食品,11,3.0,1.9,0,180,供应商D,1,晴,36,高温,1,1
2026-05-17,P019,八宝粥,方便食品,6,6.0,4.1,0,365,供应商D,1,晴,36,高温,1,1
2026-05-17,P020,榨菜,方便食品,7,2.0,1.2,0,365,供应商D,1,晴,36,高温,1,1
2026-05-17,P021,面包,烘焙,13,6.0,3.8,0,5,供应商B,1,晴,36,高温,1,1
2026-05-17,P022,蛋糕,烘焙,8,8.0,5.2,0,4,供应商B,1,晴,36,高温,1,1
2026-05-17,P023,饼干,零食,11,7.0,4.4,0,270,供应商D,1,晴,36,高温,1,1
2026-05-17,P024,薯片,零食,12,6.0,3.8,0,180,供应商D,1,晴,36,高温,1,1
2026-05-17,P025,瓜子,零食,6,8.0,5.0,0,240,供应商D,1,晴,36,高温,1,1
2026-05-17,P026,花生,零食,7,7.0,4.3,0,240,供应商D,1,晴,36,高温,1,1
2026-05-17,P027,巧克力,零食,7,8.0,5.2,0,300,供应商D,2,晴,36,高温,1,1
2026-05-17,P028,棒棒糖,零食,9,1.0,0.5,0,365,供应商D,2,晴,36,高温,1,1
2026-05-17,P029,冰淇淋,冷饮,21,5.0,3.0,0,180,供应商A,1,晴,36,高温,1,1
2026-05-17,P030,雪糕,冷饮,30,3.0,1.7,0,180,供应商A,1,晴,36,高温,1,1
2026-05-17,P031,纸巾,日用品,9,5.0,3.2,1,1095,供应商E,2,晴,36,高温,1,1
2026-05-17,P032,卷纸,日用品,5,18.0,13.0,1,1095,供应商E,2,晴,36,高温,1,1
2026-05-17,P033,洗衣液,日用品,3,25.0,18.0,0,1095,供应商E,3,晴,36,高温,1,1
2026-05-17,P034,洗洁精,日用品,4,12.0,8.0,0,1095,供应商E,3,晴,36,高温,1,1
2026-05-17,P035,牙膏,日用品,2,12.0,8.5,0,1095,供应商E,3,晴,36,高温,1,1
2026-05-17,P036,牙刷,日用品,4,6.0,3.5,0,1095,供应商E,3,晴,36,高温,1,1
2026-05-17,P037,香皂,日用品,4,5.0,3.0,0,1095,供应商E,3,晴,36,高温,1,1
2026-05-17,P038,垃圾袋,日用品,4,8.0,5.0,0,1095,供应商E,3,晴,36,高温,1,1
2026-05-17,P039,电池,日用品,5,10.0,6.5,0,1095,供应商E,3,晴,36,高温,1,1
2026-05-17,P040,打火机,日用品,4,2.0,1.0,0,1095,供应商E,3,晴,36,高温,1,1
2026-05-17,P041,苹果,水果,8,8.0,5.0,0,10,供应商B,1,晴,36,高温,1,1
2026-05-17,P042,香蕉,水果,6,6.0,3.8,0,6,供应商B,1,晴,36,高温,1,1
2026-05-17,P043,橙子,水果,6,9.0,6.0,0,14,供应商B,1,晴,36,高温,1,1
2026-05-17,P044,西红柿,蔬菜,8,6.0,3.8,1,7,供应商B,1,晴,36,高温,1,1
2026-05-17,P045,土豆,蔬菜,7,5.0,3.0,1,30,供应商B,1,晴,36,高温,1,1
2026-05-17,P046,青菜,蔬菜,13,4.0,2.2,1,3,供应商B,1,晴,36,高温,1,1
2026-05-17,P047,火锅底料,调味,5,12.0,8.0,0,365,供应商C,2,晴,36,高温,1,1
2026-05-17,P048,速冻水饺,冷冻食品,6,18.0,12.5,0,180,供应商D,2,晴,36,高温,1,1
2026-05-17,P049,口罩10只,应急用品,3,10.0,6.0,1,1095,供应商E,3,晴,36,高温,1,1
2026-05-17,P050,创可贴,应急用品,5,5.0,2.8,1,1095,供应商E,3,晴,36,高温,1,1
2026-05-18,P001,矿泉水,饮料,37,2.0,1.1,1,365,供应商A,1,晴,36,高温,0,1
2026-05-18,P002,桶装水,饮料,8,8.0,5.2,1,365,供应商A,1,晴,36,高温,0,1
2026-05-18,P003,可乐,饮料,18,3.5,2.2,0,270,供应商A,1,晴,36,高温,0,1
2026-05-18,P004,雪碧,饮料,19,3.5,2.2,0,270,供应商A,1,晴,36,高温,0,1
2026-05-18,P005,橙汁,饮料,14,5.0,3.2,0,180,供应商A,2,晴,36,高温,0,1
2026-05-18,P006,牛奶,乳品,19,3.5,2.4,1,7,供应商B,1,晴,36,高温,0,1
2026-05-18,P007,酸奶,乳品,9,5.0,3.3,0,14,供应商B,1,晴,36,高温,0,1
2026-05-18,P008,鸡蛋,生鲜,11,12.0,8.5,1,20,供应商B,1,晴,36,高温,0,1
2026-05-18,P009,大米5kg,粮油,3,35.0,28.0,1,365,供应商C,2,晴,36,高温,0,1
2026-05-18,P010,食用油5L,粮油,4,65.0,53.0,1,540,供应商C,2,晴,36,高温,0,1
2026-05-18,P011,挂面,粮油,5,8.0,5.5,1,365,供应商C,2,晴,36,高温,0,1
2026-05-18,P012,面粉2.5kg,粮油,5,18.0,14.0,1,365,供应商C,2,晴,36,高温,0,1
2026-05-18,P013,食盐,调味,6,2.5,1.4,1,730,供应商C,2,晴,36,高温,0,1
2026-05-18,P014,酱油,调味,6,8.0,5.6,1,540,供应商C,2,晴,36,高温,0,1
2026-05-18,P015,食醋,调味,4,6.0,4.0,1,540,供应商C,2,晴,36,高温,0,1
2026-05-18,P016,方便面红烧,方便食品,15,5.0,3.4,1,180,供应商D,1,晴,36,高温,0,1
2026-05-18,P017,方便面香辣,方便食品,9,5.0,3.4,0,180,供应商D,1,晴,36,高温,0,1
2026-05-18,P018,火腿肠,方便食品,8,3.0,1.9,0,180,供应商D,1,晴,36,高温,0,1
2026-05-18,P019,八宝粥,方便食品,9,6.0,4.1,0,365,供应商D,1,晴,36,高温,0,1
2026-05-18,P020,榨菜,方便食品,5,2.0,1.2,0,365,供应商D,1,晴,36,高温,0,1
2026-05-18,P021,面包,烘焙,12,6.0,3.8,0,5,供应商B,1,晴,36,高温,0,1
2026-05-18,P022,蛋糕,烘焙,4,8.0,5.2,0,4,供应商B,1,晴,36,高温,0,1
2026-05-18,P023,饼干,零食,11,7.0,4.4,0,270,供应商D,1,晴,36,高温,0,1
2026-05-18,P024,薯片,零食,12,6.0,3.8,0,180,供应商D,1,晴,36,高温,0,1
2026-05-18,P025,瓜子,零食,6,8.0,5.0,0,240,供应商D,1,晴,36,高温,0,1
2026-05-18,P026,花生,零食,7,7.0,4.3,0,240,供应商D,1,晴,36,高温,0,1
2026-05-18,P027,巧克力,零食,6,8.0,5.2,0,300,供应商D,2,晴,36,高温,0,1
2026-05-18,P028,棒棒糖,零食,8,1.0,0.5,0,365,供应商D,2,晴,36,高温,0,1
2026-05-18,P029,冰淇淋,冷饮,24,5.0,3.0,0,180,供应商A,1,晴,36,高温,0,1
2026-05-18,P030,雪糕,冷饮,23,3.0,1.7,0,180,供应商A,1,晴,36,高温,0,1
2026-05-18,P031,纸巾,日用品,7,5.0,3.2,1,1095,供应商E,2,晴,36,高温,0,1
2026-05-18,P032,卷纸,日用品,6,18.0,13.0,1,1095,供应商E,2,晴,36,高温,0,1
2026-05-18,P033,洗衣液,日用品,4,25.0,18.0,0,1095,供应商E,3,晴,36,高温,0,1
2026-05-18,P034,洗洁精,日用品,3,12.0,8.0,0,1095,供应商E,3,晴,36,高温,0,1
2026-05-18,P035,牙膏,日用品,3,12.0,8.5,0,1095,供应商E,3,晴,36,高温,0,1
2026-05-18,P036,牙刷,日用品,3,6.0,3.5,0,1095,供应商E,3,晴,36,高温,0,1
2026-05-18,P037,香皂,日用品,5,5.0,3.0,0,1095,供应商E,3,晴,36,高温,0,1
2026-05-18,P038,垃圾袋,日用品,3,8.0,5.0,0,1095,供应商E,3,晴,36,高温,0,1
2026-05-18,P039,电池,日用品,3,10.0,6.5,0,1095,供应商E,3,晴,36,高温,0,1
2026-05-18,P040,打火机,日用品,6,2.0,1.0,0,1095,供应商E,3,晴,36,高温,0,1
2026-05-18,P041,苹果,水果,8,8.0,5.0,0,10,供应商B,1,晴,36,高温,0,1
2026-05-18,P042,香蕉,水果,10,6.0,3.8,0,6,供应商B,1,晴,36,高温,0,1
2026-05-18,P043,橙子,水果,6,9.0,6.0,0,14,供应商B,1,晴,36,高温,0,1
2026-05-18,P044,西红柿,蔬菜,8,6.0,3.8,1,7,供应商B,1,晴,36,高温,0,1
2026-05-18,P045,土豆,蔬菜,6,5.0,3.0,1,30,供应商B,1,晴,36,高温,0,1
2026-05-18,P046,青菜,蔬菜,12,4.0,2.2,1,3,供应商B,1,晴,36,高温,0,1
2026-05-18,P047,火锅底料,调味,3,12.0,8.0,0,365,供应商C,2,晴,36,高温,0,1
2026-05-18,P048,速冻水饺,冷冻食品,5,18.0,12.5,0,180,供应商D,2,晴,36,高温,0,1
2026-05-18,P049,口罩10只,应急用品,3,10.0,6.0,1,1095,供应商E,3,晴,36,高温,0,1
2026-05-18,P050,创可贴,应急用品,2,5.0,2.8,1,1095,供应商E,3,晴,36,高温,0,1
2026-05-19,P001,矿泉水,饮料,34,2.0,1.1,1,365,供应商A,1,晴,36,高温,0,1
2026-05-19,P002,桶装水,饮料,11,8.0,5.2,1,365,供应商A,1,晴,36,高温,0,1
2026-05-19,P003,可乐,饮料,26,3.5,2.2,0,270,供应商A,1,晴,36,高温,0,1
2026-05-19,P004,雪碧,饮料,17,3.5,2.2,0,270,供应商A,1,晴,36,高温,0,1
2026-05-19,P005,橙汁,饮料,13,5.0,3.2,0,180,供应商A,2,晴,36,高温,0,1
2026-05-19,P006,牛奶,乳品,14,3.5,2.4,1,7,供应商B,1,晴,36,高温,0,1
2026-05-19,P007,酸奶,乳品,14,5.0,3.3,0,14,供应商B,1,晴,36,高温,0,1
2026-05-19,P008,鸡蛋,生鲜,13,12.0,8.5,1,20,供应商B,1,晴,36,高温,0,1
2026-05-19,P009,大米5kg,粮油,4,35.0,28.0,1,365,供应商C,2,晴,36,高温,0,1
2026-05-19,P010,食用油5L,粮油,5,65.0,53.0,1,540,供应商C,2,晴,36,高温,0,1
2026-05-19,P011,挂面,粮油,5,8.0,5.5,1,365,供应商C,2,晴,36,高温,0,1
2026-05-19,P012,面粉2.5kg,粮油,4,18.0,14.0,1,365,供应商C,2,晴,36,高温,0,1
2026-05-19,P013,食盐,调味,7,2.5,1.4,1,730,供应商C,2,晴,36,高温,0,1
2026-05-19,P014,酱油,调味,5,8.0,5.6,1,540,供应商C,2,晴,36,高温,0,1
2026-05-19,P015,食醋,调味,2,6.0,4.0,1,540,供应商C,2,晴,36,高温,0,1
2026-05-19,P016,方便面红烧,方便食品,13,5.0,3.4,1,180,供应商D,1,晴,36,高温,0,1
2026-05-19,P017,方便面香辣,方便食品,11,5.0,3.4,0,180,供应商D,1,晴,36,高温,0,1
2026-05-19,P018,火腿肠,方便食品,10,3.0,1.9,0,180,供应商D,1,晴,36,高温,0,1
2026-05-19,P019,八宝粥,方便食品,5,6.0,4.1,0,365,供应商D,1,晴,36,高温,0,1
2026-05-19,P020,榨菜,方便食品,5,2.0,1.2,0,365,供应商D,1,晴,36,高温,0,1
2026-05-19,P021,面包,烘焙,10,6.0,3.8,0,5,供应商B,1,晴,36,高温,0,1
2026-05-19,P022,蛋糕,烘焙,7,8.0,5.2,0,4,供应商B,1,晴,36,高温,0,1
2026-05-19,P023,饼干,零食,11,7.0,4.4,0,270,供应商D,1,晴,36,高温,0,1
2026-05-19,P024,薯片,零食,12,6.0,3.8,0,180,供应商D,1,晴,36,高温,0,1
2026-05-19,P025,瓜子,零食,7,8.0,5.0,0,240,供应商D,1,晴,36,高温,0,1
2026-05-19,P026,花生,零食,4,7.0,4.3,0,240,供应商D,1,晴,36,高温,0,1
2026-05-19,P027,巧克力,零食,3,8.0,5.2,0,300,供应商D,2,晴,36,高温,0,1
2026-05-19,P028,棒棒糖,零食,10,1.0,0.5,0,365,供应商D,2,晴,36,高温,0,1
2026-05-19,P029,冰淇淋,冷饮,17,5.0,3.0,0,180,供应商A,1,晴,36,高温,0,1
2026-05-19,P030,雪糕,冷饮,25,3.0,1.7,0,180,供应商A,1,晴,36,高温,0,1
2026-05-19,P031,纸巾,日用品,8,5.0,3.2,1,1095,供应商E,2,晴,36,高温,0,1
2026-05-19,P032,卷纸,日用品,4,18.0,13.0,1,1095,供应商E,2,晴,36,高温,0,1
2026-05-19,P033,洗衣液,日用品,2,25.0,18.0,0,1095,供应商E,3,晴,36,高温,0,1
2026-05-19,P034,洗洁精,日用品,4,12.0,8.0,0,1095,供应商E,3,晴,36,高温,0,1
2026-05-19,P035,牙膏,日用品,5,12.0,8.5,0,1095,供应商E,3,晴,36,高温,0,1
2026-05-19,P036,牙刷,日用品,5,6.0,3.5,0,1095,供应商E,3,晴,36,高温,0,1
2026-05-19,P037,香皂,日用品,5,5.0,3.0,0,1095,供应商E,3,晴,36,高温,0,1
2026-05-19,P038,垃圾袋,日用品,4,8.0,5.0,0,1095,供应商E,3,晴,36,高温,0,1
2026-05-19,P039,电池,日用品,2,10.0,6.5,0,1095,供应商E,3,晴,36,高温,0,1
2026-05-19,P040,打火机,日用品,4,2.0,1.0,0,1095,供应商E,3,晴,36,高温,0,1
2026-05-19,P041,苹果,水果,7,8.0,5.0,0,10,供应商B,1,晴,36,高温,0,1
2026-05-19,P042,香蕉,水果,10,6.0,3.8,0,6,供应商B,1,晴,36,高温,0,1
2026-05-19,P043,橙子,水果,6,9.0,6.0,0,14,供应商B,1,晴,36,高温,0,1
2026-05-19,P044,西红柿,蔬菜,5,6.0,3.8,1,7,供应商B,1,晴,36,高温,0,1
2026-05-19,P045,土豆,蔬菜,6,5.0,3.0,1,30,供应商B,1,晴,36,高温,0,1
2026-05-19,P046,青菜,蔬菜,12,4.0,2.2,1,3,供应商B,1,晴,36,高温,0,1
2026-05-19,P047,火锅底料,调味,4,12.0,8.0,0,365,供应商C,2,晴,36,高温,0,1
2026-05-19,P048,速冻水饺,冷冻食品,3,18.0,12.5,0,180,供应商D,2,晴,36,高温,0,1
2026-05-19,P049,口罩10只,应急用品,6,10.0,6.0,1,1095,供应商E,3,晴,36,高温,0,1
2026-05-19,P050,创可贴,应急用品,3,5.0,2.8,1,1095,供应商E,3,晴,36,高温,0,1
2026-05-20,P001,矿泉水,饮料,25,2.0,1.1,1,365,供应商A,1,晴,28,正常,0,1
2026-05-20,P002,桶装水,饮料,6,8.0,5.2,1,365,供应商A,1,晴,28,正常,0,1
2026-05-20,P003,可乐,饮料,15,3.5,2.2,0,270,供应商A,1,晴,28,正常,0,1
2026-05-20,P004,雪碧,饮料,11,3.5,2.2,0,270,供应商A,1,晴,28,正常,0,1
2026-05-20,P005,橙汁,饮料,11,5.0,3.2,0,180,供应商A,2,晴,28,正常,0,1
2026-05-20,P006,牛奶,乳品,16,3.5,2.4,1,7,供应商B,1,晴,28,正常,0,1
2026-05-20,P007,酸奶,乳品,10,5.0,3.3,0,14,供应商B,1,晴,28,正常,0,1
2026-05-20,P008,鸡蛋,生鲜,13,12.0,8.5,1,20,供应商B,1,晴,28,正常,0,1
2026-05-20,P009,大米5kg,粮油,3,35.0,28.0,1,365,供应商C,2,晴,28,正常,0,1
2026-05-20,P010,食用油5L,粮油,5,65.0,53.0,1,540,供应商C,2,晴,28,正常,0,1
2026-05-20,P011,挂面,粮油,6,8.0,5.5,1,365,供应商C,2,晴,28,正常,0,1
2026-05-20,P012,面粉2.5kg,粮油,4,18.0,14.0,1,365,供应商C,2,晴,28,正常,0,1
2026-05-20,P013,食盐,调味,3,2.5,1.4,1,730,供应商C,2,晴,28,正常,0,1
2026-05-20,P014,酱油,调味,3,8.0,5.6,1,540,供应商C,2,晴,28,正常,0,1
2026-05-20,P015,食醋,调味,4,6.0,4.0,1,540,供应商C,2,晴,28,正常,0,1
2026-05-20,P016,方便面红烧,方便食品,13,5.0,3.4,1,180,供应商D,1,晴,28,正常,0,1
2026-05-20,P017,方便面香辣,方便食品,7,5.0,3.4,0,180,供应商D,1,晴,28,正常,0,1
2026-05-20,P018,火腿肠,方便食品,11,3.0,1.9,0,180,供应商D,1,晴,28,正常,0,1
2026-05-20,P019,八宝粥,方便食品,10,6.0,4.1,0,365,供应商D,1,晴,28,正常,0,1
2026-05-20,P020,榨菜,方便食品,8,2.0,1.2,0,365,供应商D,1,晴,28,正常,0,1
2026-05-20,P021,面包,烘焙,12,6.0,3.8,0,5,供应商B,1,晴,28,正常,0,1
2026-05-20,P022,蛋糕,烘焙,7,8.0,5.2,0,4,供应商B,1,晴,28,正常,0,1
2026-05-20,P023,饼干,零食,10,7.0,4.4,0,270,供应商D,1,晴,28,正常,0,1
2026-05-20,P024,薯片,零食,12,6.0,3.8,0,180,供应商D,1,晴,28,正常,0,1
2026-05-20,P025,瓜子,零食,6,8.0,5.0,0,240,供应商D,1,晴,28,正常,0,1
2026-05-20,P026,花生,零食,6,7.0,4.3,0,240,供应商D,1,晴,28,正常,0,1
2026-05-20,P027,巧克力,零食,5,8.0,5.2,0,300,供应商D,2,晴,28,正常,0,1
2026-05-20,P028,棒棒糖,零食,10,1.0,0.5,0,365,供应商D,2,晴,28,正常,0,1
2026-05-20,P029,冰淇淋,冷饮,14,5.0,3.0,0,180,供应商A,1,晴,28,正常,0,1
2026-05-20,P030,雪糕,冷饮,17,3.0,1.7,0,180,供应商A,1,晴,28,正常,0,1
2026-05-20,P031,纸巾,日用品,10,5.0,3.2,1,1095,供应商E,2,晴,28,正常,0,1
2026-05-20,P032,卷纸,日用品,6,18.0,13.0,1,1095,供应商E,2,晴,28,正常,0,1
2026-05-20,P033,洗衣液,日用品,4,25.0,18.0,0,1095,供应商E,3,晴,28,正常,0,1
2026-05-20,P034,洗洁精,日用品,6,12.0,8.0,0,1095,供应商E,3,晴,28,正常,0,1
2026-05-20,P035,牙膏,日用品,4,12.0,8.5,0,1095,供应商E,3,晴,28,正常,0,1
2026-05-20,P036,牙刷,日用品,6,6.0,3.5,0,1095,供应商E,3,晴,28,正常,0,1
2026-05-20,P037,香皂,日用品,5,5.0,3.0,0,1095,供应商E,3,晴,28,正常,0,1
2026-05-20,P038,垃圾袋,日用品,8,8.0,5.0,0,1095,供应商E,3,晴,28,正常,0,1
2026-05-20,P039,电池,日用品,2,10.0,6.5,0,1095,供应商E,3,晴,28,正常,0,1
2026-05-20,P040,打火机,日用品,4,2.0,1.0,0,1095,供应商E,3,晴,28,正常,0,1
2026-05-20,P041,苹果,水果,9,8.0,5.0,0,10,供应商B,1,晴,28,正常,0,1
2026-05-20,P042,香蕉,水果,10,6.0,3.8,0,6,供应商B,1,晴,28,正常,0,1
2026-05-20,P043,橙子,水果,8,9.0,6.0,0,14,供应商B,1,晴,28,正常,0,1
2026-05-20,P044,西红柿,蔬菜,7,6.0,3.8,1,7,供应商B,1,晴,28,正常,0,1
2026-05-20,P045,土豆,蔬菜,8,5.0,3.0,1,30,供应商B,1,晴,28,正常,0,1
2026-05-20,P046,青菜,蔬菜,12,4.0,2.2,1,3,供应商B,1,晴,28,正常,0,1
2026-05-20,P047,火锅底料,调味,5,12.0,8.0,0,365,供应商C,2,晴,28,正常,0,1
2026-05-20,P048,速冻水饺,冷冻食品,4,18.0,12.5,0,180,供应商D,2,晴,28,正常,0,1
2026-05-20,P049,口罩10只,应急用品,5,10.0,6.0,1,1095,供应商E,3,晴,28,正常,0,1
2026-05-20,P050,创可贴,应急用品,4,5.0,2.8,1,1095,供应商E,3,晴,28,正常,0,1
2026-05-21,P001,矿泉水,饮料,26,2.0,1.1,1,365,供应商A,1,晴,26,正常,0,1
2026-05-21,P002,桶装水,饮料,6,8.0,5.2,1,365,供应商A,1,晴,26,正常,0,1
2026-05-21,P003,可乐,饮料,17,3.5,2.2,0,270,供应商A,1,晴,26,正常,0,1
2026-05-21,P004,雪碧,饮料,13,3.5,2.2,0,270,供应商A,1,晴,26,正常,0,1
2026-05-21,P005,橙汁,饮料,9,5.0,3.2,0,180,供应商A,2,晴,26,正常,0,1
2026-05-21,P006,牛奶,乳品,14,3.5,2.4,1,7,供应商B,1,晴,26,正常,0,1
2026-05-21,P007,酸奶,乳品,8,5.0,3.3,0,14,供应商B,1,晴,26,正常,0,1
2026-05-21,P008,鸡蛋,生鲜,10,12.0,8.5,1,20,供应商B,1,晴,26,正常,0,1
2026-05-21,P009,大米5kg,粮油,3,35.0,28.0,1,365,供应商C,2,晴,26,正常,0,1
2026-05-21,P010,食用油5L,粮油,3,65.0,53.0,1,540,供应商C,2,晴,26,正常,0,1
2026-05-21,P011,挂面,粮油,7,8.0,5.5,1,365,供应商C,2,晴,26,正常,0,1
2026-05-21,P012,面粉2.5kg,粮油,4,18.0,14.0,1,365,供应商C,2,晴,26,正常,0,1
2026-05-21,P013,食盐,调味,6,2.5,1.4,1,730,供应商C,2,晴,26,正常,0,1
2026-05-21,P014,酱油,调味,4,8.0,5.6,1,540,供应商C,2,晴,26,正常,0,1
2026-05-21,P015,食醋,调味,6,6.0,4.0,1,540,供应商C,2,晴,26,正常,0,1
2026-05-21,P016,方便面红烧,方便食品,14,5.0,3.4,1,180,供应商D,1,晴,26,正常,0,1
2026-05-21,P017,方便面香辣,方便食品,9,5.0,3.4,0,180,供应商D,1,晴,26,正常,0,1
2026-05-21,P018,火腿肠,方便食品,11,3.0,1.9,0,180,供应商D,1,晴,26,正常,0,1
2026-05-21,P019,八宝粥,方便食品,5,6.0,4.1,0,365,供应商D,1,晴,26,正常,0,1
2026-05-21,P020,榨菜,方便食品,5,2.0,1.2,0,365,供应商D,1,晴,26,正常,0,1
2026-05-21,P021,面包,烘焙,14,6.0,3.8,0,5,供应商B,1,晴,26,正常,0,1
2026-05-21,P022,蛋糕,烘焙,5,8.0,5.2,0,4,供应商B,1,晴,26,正常,0,1
2026-05-21,P023,饼干,零食,11,7.0,4.4,0,270,供应商D,1,晴,26,正常,0,1
2026-05-21,P024,薯片,零食,12,6.0,3.8,0,180,供应商D,1,晴,26,正常,0,1
2026-05-21,P025,瓜子,零食,6,8.0,5.0,0,240,供应商D,1,晴,26,正常,0,1
2026-05-21,P026,花生,零食,6,7.0,4.3,0,240,供应商D,1,晴,26,正常,0,1
2026-05-21,P027,巧克力,零食,6,8.0,5.2,0,300,供应商D,2,晴,26,正常,0,1
2026-05-21,P028,棒棒糖,零食,8,1.0,0.5,0,365,供应商D,2,晴,26,正常,0,1
2026-05-21,P029,冰淇淋,冷饮,16,5.0,3.0,0,180,供应商A,1,晴,26,正常,0,1
2026-05-21,P030,雪糕,冷饮,15,3.0,1.7,0,180,供应商A,1,晴,26,正常,0,1
2026-05-21,P031,纸巾,日用品,7,5.0,3.2,1,1095,供应商E,2,晴,26,正常,0,1
2026-05-21,P032,卷纸,日用品,4,18.0,13.0,1,1095,供应商E,2,晴,26,正常,0,1
2026-05-21,P033,洗衣液,日用品,3,25.0,18.0,0,1095,供应商E,3,晴,26,正常,0,1
2026-05-21,P034,洗洁精,日用品,5,12.0,8.0,0,1095,供应商E,3,晴,26,正常,0,1
2026-05-21,P035,牙膏,日用品,4,12.0,8.5,0,1095,供应商E,3,晴,26,正常,0,1
2026-05-21,P036,牙刷,日用品,2,6.0,3.5,0,1095,供应商E,3,晴,26,正常,0,1
2026-05-21,P037,香皂,日用品,3,5.0,3.0,0,1095,供应商E,3,晴,26,正常,0,1
2026-05-21,P038,垃圾袋,日用品,4,8.0,5.0,0,1095,供应商E,3,晴,26,正常,0,1
2026-05-21,P039,电池,日用品,5,10.0,6.5,0,1095,供应商E,3,晴,26,正常,0,1
2026-05-21,P040,打火机,日用品,5,2.0,1.0,0,1095,供应商E,3,晴,26,正常,0,1
2026-05-21,P041,苹果,水果,8,8.0,5.0,0,10,供应商B,1,晴,26,正常,0,1
2026-05-21,P042,香蕉,水果,10,6.0,3.8,0,6,供应商B,1,晴,26,正常,0,1
2026-05-21,P043,橙子,水果,6,9.0,6.0,0,14,供应商B,1,晴,26,正常,0,1
2026-05-21,P044,西红柿,蔬菜,8,6.0,3.8,1,7,供应商B,1,晴,26,正常,0,1
2026-05-21,P045,土豆,蔬菜,6,5.0,3.0,1,30,供应商B,1,晴,26,正常,0,1
2026-05-21,P046,青菜,蔬菜,12,4.0,2.2,1,3,供应商B,1,晴,26,正常,0,1
2026-05-21,P047,火锅底料,调味,1,12.0,8.0,0,365,供应商C,2,晴,26,正常,0,1
2026-05-21,P048,速冻水饺,冷冻食品,6,18.0,12.5,0,180,供应商D,2,晴,26,正常,0,1
2026-05-21,P049,口罩10只,应急用品,2,10.0,6.0,1,1095,供应商E,3,晴,26,正常,0,1
2026-05-21,P050,创可贴,应急用品,3,5.0,2.8,1,1095,供应商E,3,晴,26,正常,0,1
2026-05-22,P001,矿泉水,饮料,30,2.0,1.1,1,365,供应商A,1,晴,31,正常,0,1
2026-05-22,P002,桶装水,饮料,5,8.0,5.2,1,365,供应商A,1,晴,31,正常,0,1
2026-05-22,P003,可乐,饮料,14,3.5,2.2,0,270,供应商A,1,晴,31,正常,0,1
2026-05-22,P004,雪碧,饮料,13,3.5,2.2,0,270,供应商A,1,晴,31,正常,0,1
2026-05-22,P005,橙汁,饮料,9,5.0,3.2,0,180,供应商A,2,晴,31,正常,0,1
2026-05-22,P006,牛奶,乳品,13,3.5,2.4,1,7,供应商B,1,晴,31,正常,0,1
2026-05-22,P007,酸奶,乳品,7,5.0,3.3,0,14,供应商B,1,晴,31,正常,0,1
2026-05-22,P008,鸡蛋,生鲜,10,12.0,8.5,1,20,供应商B,1,晴,31,正常,0,1
2026-05-22,P009,大米5kg,粮油,6,35.0,28.0,1,365,供应商C,2,晴,31,正常,0,1
2026-05-22,P010,食用油5L,粮油,3,65.0,53.0,1,540,供应商C,2,晴,31,正常,0,1
2026-05-22,P011,挂面,粮油,8,8.0,5.5,1,365,供应商C,2,晴,31,正常,0,1
2026-05-22,P012,面粉2.5kg,粮油,4,18.0,14.0,1,365,供应商C,2,晴,31,正常,0,1
2026-05-22,P013,食盐,调味,4,2.5,1.4,1,730,供应商C,2,晴,31,正常,0,1
2026-05-22,P014,酱油,调味,7,8.0,5.6,1,540,供应商C,2,晴,31,正常,0,1
2026-05-22,P015,食醋,调味,4,6.0,4.0,1,540,供应商C,2,晴,31,正常,0,1
2026-05-22,P016,方便面红烧,方便食品,14,5.0,3.4,1,180,供应商D,1,晴,31,正常,0,1
2026-05-22,P017,方便面香辣,方便食品,12,5.0,3.4,0,180,供应商D,1,晴,31,正常,0,1
2026-05-22,P018,火腿肠,方便食品,9,3.0,1.9,0,180,供应商D,1,晴,31,正常,0,1
2026-05-22,P019,八宝粥,方便食品,6,6.0,4.1,0,365,供应商D,1,晴,31,正常,0,1
2026-05-22,P020,榨菜,方便食品,6,2.0,1.2,0,365,供应商D,1,晴,31,正常,0,1
2026-05-22,P021,面包,烘焙,12,6.0,3.8,0,5,供应商B,1,晴,31,正常,0,1
2026-05-22,P022,蛋糕,烘焙,7,8.0,5.2,0,4,供应商B,1,晴,31,正常,0,1
2026-05-22,P023,饼干,零食,12,7.0,4.4,0,270,供应商D,1,晴,31,正常,0,1
2026-05-22,P024,薯片,零食,11,6.0,3.8,0,180,供应商D,1,晴,31,正常,0,1
2026-05-22,P025,瓜子,零食,3,8.0,5.0,0,240,供应商D,1,晴,31,正常,0,1
2026-05-22,P026,花生,零食,6,7.0,4.3,0,240,供应商D,1,晴,31,正常,0,1
2026-05-22,P027,巧克力,零食,5,8.0,5.2,0,300,供应商D,2,晴,31,正常,0,1
2026-05-22,P028,棒棒糖,零食,9,1.0,0.5,0,365,供应商D,2,晴,31,正常,0,1
2026-05-22,P029,冰淇淋,冷饮,15,5.0,3.0,0,180,供应商A,1,晴,31,正常,0,1
2026-05-22,P030,雪糕,冷饮,17,3.0,1.7,0,180,供应商A,1,晴,31,正常,0,1
2026-05-22,P031,纸巾,日用品,8,5.0,3.2,1,1095,供应商E,2,晴,31,正常,0,1
2026-05-22,P032,卷纸,日用品,6,18.0,13.0,1,1095,供应商E,2,晴,31,正常,0,1
2026-05-22,P033,洗衣液,日用品,2,25.0,18.0,0,1095,供应商E,3,晴,31,正常,0,1
2026-05-22,P034,洗洁精,日用品,3,12.0,8.0,0,1095,供应商E,3,晴,31,正常,0,1
2026-05-22,P035,牙膏,日用品,8,12.0,8.5,0,1095,供应商E,3,晴,31,正常,0,1
2026-05-22,P036,牙刷,日用品,3,6.0,3.5,0,1095,供应商E,3,晴,31,正常,0,1
2026-05-22,P037,香皂,日用品,4,5.0,3.0,0,1095,供应商E,3,晴,31,正常,0,1
2026-05-22,P038,垃圾袋,日用品,2,8.0,5.0,0,1095,供应商E,3,晴,31,正常,0,1
2026-05-22,P039,电池,日用品,3,10.0,6.5,0,1095,供应商E,3,晴,31,正常,0,1
2026-05-22,P040,打火机,日用品,4,2.0,1.0,0,1095,供应商E,3,晴,31,正常,0,1
2026-05-22,P041,苹果,水果,7,8.0,5.0,0,10,供应商B,1,晴,31,正常,0,1
2026-05-22,P042,香蕉,水果,11,6.0,3.8,0,6,供应商B,1,晴,31,正常,0,1
2026-05-22,P043,橙子,水果,7,9.0,6.0,0,14,供应商B,1,晴,31,正常,0,1
2026-05-22,P044,西红柿,蔬菜,9,6.0,3.8,1,7,供应商B,1,晴,31,正常,0,1
2026-05-22,P045,土豆,蔬菜,5,5.0,3.0,1,30,供应商B,1,晴,31,正常,0,1
2026-05-22,P046,青菜,蔬菜,13,4.0,2.2,1,3,供应商B,1,晴,31,正常,0,1
2026-05-22,P047,火锅底料,调味,3,12.0,8.0,0,365,供应商C,2,晴,31,正常,0,1
2026-05-22,P048,速冻水饺,冷冻食品,7,18.0,12.5,0,180,供应商D,2,晴,31,正常,0,1
2026-05-22,P049,口罩10只,应急用品,4,10.0,6.0,1,1095,供应商E,3,晴,31,正常,0,1
2026-05-22,P050,创可贴,应急用品,4,5.0,2.8,1,1095,供应商E,3,晴,31,正常,0,1
2026-05-23,P001,矿泉水,饮料,23,2.0,1.1,1,365,供应商A,1,晴,28,正常,1,1
2026-05-23,P002,桶装水,饮料,7,8.0,5.2,1,365,供应商A,1,晴,28,正常,1,1
2026-05-23,P003,可乐,饮料,16,3.5,2.2,0,270,供应商A,1,晴,28,正常,1,1
2026-05-23,P004,雪碧,饮料,14,3.5,2.2,0,270,供应商A,1,晴,28,正常,1,1
2026-05-23,P005,橙汁,饮料,8,5.0,3.2,0,180,供应商A,2,晴,28,正常,1,1
2026-05-23,P006,牛奶,乳品,10,3.5,2.4,1,7,供应商B,1,晴,28,正常,1,1
2026-05-23,P007,酸奶,乳品,12,5.0,3.3,0,14,供应商B,1,晴,28,正常,1,1
2026-05-23,P008,鸡蛋,生鲜,13,12.0,8.5,1,20,供应商B,1,晴,28,正常,1,1
2026-05-23,P009,大米5kg,粮油,4,35.0,28.0,1,365,供应商C,2,晴,28,正常,1,1
2026-05-23,P010,食用油5L,粮油,3,65.0,53.0,1,540,供应商C,2,晴,28,正常,1,1
2026-05-23,P011,挂面,粮油,8,8.0,5.5,1,365,供应商C,2,晴,28,正常,1,1
2026-05-23,P012,面粉2.5kg,粮油,3,18.0,14.0,1,365,供应商C,2,晴,28,正常,1,1
2026-05-23,P013,食盐,调味,3,2.5,1.4,1,730,供应商C,2,晴,28,正常,1,1
2026-05-23,P014,酱油,调味,6,8.0,5.6,1,540,供应商C,2,晴,28,正常,1,1
2026-05-23,P015,食醋,调味,5,6.0,4.0,1,540,供应商C,2,晴,28,正常,1,1
2026-05-23,P016,方便面红烧,方便食品,16,5.0,3.4,1,180,供应商D,1,晴,28,正常,1,1
2026-05-23,P017,方便面香辣,方便食品,9,5.0,3.4,0,180,供应商D,1,晴,28,正常,1,1
2026-05-23,P018,火腿肠,方便食品,11,3.0,1.9,0,180,供应商D,1,晴,28,正常,1,1
2026-05-23,P019,八宝粥,方便食品,6,6.0,4.1,0,365,供应商D,1,晴,28,正常,1,1
2026-05-23,P020,榨菜,方便食品,5,2.0,1.2,0,365,供应商D,1,晴,28,正常,1,1
2026-05-23,P021,面包,烘焙,12,6.0,3.8,0,5,供应商B,1,晴,28,正常,1,1
2026-05-23,P022,蛋糕,烘焙,9,8.0,5.2,0,4,供应商B,1,晴,28,正常,1,1
2026-05-23,P023,饼干,零食,9,7.0,4.4,0,270,供应商D,1,晴,28,正常,1,1
2026-05-23,P024,薯片,零食,10,6.0,3.8,0,180,供应商D,1,晴,28,正常,1,1
2026-05-23,P025,瓜子,零食,9,8.0,5.0,0,240,供应商D,1,晴,28,正常,1,1
2026-05-23,P026,花生,零食,7,7.0,4.3,0,240,供应商D,1,晴,28,正常,1,1
2026-05-23,P027,巧克力,零食,6,8.0,5.2,0,300,供应商D,2,晴,28,正常,1,1
2026-05-23,P028,棒棒糖,零食,9,1.0,0.5,0,365,供应商D,2,晴,28,正常,1,1
2026-05-23,P029,冰淇淋,冷饮,14,5.0,3.0,0,180,供应商A,1,晴,28,正常,1,1
2026-05-23,P030,雪糕,冷饮,12,3.0,1.7,0,180,供应商A,1,晴,28,正常,1,1
2026-05-23,P031,纸巾,日用品,10,5.0,3.2,1,1095,供应商E,2,晴,28,正常,1,1
2026-05-23,P032,卷纸,日用品,6,18.0,13.0,1,1095,供应商E,2,晴,28,正常,1,1
2026-05-23,P033,洗衣液,日用品,3,25.0,18.0,0,1095,供应商E,3,晴,28,正常,1,1
2026-05-23,P034,洗洁精,日用品,4,12.0,8.0,0,1095,供应商E,3,晴,28,正常,1,1
2026-05-23,P035,牙膏,日用品,5,12.0,8.5,0,1095,供应商E,3,晴,28,正常,1,1
2026-05-23,P036,牙刷,日用品,3,6.0,3.5,0,1095,供应商E,3,晴,28,正常,1,1
2026-05-23,P037,香皂,日用品,4,5.0,3.0,0,1095,供应商E,3,晴,28,正常,1,1
2026-05-23,P038,垃圾袋,日用品,3,8.0,5.0,0,1095,供应商E,3,晴,28,正常,1,1
2026-05-23,P039,电池,日用品,5,10.0,6.5,0,1095,供应商E,3,晴,28,正常,1,1
2026-05-23,P040,打火机,日用品,7,2.0,1.0,0,1095,供应商E,3,晴,28,正常,1,1
2026-05-23,P041,苹果,水果,6,8.0,5.0,0,10,供应商B,1,晴,28,正常,1,1
2026-05-23,P042,香蕉,水果,8,6.0,3.8,0,6,供应商B,1,晴,28,正常,1,1
2026-05-23,P043,橙子,水果,6,9.0,6.0,0,14,供应商B,1,晴,28,正常,1,1
2026-05-23,P044,西红柿,蔬菜,8,6.0,3.8,1,7,供应商B,1,晴,28,正常,1,1
2026-05-23,P045,土豆,蔬菜,6,5.0,3.0,1,30,供应商B,1,晴,28,正常,1,1
2026-05-23,P046,青菜,蔬菜,14,4.0,2.2,1,3,供应商B,1,晴,28,正常,1,1
2026-05-23,P047,火锅底料,调味,5,12.0,8.0,0,365,供应商C,2,晴,28,正常,1,1
2026-05-23,P048,速冻水饺,冷冻食品,6,18.0,12.5,0,180,供应商D,2,晴,28,正常,1,1
2026-05-23,P049,口罩10只,应急用品,2,10.0,6.0,1,1095,供应商E,3,晴,28,正常,1,1
2026-05-23,P050,创可贴,应急用品,4,5.0,2.8,1,1095,供应商E,3,晴,28,正常,1,1
2026-05-24,P001,矿泉水,饮料,25,2.0,1.1,1,365,供应商A,1,晴,29,正常,1,1
2026-05-24,P002,桶装水,饮料,6,8.0,5.2,1,365,供应商A,1,晴,29,正常,1,1
2026-05-24,P003,可乐,饮料,19,3.5,2.2,0,270,供应商A,1,晴,29,正常,1,1
2026-05-24,P004,雪碧,饮料,11,3.5,2.2,0,270,供应商A,1,晴,29,正常,1,1
2026-05-24,P005,橙汁,饮料,11,5.0,3.2,0,180,供应商A,2,晴,29,正常,1,1
2026-05-24,P006,牛奶,乳品,16,3.5,2.4,1,7,供应商B,1,晴,29,正常,1,1
2026-05-24,P007,酸奶,乳品,12,5.0,3.3,0,14,供应商B,1,晴,29,正常,1,1
2026-05-24,P008,鸡蛋,生鲜,11,12.0,8.5,1,20,供应商B,1,晴,29,正常,1,1
2026-05-24,P009,大米5kg,粮油,3,35.0,28.0,1,365,供应商C,2,晴,29,正常,1,1
2026-05-24,P010,食用油5L,粮油,2,65.0,53.0,1,540,供应商C,2,晴,29,正常,1,1
2026-05-24,P011,挂面,粮油,8,8.0,5.5,1,365,供应商C,2,晴,29,正常,1,1
2026-05-24,P012,面粉2.5kg,粮油,4,18.0,14.0,1,365,供应商C,2,晴,29,正常,1,1
2026-05-24,P013,食盐,调味,5,2.5,1.4,1,730,供应商C,2,晴,29,正常,1,1
2026-05-24,P014,酱油,调味,4,8.0,5.6,1,540,供应商C,2,晴,29,正常,1,1
2026-05-24,P015,食醋,调味,3,6.0,4.0,1,540,供应商C,2,晴,29,正常,1,1
2026-05-24,P016,方便面红烧,方便食品,16,5.0,3.4,1,180,供应商D,1,晴,29,正常,1,1
2026-05-24,P017,方便面香辣,方便食品,10,5.0,3.4,0,180,供应商D,1,晴,29,正常,1,1
2026-05-24,P018,火腿肠,方便食品,10,3.0,1.9,0,180,供应商D,1,晴,29,正常,1,1
2026-05-24,P019,八宝粥,方便食品,10,6.0,4.1,0,365,供应商D,1,晴,29,正常,1,1
2026-05-24,P020,榨菜,方便食品,7,2.0,1.2,0,365,供应商D,1,晴,29,正常,1,1
2026-05-24,P021,面包,烘焙,16,6.0,3.8,0,5,供应商B,1,晴,29,正常,1,1
2026-05-24,P022,蛋糕,烘焙,7,8.0,5.2,0,4,供应商B,1,晴,29,正常,1,1
2026-05-24,P023,饼干,零食,10,7.0,4.4,0,270,供应商D,1,晴,29,正常,1,1
2026-05-24,P024,薯片,零食,11,6.0,3.8,0,180,供应商D,1,晴,29,正常,1,1
2026-05-24,P025,瓜子,零食,5,8.0,5.0,0,240,供应商D,1,晴,29,正常,1,1
2026-05-24,P026,花生,零食,8,7.0,4.3,0,240,供应商D,1,晴,29,正常,1,1
2026-05-24,P027,巧克力,零食,5,8.0,5.2,0,300,供应商D,2,晴,29,正常,1,1
2026-05-24,P028,棒棒糖,零食,11,1.0,0.5,0,365,供应商D,2,晴,29,正常,1,1
2026-05-24,P029,冰淇淋,冷饮,14,5.0,3.0,0,180,供应商A,1,晴,29,正常,1,1
2026-05-24,P030,雪糕,冷饮,18,3.0,1.7,0,180,供应商A,1,晴,29,正常,1,1
2026-05-24,P031,纸巾,日用品,8,5.0,3.2,1,1095,供应商E,2,晴,29,正常,1,1
2026-05-24,P032,卷纸,日用品,7,18.0,13.0,1,1095,供应商E,2,晴,29,正常,1,1
2026-05-24,P033,洗衣液,日用品,4,25.0,18.0,0,1095,供应商E,3,晴,29,正常,1,1
2026-05-24,P034,洗洁精,日用品,5,12.0,8.0,0,1095,供应商E,3,晴,29,正常,1,1
2026-05-24,P035,牙膏,日用品,6,12.0,8.5,0,1095,供应商E,3,晴,29,正常,1,1
2026-05-24,P036,牙刷,日用品,6,6.0,3.5,0,1095,供应商E,3,晴,29,正常,1,1
2026-05-24,P037,香皂,日用品,5,5.0,3.0,0,1095,供应商E,3,晴,29,正常,1,1
2026-05-24,P038,垃圾袋,日用品,3,8.0,5.0,0,1095,供应商E,3,晴,29,正常,1,1
2026-05-24,P039,电池,日用品,2,10.0,6.5,0,1095,供应商E,3,晴,29,正常,1,1
2026-05-24,P040,打火机,日用品,4,2.0,1.0,0,1095,供应商E,3,晴,29,正常,1,1
2026-05-24,P041,苹果,水果,10,8.0,5.0,0,10,供应商B,1,晴,29,正常,1,1
2026-05-24,P042,香蕉,水果,10,6.0,3.8,0,6,供应商B,1,晴,29,正常,1,1
2026-05-24,P043,橙子,水果,5,9.0,6.0,0,14,供应商B,1,晴,29,正常,1,1
2026-05-24,P044,西红柿,蔬菜,9,6.0,3.8,1,7,供应商B,1,晴,29,正常,1,1
2026-05-24,P045,土豆,蔬菜,6,5.0,3.0,1,30,供应商B,1,晴,29,正常,1,1
2026-05-24,P046,青菜,蔬菜,11,4.0,2.2,1,3,供应商B,1,晴,29,正常,1,1
2026-05-24,P047,火锅底料,调味,2,12.0,8.0,0,365,供应商C,2,晴,29,正常,1,1
2026-05-24,P048,速冻水饺,冷冻食品,6,18.0,12.5,0,180,供应商D,2,晴,29,正常,1,1
2026-05-24,P049,口罩10只,应急用品,4,10.0,6.0,1,1095,供应商E,3,晴,29,正常,1,1
2026-05-24,P050,创可贴,应急用品,6,5.0,2.8,1,1095,供应商E,3,晴,29,正常,1,1
2026-05-25,P001,矿泉水,饮料,27,2.0,1.1,1,365,供应商A,1,晴,31,正常,0,1
2026-05-25,P002,桶装水,饮料,5,8.0,5.2,1,365,供应商A,1,晴,31,正常,0,1
2026-05-25,P003,可乐,饮料,18,3.5,2.2,0,270,供应商A,1,晴,31,正常,0,1
2026-05-25,P004,雪碧,饮料,10,3.5,2.2,0,270,供应商A,1,晴,31,正常,0,1
2026-05-25,P005,橙汁,饮料,7,5.0,3.2,0,180,供应商A,2,晴,31,正常,0,1
2026-05-25,P006,牛奶,乳品,15,3.5,2.4,1,7,供应商B,1,晴,31,正常,0,1
2026-05-25,P007,酸奶,乳品,6,5.0,3.3,0,14,供应商B,1,晴,31,正常,0,1
2026-05-25,P008,鸡蛋,生鲜,12,12.0,8.5,1,20,供应商B,1,晴,31,正常,0,1
2026-05-25,P009,大米5kg,粮油,3,35.0,28.0,1,365,供应商C,2,晴,31,正常,0,1
2026-05-25,P010,食用油5L,粮油,3,65.0,53.0,1,540,供应商C,2,晴,31,正常,0,1
2026-05-25,P011,挂面,粮油,6,8.0,5.5,1,365,供应商C,2,晴,31,正常,0,1
2026-05-25,P012,面粉2.5kg,粮油,5,18.0,14.0,1,365,供应商C,2,晴,31,正常,0,1
2026-05-25,P013,食盐,调味,5,2.5,1.4,1,730,供应商C,2,晴,31,正常,0,1
2026-05-25,P014,酱油,调味,7,8.0,5.6,1,540,供应商C,2,晴,31,正常,0,1
2026-05-25,P015,食醋,调味,4,6.0,4.0,1,540,供应商C,2,晴,31,正常,0,1
2026-05-25,P016,方便面红烧,方便食品,13,5.0,3.4,1,180,供应商D,1,晴,31,正常,0,1
2026-05-25,P017,方便面香辣,方便食品,10,5.0,3.4,0,180,供应商D,1,晴,31,正常,0,1
2026-05-25,P018,火腿肠,方便食品,8,3.0,1.9,0,180,供应商D,1,晴,31,正常,0,1
2026-05-25,P019,八宝粥,方便食品,7,6.0,4.1,0,365,供应商D,1,晴,31,正常,0,1
2026-05-25,P020,榨菜,方便食品,7,2.0,1.2,0,365,供应商D,1,晴,31,正常,0,1
2026-05-25,P021,面包,烘焙,17,6.0,3.8,0,5,供应商B,1,晴,31,正常,0,1
2026-05-25,P022,蛋糕,烘焙,6,8.0,5.2,0,4,供应商B,1,晴,31,正常,0,1
2026-05-25,P023,饼干,零食,9,7.0,4.4,0,270,供应商D,1,晴,31,正常,0,1
2026-05-25,P024,薯片,零食,9,6.0,3.8,0,180,供应商D,1,晴,31,正常,0,1
2026-05-25,P025,瓜子,零食,6,8.0,5.0,0,240,供应商D,1,晴,31,正常,0,1
2026-05-25,P026,花生,零食,6,7.0,4.3,0,240,供应商D,1,晴,31,正常,0,1
2026-05-25,P027,巧克力,零食,5,8.0,5.2,0,300,供应商D,2,晴,31,正常,0,1
2026-05-25,P028,棒棒糖,零食,11,1.0,0.5,0,365,供应商D,2,晴,31,正常,0,1
2026-05-25,P029,冰淇淋,冷饮,13,5.0,3.0,0,180,供应商A,1,晴,31,正常,0,1
2026-05-25,P030,雪糕,冷饮,20,3.0,1.7,0,180,供应商A,1,晴,31,正常,0,1
2026-05-25,P031,纸巾,日用品,9,5.0,3.2,1,1095,供应商E,2,晴,31,正常,0,1
2026-05-25,P032,卷纸,日用品,5,18.0,13.0,1,1095,供应商E,2,晴,31,正常,0,1
2026-05-25,P033,洗衣液,日用品,3,25.0,18.0,0,1095,供应商E,3,晴,31,正常,0,1
2026-05-25,P034,洗洁精,日用品,7,12.0,8.0,0,1095,供应商E,3,晴,31,正常,0,1
2026-05-25,P035,牙膏,日用品,3,12.0,8.5,0,1095,供应商E,3,晴,31,正常,0,1
2026-05-25,P036,牙刷,日用品,4,6.0,3.5,0,1095,供应商E,3,晴,31,正常,0,1
2026-05-25,P037,香皂,日用品,3,5.0,3.0,0,1095,供应商E,3,晴,31,正常,0,1
2026-05-25,P038,垃圾袋,日用品,6,8.0,5.0,0,1095,供应商E,3,晴,31,正常,0,1
2026-05-25,P039,电池,日用品,4,10.0,6.5,0,1095,供应商E,3,晴,31,正常,0,1
2026-05-25,P040,打火机,日用品,4,2.0,1.0,0,1095,供应商E,3,晴,31,正常,0,1
2026-05-25,P041,苹果,水果,9,8.0,5.0,0,10,供应商B,1,晴,31,正常,0,1
2026-05-25,P042,香蕉,水果,9,6.0,3.8,0,6,供应商B,1,晴,31,正常,0,1
2026-05-25,P043,橙子,水果,5,9.0,6.0,0,14,供应商B,1,晴,31,正常,0,1
2026-05-25,P044,西红柿,蔬菜,9,6.0,3.8,1,7,供应商B,1,晴,31,正常,0,1
2026-05-25,P045,土豆,蔬菜,7,5.0,3.0,1,30,供应商B,1,晴,31,正常,0,1
2026-05-25,P046,青菜,蔬菜,10,4.0,2.2,1,3,供应商B,1,晴,31,正常,0,1
2026-05-25,P047,火锅底料,调味,4,12.0,8.0,0,365,供应商C,2,晴,31,正常,0,1
2026-05-25,P048,速冻水饺,冷冻食品,6,18.0,12.5,0,180,供应商D,2,晴,31,正常,0,1
2026-05-25,P049,口罩10只,应急用品,3,10.0,6.0,1,1095,供应商E,3,晴,31,正常,0,1
2026-05-25,P050,创可贴,应急用品,3,5.0,2.8,1,1095,供应商E,3,晴,31,正常,0,1
2026-05-26,P001,矿泉水,饮料,22,2.0,1.1,1,365,供应商A,1,晴,31,正常,0,1
2026-05-26,P002,桶装水,饮料,8,8.0,5.2,1,365,供应商A,1,晴,31,正常,0,1
2026-05-26,P003,可乐,饮料,13,3.5,2.2,0,270,供应商A,1,晴,31,正常,0,1
2026-05-26,P004,雪碧,饮料,14,3.5,2.2,0,270,供应商A,1,晴,31,正常,0,1
2026-05-26,P005,橙汁,饮料,8,5.0,3.2,0,180,供应商A,2,晴,31,正常,0,1
2026-05-26,P006,牛奶,乳品,18,3.5,2.4,1,7,供应商B,1,晴,31,正常,0,1
2026-05-26,P007,酸奶,乳品,8,5.0,3.3,0,14,供应商B,1,晴,31,正常,0,1
2026-05-26,P008,鸡蛋,生鲜,11,12.0,8.5,1,20,供应商B,1,晴,31,正常,0,1
2026-05-26,P009,大米5kg,粮油,3,35.0,28.0,1,365,供应商C,2,晴,31,正常,0,1
2026-05-26,P010,食用油5L,粮油,3,65.0,53.0,1,540,供应商C,2,晴,31,正常,0,1
2026-05-26,P011,挂面,粮油,5,8.0,5.5,1,365,供应商C,2,晴,31,正常,0,1
2026-05-26,P012,面粉2.5kg,粮油,3,18.0,14.0,1,365,供应商C,2,晴,31,正常,0,1
2026-05-26,P013,食盐,调味,2,2.5,1.4,1,730,供应商C,2,晴,31,正常,0,1
2026-05-26,P014,酱油,调味,5,8.0,5.6,1,540,供应商C,2,晴,31,正常,0,1
2026-05-26,P015,食醋,调味,3,6.0,4.0,1,540,供应商C,2,晴,31,正常,0,1
2026-05-26,P016,方便面红烧,方便食品,11,5.0,3.4,1,180,供应商D,1,晴,31,正常,0,1
2026-05-26,P017,方便面香辣,方便食品,12,5.0,3.4,0,180,供应商D,1,晴,31,正常,0,1
2026-05-26,P018,火腿肠,方便食品,8,3.0,1.9,0,180,供应商D,1,晴,31,正常,0,1
2026-05-26,P019,八宝粥,方便食品,8,6.0,4.1,0,365,供应商D,1,晴,31,正常,0,1
2026-05-26,P020,榨菜,方便食品,5,2.0,1.2,0,365,供应商D,1,晴,31,正常,0,1
2026-05-26,P021,面包,烘焙,15,6.0,3.8,0,5,供应商B,1,晴,31,正常,0,1
2026-05-26,P022,蛋糕,烘焙,8,8.0,5.2,0,4,供应商B,1,晴,31,正常,0,1
2026-05-26,P023,饼干,零食,8,7.0,4.4,0,270,供应商D,1,晴,31,正常,0,1
2026-05-26,P024,薯片,零食,9,6.0,3.8,0,180,供应商D,1,晴,31,正常,0,1
2026-05-26,P025,瓜子,零食,7,8.0,5.0,0,240,供应商D,1,晴,31,正常,0,1
2026-05-26,P026,花生,零食,6,7.0,4.3,0,240,供应商D,1,晴,31,正常,0,1
2026-05-26,P027,巧克力,零食,5,8.0,5.2,0,300,供应商D,2,晴,31,正常,0,1
2026-05-26,P028,棒棒糖,零食,11,1.0,0.5,0,365,供应商D,2,晴,31,正常,0,1
2026-05-26,P029,冰淇淋,冷饮,12,5.0,3.0,0,180,供应商A,1,晴,31,正常,0,1
2026-05-26,P030,雪糕,冷饮,17,3.0,1.7,0,180,供应商A,1,晴,31,正常,0,1
2026-05-26,P031,纸巾,日用品,9,5.0,3.2,1,1095,供应商E,2,晴,31,正常,0,1
2026-05-26,P032,卷纸,日用品,6,18.0,13.0,1,1095,供应商E,2,晴,31,正常,0,1
2026-05-26,P033,洗衣液,日用品,3,25.0,18.0,0,1095,供应商E,3,晴,31,正常,0,1
2026-05-26,P034,洗洁精,日用品,4,12.0,8.0,0,1095,供应商E,3,晴,31,正常,0,1
2026-05-26,P035,牙膏,日用品,2,12.0,8.5,0,1095,供应商E,3,晴,31,正常,0,1
2026-05-26,P036,牙刷,日用品,3,6.0,3.5,0,1095,供应商E,3,晴,31,正常,0,1
2026-05-26,P037,香皂,日用品,4,5.0,3.0,0,1095,供应商E,3,晴,31,正常,0,1
2026-05-26,P038,垃圾袋,日用品,4,8.0,5.0,0,1095,供应商E,3,晴,31,正常,0,1
2026-05-26,P039,电池,日用品,3,10.0,6.5,0,1095,供应商E,3,晴,31,正常,0,1
2026-05-26,P040,打火机,日用品,6,2.0,1.0,0,1095,供应商E,3,晴,31,正常,0,1
2026-05-26,P041,苹果,水果,6,8.0,5.0,0,10,供应商B,1,晴,31,正常,0,1
2026-05-26,P042,香蕉,水果,9,6.0,3.8,0,6,供应商B,1,晴,31,正常,0,1
2026-05-26,P043,橙子,水果,6,9.0,6.0,0,14,供应商B,1,晴,31,正常,0,1
2026-05-26,P044,西红柿,蔬菜,7,6.0,3.8,1,7,供应商B,1,晴,31,正常,0,1
2026-05-26,P045,土豆,蔬菜,9,5.0,3.0,1,30,供应商B,1,晴,31,正常,0,1
2026-05-26,P046,青菜,蔬菜,11,4.0,2.2,1,3,供应商B,1,晴,31,正常,0,1
2026-05-26,P047,火锅底料,调味,4,12.0,8.0,0,365,供应商C,2,晴,31,正常,0,1
2026-05-26,P048,速冻水饺,冷冻食品,7,18.0,12.5,0,180,供应商D,2,晴,31,正常,0,1
2026-05-26,P049,口罩10只,应急用品,1,10.0,6.0,1,1095,供应商E,3,晴,31,正常,0,1
2026-05-26,P050,创可贴,应急用品,3,5.0,2.8,1,1095,供应商E,3,晴,31,正常,0,1
2026-05-27,P001,矿泉水,饮料,25,2.0,1.1,1,365,供应商A,1,晴,31,正常,0,1
2026-05-27,P002,桶装水,饮料,5,8.0,5.2,1,365,供应商A,1,晴,31,正常,0,1
2026-05-27,P003,可乐,饮料,17,3.5,2.2,0,270,供应商A,1,晴,31,正常,0,1
2026-05-27,P004,雪碧,饮料,11,3.5,2.2,0,270,供应商A,1,晴,31,正常,0,1
2026-05-27,P005,橙汁,饮料,9,5.0,3.2,0,180,供应商A,2,晴,31,正常,0,1
2026-05-27,P006,牛奶,乳品,16,3.5,2.4,1,7,供应商B,1,晴,31,正常,0,1
2026-05-27,P007,酸奶,乳品,9,5.0,3.3,0,14,供应商B,1,晴,31,正常,0,1
2026-05-27,P008,鸡蛋,生鲜,8,12.0,8.5,1,20,供应商B,1,晴,31,正常,0,1
2026-05-27,P009,大米5kg,粮油,3,35.0,28.0,1,365,供应商C,2,晴,31,正常,0,1
2026-05-27,P010,食用油5L,粮油,4,65.0,53.0,1,540,供应商C,2,晴,31,正常,0,1
2026-05-27,P011,挂面,粮油,7,8.0,5.5,1,365,供应商C,2,晴,31,正常,0,1
2026-05-27,P012,面粉2.5kg,粮油,1,18.0,14.0,1,365,供应商C,2,晴,31,正常,0,1
2026-05-27,P013,食盐,调味,6,2.5,1.4,1,730,供应商C,2,晴,31,正常,0,1
2026-05-27,P014,酱油,调味,5,8.0,5.6,1,540,供应商C,2,晴,31,正常,0,1
2026-05-27,P015,食醋,调味,3,6.0,4.0,1,540,供应商C,2,晴,31,正常,0,1
2026-05-27,P016,方便面红烧,方便食品,17,5.0,3.4,1,180,供应商D,1,晴,31,正常,0,1
2026-05-27,P017,方便面香辣,方便食品,9,5.0,3.4,0,180,供应商D,1,晴,31,正常,0,1
2026-05-27,P018,火腿肠,方便食品,9,3.0,1.9,0,180,供应商D,1,晴,31,正常,0,1
2026-05-27,P019,八宝粥,方便食品,7,6.0,4.1,0,365,供应商D,1,晴,31,正常,0,1
2026-05-27,P020,榨菜,方便食品,8,2.0,1.2,0,365,供应商D,1,晴,31,正常,0,1
2026-05-27,P021,面包,烘焙,15,6.0,3.8,0,5,供应商B,1,晴,31,正常,0,1
2026-05-27,P022,蛋糕,烘焙,7,8.0,5.2,0,4,供应商B,1,晴,31,正常,0,1
2026-05-27,P023,饼干,零食,10,7.0,4.4,0,270,供应商D,1,晴,31,正常,0,1
2026-05-27,P024,薯片,零食,11,6.0,3.8,0,180,供应商D,1,晴,31,正常,0,1
2026-05-27,P025,瓜子,零食,4,8.0,5.0,0,240,供应商D,1,晴,31,正常,0,1
2026-05-27,P026,花生,零食,7,7.0,4.3,0,240,供应商D,1,晴,31,正常,0,1
2026-05-27,P027,巧克力,零食,4,8.0,5.2,0,300,供应商D,2,晴,31,正常,0,1
2026-05-27,P028,棒棒糖,零食,9,1.0,0.5,0,365,供应商D,2,晴,31,正常,0,1
2026-05-27,P029,冰淇淋,冷饮,13,5.0,3.0,0,180,供应商A,1,晴,31,正常,0,1
2026-05-27,P030,雪糕,冷饮,18,3.0,1.7,0,180,供应商A,1,晴,31,正常,0,1
2026-05-27,P031,纸巾,日用品,8,5.0,3.2,1,1095,供应商E,2,晴,31,正常,0,1
2026-05-27,P032,卷纸,日用品,1,18.0,13.0,1,1095,供应商E,2,晴,31,正常,0,1
2026-05-27,P033,洗衣液,日用品,3,25.0,18.0,0,1095,供应商E,3,晴,31,正常,0,1
2026-05-27,P034,洗洁精,日用品,5,12.0,8.0,0,1095,供应商E,3,晴,31,正常,0,1
2026-05-27,P035,牙膏,日用品,5,12.0,8.5,0,1095,供应商E,3,晴,31,正常,0,1
2026-05-27,P036,牙刷,日用品,4,6.0,3.5,0,1095,供应商E,3,晴,31,正常,0,1
2026-05-27,P037,香皂,日用品,6,5.0,3.0,0,1095,供应商E,3,晴,31,正常,0,1
2026-05-27,P038,垃圾袋,日用品,4,8.0,5.0,0,1095,供应商E,3,晴,31,正常,0,1
2026-05-27,P039,电池,日用品,4,10.0,6.5,0,1095,供应商E,3,晴,31,正常,0,1
2026-05-27,P040,打火机,日用品,6,2.0,1.0,0,1095,供应商E,3,晴,31,正常,0,1
2026-05-27,P041,苹果,水果,8,8.0,5.0,0,10,供应商B,1,晴,31,正常,0,1
2026-05-27,P042,香蕉,水果,8,6.0,3.8,0,6,供应商B,1,晴,31,正常,0,1
2026-05-27,P043,橙子,水果,3,9.0,6.0,0,14,供应商B,1,晴,31,正常,0,1
2026-05-27,P044,西红柿,蔬菜,7,6.0,3.8,1,7,供应商B,1,晴,31,正常,0,1
2026-05-27,P045,土豆,蔬菜,8,5.0,3.0,1,30,供应商B,1,晴,31,正常,0,1
2026-05-27,P046,青菜,蔬菜,9,4.0,2.2,1,3,供应商B,1,晴,31,正常,0,1
2026-05-27,P047,火锅底料,调味,5,12.0,8.0,0,365,供应商C,2,晴,31,正常,0,1
2026-05-27,P048,速冻水饺,冷冻食品,5,18.0,12.5,0,180,供应商D,2,晴,31,正常,0,1
2026-05-27,P049,口罩10只,应急用品,5,10.0,6.0,1,1095,供应商E,3,晴,31,正常,0,1
2026-05-27,P050,创可贴,应急用品,3,5.0,2.8,1,1095,供应商E,3,晴,31,正常,0,1
2026-05-28,P001,矿泉水,饮料,26,2.0,1.1,1,365,供应商A,1,晴,29,正常,0,1
2026-05-28,P002,桶装水,饮料,7,8.0,5.2,1,365,供应商A,1,晴,29,正常,0,1
2026-05-28,P003,可乐,饮料,20,3.5,2.2,0,270,供应商A,1,晴,29,正常,0,1
2026-05-28,P004,雪碧,饮料,9,3.5,2.2,0,270,供应商A,1,晴,29,正常,0,1
2026-05-28,P005,橙汁,饮料,7,5.0,3.2,0,180,供应商A,2,晴,29,正常,0,1
2026-05-28,P006,牛奶,乳品,16,3.5,2.4,1,7,供应商B,1,晴,29,正常,0,1
2026-05-28,P007,酸奶,乳品,11,5.0,3.3,0,14,供应商B,1,晴,29,正常,0,1
2026-05-28,P008,鸡蛋,生鲜,12,12.0,8.5,1,20,供应商B,1,晴,29,正常,0,1
2026-05-28,P009,大米5kg,粮油,4,35.0,28.0,1,365,供应商C,2,晴,29,正常,0,1
2026-05-28,P010,食用油5L,粮油,4,65.0,53.0,1,540,供应商C,2,晴,29,正常,0,1
2026-05-28,P011,挂面,粮油,8,8.0,5.5,1,365,供应商C,2,晴,29,正常,0,1
2026-05-28,P012,面粉2.5kg,粮油,4,18.0,14.0,1,365,供应商C,2,晴,29,正常,0,1
2026-05-28,P013,食盐,调味,5,2.5,1.4,1,730,供应商C,2,晴,29,正常,0,1
2026-05-28,P014,酱油,调味,6,8.0,5.6,1,540,供应商C,2,晴,29,正常,0,1
2026-05-28,P015,食醋,调味,6,6.0,4.0,1,540,供应商C,2,晴,29,正常,0,1
2026-05-28,P016,方便面红烧,方便食品,17,5.0,3.4,1,180,供应商D,1,晴,29,正常,0,1
2026-05-28,P017,方便面香辣,方便食品,10,5.0,3.4,0,180,供应商D,1,晴,29,正常,0,1
2026-05-28,P018,火腿肠,方便食品,10,3.0,1.9,0,180,供应商D,1,晴,29,正常,0,1
2026-05-28,P019,八宝粥,方便食品,8,6.0,4.1,0,365,供应商D,1,晴,29,正常,0,1
2026-05-28,P020,榨菜,方便食品,6,2.0,1.2,0,365,供应商D,1,晴,29,正常,0,1
2026-05-28,P021,面包,烘焙,12,6.0,3.8,0,5,供应商B,1,晴,29,正常,0,1
2026-05-28,P022,蛋糕,烘焙,6,8.0,5.2,0,4,供应商B,1,晴,29,正常,0,1
2026-05-28,P023,饼干,零食,11,7.0,4.4,0,270,供应商D,1,晴,29,正常,0,1
2026-05-28,P024,薯片,零食,8,6.0,3.8,0,180,供应商D,1,晴,29,正常,0,1
2026-05-28,P025,瓜子,零食,5,8.0,5.0,0,240,供应商D,1,晴,29,正常,0,1
2026-05-28,P026,花生,零食,6,7.0,4.3,0,240,供应商D,1,晴,29,正常,0,1
2026-05-28,P027,巧克力,零食,7,8.0,5.2,0,300,供应商D,2,晴,29,正常,0,1
2026-05-28,P028,棒棒糖,零食,8,1.0,0.5,0,365,供应商D,2,晴,29,正常,0,1
2026-05-28,P029,冰淇淋,冷饮,13,5.0,3.0,0,180,供应商A,1,晴,29,正常,0,1
2026-05-28,P030,雪糕,冷饮,16,3.0,1.7,0,180,供应商A,1,晴,29,正常,0,1
2026-05-28,P031,纸巾,日用品,10,5.0,3.2,1,1095,供应商E,2,晴,29,正常,0,1
2026-05-28,P032,卷纸,日用品,2,18.0,13.0,1,1095,供应商E,2,晴,29,正常,0,1
2026-05-28,P033,洗衣液,日用品,2,25.0,18.0,0,1095,供应商E,3,晴,29,正常,0,1
2026-05-28,P034,洗洁精,日用品,7,12.0,8.0,0,1095,供应商E,3,晴,29,正常,0,1
2026-05-28,P035,牙膏,日用品,5,12.0,8.5,0,1095,供应商E,3,晴,29,正常,0,1
2026-05-28,P036,牙刷,日用品,3,6.0,3.5,0,1095,供应商E,3,晴,29,正常,0,1
2026-05-28,P037,香皂,日用品,4,5.0,3.0,0,1095,供应商E,3,晴,29,正常,0,1
2026-05-28,P038,垃圾袋,日用品,4,8.0,5.0,0,1095,供应商E,3,晴,29,正常,0,1
2026-05-28,P039,电池,日用品,4,10.0,6.5,0,1095,供应商E,3,晴,29,正常,0,1
2026-05-28,P040,打火机,日用品,7,2.0,1.0,0,1095,供应商E,3,晴,29,正常,0,1
2026-05-28,P041,苹果,水果,8,8.0,5.0,0,10,供应商B,1,晴,29,正常,0,1
2026-05-28,P042,香蕉,水果,8,6.0,3.8,0,6,供应商B,1,晴,29,正常,0,1
2026-05-28,P043,橙子,水果,7,9.0,6.0,0,14,供应商B,1,晴,29,正常,0,1
2026-05-28,P044,西红柿,蔬菜,7,6.0,3.8,1,7,供应商B,1,晴,29,正常,0,1
2026-05-28,P045,土豆,蔬菜,6,5.0,3.0,1,30,供应商B,1,晴,29,正常,0,1
2026-05-28,P046,青菜,蔬菜,7,4.0,2.2,1,3,供应商B,1,晴,29,正常,0,1
2026-05-28,P047,火锅底料,调味,2,12.0,8.0,0,365,供应商C,2,晴,29,正常,0,1
2026-05-28,P048,速冻水饺,冷冻食品,4,18.0,12.5,0,180,供应商D,2,晴,29,正常,0,1
2026-05-28,P049,口罩10只,应急用品,2,10.0,6.0,1,1095,供应商E,3,晴,29,正常,0,1
2026-05-28,P050,创可贴,应急用品,3,5.0,2.8,1,1095,供应商E,3,晴,29,正常,0,1
2026-05-29,P001,矿泉水,饮料,19,2.0,1.1,1,365,供应商A,1,晴,28,正常,0,1
2026-05-29,P002,桶装水,饮料,2,8.0,5.2,1,365,供应商A,1,晴,28,正常,0,1
2026-05-29,P003,可乐,饮料,13,3.5,2.2,0,270,供应商A,1,晴,28,正常,0,1
2026-05-29,P004,雪碧,饮料,12,3.5,2.2,0,270,供应商A,1,晴,28,正常,0,1
2026-05-29,P005,橙汁,饮料,7,5.0,3.2,0,180,供应商A,2,晴,28,正常,0,1
2026-05-29,P006,牛奶,乳品,17,3.5,2.4,1,7,供应商B,1,晴,28,正常,0,1
2026-05-29,P007,酸奶,乳品,8,5.0,3.3,0,14,供应商B,1,晴,28,正常,0,1
2026-05-29,P008,鸡蛋,生鲜,14,12.0,8.5,1,20,供应商B,1,晴,28,正常,0,1
2026-05-29,P009,大米5kg,粮油,4,35.0,28.0,1,365,供应商C,2,晴,28,正常,0,1
2026-05-29,P010,食用油5L,粮油,3,65.0,53.0,1,540,供应商C,2,晴,28,正常,0,1
2026-05-29,P011,挂面,粮油,6,8.0,5.5,1,365,供应商C,2,晴,28,正常,0,1
2026-05-29,P012,面粉2.5kg,粮油,4,18.0,14.0,1,365,供应商C,2,晴,28,正常,0,1
2026-05-29,P013,食盐,调味,4,2.5,1.4,1,730,供应商C,2,晴,28,正常,0,1
2026-05-29,P014,酱油,调味,5,8.0,5.6,1,540,供应商C,2,晴,28,正常,0,1
2026-05-29,P015,食醋,调味,4,6.0,4.0,1,540,供应商C,2,晴,28,正常,0,1
2026-05-29,P016,方便面红烧,方便食品,13,5.0,3.4,1,180,供应商D,1,晴,28,正常,0,1
2026-05-29,P017,方便面香辣,方便食品,12,5.0,3.4,0,180,供应商D,1,晴,28,正常,0,1
2026-05-29,P018,火腿肠,方便食品,11,3.0,1.9,0,180,供应商D,1,晴,28,正常,0,1
2026-05-29,P019,八宝粥,方便食品,6,6.0,4.1,0,365,供应商D,1,晴,28,正常,0,1
2026-05-29,P020,榨菜,方便食品,6,2.0,1.2,0,365,供应商D,1,晴,28,正常,0,1
2026-05-29,P021,面包,烘焙,12,6.0,3.8,0,5,供应商B,1,晴,28,正常,0,1
2026-05-29,P022,蛋糕,烘焙,6,8.0,5.2,0,4,供应商B,1,晴,28,正常,0,1
2026-05-29,P023,饼干,零食,9,7.0,4.4,0,270,供应商D,1,晴,28,正常,0,1
2026-05-29,P024,薯片,零食,9,6.0,3.8,0,180,供应商D,1,晴,28,正常,0,1
2026-05-29,P025,瓜子,零食,5,8.0,5.0,0,240,供应商D,1,晴,28,正常,0,1
2026-05-29,P026,花生,零食,4,7.0,4.3,0,240,供应商D,1,晴,28,正常,0,1
2026-05-29,P027,巧克力,零食,5,8.0,5.2,0,300,供应商D,2,晴,28,正常,0,1
2026-05-29,P028,棒棒糖,零食,10,1.0,0.5,0,365,供应商D,2,晴,28,正常,0,1
2026-05-29,P029,冰淇淋,冷饮,12,5.0,3.0,0,180,供应商A,1,晴,28,正常,0,1
2026-05-29,P030,雪糕,冷饮,24,3.0,1.7,0,180,供应商A,1,晴,28,正常,0,1
2026-05-29,P031,纸巾,日用品,9,5.0,3.2,1,1095,供应商E,2,晴,28,正常,0,1
2026-05-29,P032,卷纸,日用品,7,18.0,13.0,1,1095,供应商E,2,晴,28,正常,0,1
2026-05-29,P033,洗衣液,日用品,4,25.0,18.0,0,1095,供应商E,3,晴,28,正常,0,1
2026-05-29,P034,洗洁精,日用品,6,12.0,8.0,0,1095,供应商E,3,晴,28,正常,0,1
2026-05-29,P035,牙膏,日用品,3,12.0,8.5,0,1095,供应商E,3,晴,28,正常,0,1
2026-05-29,P036,牙刷,日用品,1,6.0,3.5,0,1095,供应商E,3,晴,28,正常,0,1
2026-05-29,P037,香皂,日用品,3,5.0,3.0,0,1095,供应商E,3,晴,28,正常,0,1
2026-05-29,P038,垃圾袋,日用品,5,8.0,5.0,0,1095,供应商E,3,晴,28,正常,0,1
2026-05-29,P039,电池,日用品,3,10.0,6.5,0,1095,供应商E,3,晴,28,正常,0,1
2026-05-29,P040,打火机,日用品,5,2.0,1.0,0,1095,供应商E,3,晴,28,正常,0,1
2026-05-29,P041,苹果,水果,10,8.0,5.0,0,10,供应商B,1,晴,28,正常,0,1
2026-05-29,P042,香蕉,水果,10,6.0,3.8,0,6,供应商B,1,晴,28,正常,0,1
2026-05-29,P043,橙子,水果,7,9.0,6.0,0,14,供应商B,1,晴,28,正常,0,1
2026-05-29,P044,西红柿,蔬菜,7,6.0,3.8,1,7,供应商B,1,晴,28,正常,0,1
2026-05-29,P045,土豆,蔬菜,6,5.0,3.0,1,30,供应商B,1,晴,28,正常,0,1
2026-05-29,P046,青菜,蔬菜,13,4.0,2.2,1,3,供应商B,1,晴,28,正常,0,1
2026-05-29,P047,火锅底料,调味,4,12.0,8.0,0,365,供应商C,2,晴,28,正常,0,1
2026-05-29,P048,速冻水饺,冷冻食品,4,18.0,12.5,0,180,供应商D,2,晴,28,正常,0,1
2026-05-29,P049,口罩10只,应急用品,2,10.0,6.0,1,1095,供应商E,3,晴,28,正常,0,1
2026-05-29,P050,创可贴,应急用品,2,5.0,2.8,1,1095,供应商E,3,晴,28,正常,0,1
2026-05-30,P001,矿泉水,饮料,23,2.0,1.1,1,365,供应商A,1,晴,29,正常,1,1
2026-05-30,P002,桶装水,饮料,5,8.0,5.2,1,365,供应商A,1,晴,29,正常,1,1
2026-05-30,P003,可乐,饮料,13,3.5,2.2,0,270,供应商A,1,晴,29,正常,1,1
2026-05-30,P004,雪碧,饮料,14,3.5,2.2,0,270,供应商A,1,晴,29,正常,1,1
2026-05-30,P005,橙汁,饮料,8,5.0,3.2,0,180,供应商A,2,晴,29,正常,1,1
2026-05-30,P006,牛奶,乳品,18,3.5,2.4,1,7,供应商B,1,晴,29,正常,1,1
2026-05-30,P007,酸奶,乳品,10,5.0,3.3,0,14,供应商B,1,晴,29,正常,1,1
2026-05-30,P008,鸡蛋,生鲜,14,12.0,8.5,1,20,供应商B,1,晴,29,正常,1,1
2026-05-30,P009,大米5kg,粮油,4,35.0,28.0,1,365,供应商C,2,晴,29,正常,1,1
2026-05-30,P010,食用油5L,粮油,3,65.0,53.0,1,540,供应商C,2,晴,29,正常,1,1
2026-05-30,P011,挂面,粮油,8,8.0,5.5,1,365,供应商C,2,晴,29,正常,1,1
2026-05-30,P012,面粉2.5kg,粮油,5,18.0,14.0,1,365,供应商C,2,晴,29,正常,1,1
2026-05-30,P013,食盐,调味,5,2.5,1.4,1,730,供应商C,2,晴,29,正常,1,1
2026-05-30,P014,酱油,调味,7,8.0,5.6,1,540,供应商C,2,晴,29,正常,1,1
2026-05-30,P015,食醋,调味,4,6.0,4.0,1,540,供应商C,2,晴,29,正常,1,1
2026-05-30,P016,方便面红烧,方便食品,19,5.0,3.4,1,180,供应商D,1,晴,29,正常,1,1
2026-05-30,P017,方便面香辣,方便食品,10,5.0,3.4,0,180,供应商D,1,晴,29,正常,1,1
2026-05-30,P018,火腿肠,方便食品,8,3.0,1.9,0,180,供应商D,1,晴,29,正常,1,1
2026-05-30,P019,八宝粥,方便食品,8,6.0,4.1,0,365,供应商D,1,晴,29,正常,1,1
2026-05-30,P020,榨菜,方便食品,7,2.0,1.2,0,365,供应商D,1,晴,29,正常,1,1
2026-05-30,P021,面包,烘焙,14,6.0,3.8,0,5,供应商B,1,晴,29,正常,1,1
2026-05-30,P022,蛋糕,烘焙,8,8.0,5.2,0,4,供应商B,1,晴,29,正常,1,1
2026-05-30,P023,饼干,零食,9,7.0,4.4,0,270,供应商D,1,晴,29,正常,1,1
2026-05-30,P024,薯片,零食,10,6.0,3.8,0,180,供应商D,1,晴,29,正常,1,1
2026-05-30,P025,瓜子,零食,7,8.0,5.0,0,240,供应商D,1,晴,29,正常,1,1
2026-05-30,P026,花生,零食,7,7.0,4.3,0,240,供应商D,1,晴,29,正常,1,1
2026-05-30,P027,巧克力,零食,5,8.0,5.2,0,300,供应商D,2,晴,29,正常,1,1
2026-05-30,P028,棒棒糖,零食,12,1.0,0.5,0,365,供应商D,2,晴,29,正常,1,1
2026-05-30,P029,冰淇淋,冷饮,13,5.0,3.0,0,180,供应商A,1,晴,29,正常,1,1
2026-05-30,P030,雪糕,冷饮,17,3.0,1.7,0,180,供应商A,1,晴,29,正常,1,1
2026-05-30,P031,纸巾,日用品,11,5.0,3.2,1,1095,供应商E,2,晴,29,正常,1,1
2026-05-30,P032,卷纸,日用品,7,18.0,13.0,1,1095,供应商E,2,晴,29,正常,1,1
2026-05-30,P033,洗衣液,日用品,3,25.0,18.0,0,1095,供应商E,3,晴,29,正常,1,1
2026-05-30,P034,洗洁精,日用品,5,12.0,8.0,0,1095,供应商E,3,晴,29,正常,1,1
2026-05-30,P035,牙膏,日用品,5,12.0,8.5,0,1095,供应商E,3,晴,29,正常,1,1
2026-05-30,P036,牙刷,日用品,1,6.0,3.5,0,1095,供应商E,3,晴,29,正常,1,1
2026-05-30,P037,香皂,日用品,3,5.0,3.0,0,1095,供应商E,3,晴,29,正常,1,1
2026-05-30,P038,垃圾袋,日用品,4,8.0,5.0,0,1095,供应商E,3,晴,29,正常,1,1
2026-05-30,P039,电池,日用品,3,10.0,6.5,0,1095,供应商E,3,晴,29,正常,1,1
2026-05-30,P040,打火机,日用品,6,2.0,1.0,0,1095,供应商E,3,晴,29,正常,1,1
2026-05-30,P041,苹果,水果,10,8.0,5.0,0,10,供应商B,1,晴,29,正常,1,1
2026-05-30,P042,香蕉,水果,9,6.0,3.8,0,6,供应商B,1,晴,29,正常,1,1
2026-05-30,P043,橙子,水果,5,9.0,6.0,0,14,供应商B,1,晴,29,正常,1,1
2026-05-30,P044,西红柿,蔬菜,9,6.0,3.8,1,7,供应商B,1,晴,29,正常,1,1
2026-05-30,P045,土豆,蔬菜,7,5.0,3.0,1,30,供应商B,1,晴,29,正常,1,1
2026-05-30,P046,青菜,蔬菜,11,4.0,2.2,1,3,供应商B,1,晴,29,正常,1,1
2026-05-30,P047,火锅底料,调味,4,12.0,8.0,0,365,供应商C,2,晴,29,正常,1,1
2026-05-30,P048,速冻水饺,冷冻食品,8,18.0,12.5,0,180,供应商D,2,晴,29,正常,1,1
2026-05-30,P049,口罩10只,应急用品,1,10.0,6.0,1,1095,供应商E,3,晴,29,正常,1,1
2026-05-30,P050,创可贴,应急用品,3,5.0,2.8,1,1095,供应商E,3,晴,29,正常,1,1
2026-05-31,P001,矿泉水,饮料,26,2.0,1.1,1,365,供应商A,1,晴,24,正常,1,1
2026-05-31,P002,桶装水,饮料,6,8.0,5.2,1,365,供应商A,1,晴,24,正常,1,1
2026-05-31,P003,可乐,饮料,20,3.5,2.2,0,270,供应商A,1,晴,24,正常,1,1
2026-05-31,P004,雪碧,饮料,16,3.5,2.2,0,270,供应商A,1,晴,24,正常,1,1
2026-05-31,P005,橙汁,饮料,9,5.0,3.2,0,180,供应商A,2,晴,24,正常,1,1
2026-05-31,P006,牛奶,乳品,15,3.5,2.4,1,7,供应商B,1,晴,24,正常,1,1
2026-05-31,P007,酸奶,乳品,10,5.0,3.3,0,14,供应商B,1,晴,24,正常,1,1
2026-05-31,P008,鸡蛋,生鲜,13,12.0,8.5,1,20,供应商B,1,晴,24,正常,1,1
2026-05-31,P009,大米5kg,粮油,4,35.0,28.0,1,365,供应商C,2,晴,24,正常,1,1
2026-05-31,P010,食用油5L,粮油,3,65.0,53.0,1,540,供应商C,2,晴,24,正常,1,1
2026-05-31,P011,挂面,粮油,8,8.0,5.5,1,365,供应商C,2,晴,24,正常,1,1
2026-05-31,P012,面粉2.5kg,粮油,5,18.0,14.0,1,365,供应商C,2,晴,24,正常,1,1
2026-05-31,P013,食盐,调味,4,2.5,1.4,1,730,供应商C,2,晴,24,正常,1,1
2026-05-31,P014,酱油,调味,4,8.0,5.6,1,540,供应商C,2,晴,24,正常,1,1
2026-05-31,P015,食醋,调味,2,6.0,4.0,1,540,供应商C,2,晴,24,正常,1,1
2026-05-31,P016,方便面红烧,方便食品,19,5.0,3.4,1,180,供应商D,1,晴,24,正常,1,1
2026-05-31,P017,方便面香辣,方便食品,11,5.0,3.4,0,180,供应商D,1,晴,24,正常,1,1
2026-05-31,P018,火腿肠,方便食品,12,3.0,1.9,0,180,供应商D,1,晴,24,正常,1,1
2026-05-31,P019,八宝粥,方便食品,6,6.0,4.1,0,365,供应商D,1,晴,24,正常,1,1
2026-05-31,P020,榨菜,方便食品,9,2.0,1.2,0,365,供应商D,1,晴,24,正常,1,1
2026-05-31,P021,面包,烘焙,12,6.0,3.8,0,5,供应商B,1,晴,24,正常,1,1
2026-05-31,P022,蛋糕,烘焙,8,8.0,5.2,0,4,供应商B,1,晴,24,正常,1,1
2026-05-31,P023,饼干,零食,11,7.0,4.4,0,270,供应商D,1,晴,24,正常,1,1
2026-05-31,P024,薯片,零食,9,6.0,3.8,0,180,供应商D,1,晴,24,正常,1,1
2026-05-31,P025,瓜子,零食,6,8.0,5.0,0,240,供应商D,1,晴,24,正常,1,1
2026-05-31,P026,花生,零食,7,7.0,4.3,0,240,供应商D,1,晴,24,正常,1,1
2026-05-31,P027,巧克力,零食,9,8.0,5.2,0,300,供应商D,2,晴,24,正常,1,1
2026-05-31,P028,棒棒糖,零食,10,1.0,0.5,0,365,供应商D,2,晴,24,正常,1,1
2026-05-31,P029,冰淇淋,冷饮,19,5.0,3.0,0,180,供应商A,1,晴,24,正常,1,1
2026-05-31,P030,雪糕,冷饮,22,3.0,1.7,0,180,供应商A,1,晴,24,正常,1,1
2026-05-31,P031,纸巾,日用品,9,5.0,3.2,1,1095,供应商E,2,晴,24,正常,1,1
2026-05-31,P032,卷纸,日用品,4,18.0,13.0,1,1095,供应商E,2,晴,24,正常,1,1
2026-05-31,P033,洗衣液,日用品,5,25.0,18.0,0,1095,供应商E,3,晴,24,正常,1,1
2026-05-31,P034,洗洁精,日用品,3,12.0,8.0,0,1095,供应商E,3,晴,24,正常,1,1
2026-05-31,P035,牙膏,日用品,6,12.0,8.5,0,1095,供应商E,3,晴,24,正常,1,1
2026-05-31,P036,牙刷,日用品,5,6.0,3.5,0,1095,供应商E,3,晴,24,正常,1,1
2026-05-31,P037,香皂,日用品,1,5.0,3.0,0,1095,供应商E,3,晴,24,正常,1,1
2026-05-31,P038,垃圾袋,日用品,4,8.0,5.0,0,1095,供应商E,3,晴,24,正常,1,1
2026-05-31,P039,电池,日用品,4,10.0,6.5,0,1095,供应商E,3,晴,24,正常,1,1
2026-05-31,P040,打火机,日用品,5,2.0,1.0,0,1095,供应商E,3,晴,24,正常,1,1
2026-05-31,P041,苹果,水果,10,8.0,5.0,0,10,供应商B,1,晴,24,正常,1,1
2026-05-31,P042,香蕉,水果,9,6.0,3.8,0,6,供应商B,1,晴,24,正常,1,1
2026-05-31,P043,橙子,水果,5,9.0,6.0,0,14,供应商B,1,晴,24,正常,1,1
2026-05-31,P044,西红柿,蔬菜,9,6.0,3.8,1,7,供应商B,1,晴,24,正常,1,1
2026-05-31,P045,土豆,蔬菜,8,5.0,3.0,1,30,供应商B,1,晴,24,正常,1,1
2026-05-31,P046,青菜,蔬菜,10,4.0,2.2,1,3,供应商B,1,晴,24,正常,1,1
2026-05-31,P047,火锅底料,调味,6,12.0,8.0,0,365,供应商C,2,晴,24,正常,1,1
2026-05-31,P048,速冻水饺,冷冻食品,4,18.0,12.5,0,180,供应商D,2,晴,24,正常,1,1
2026-05-31,P049,口罩10只,应急用品,4,10.0,6.0,1,1095,供应商E,3,晴,24,正常,1,1
2026-05-31,P050,创可贴,应急用品,3,5.0,2.8,1,1095,供应商E,3,晴,24,正常,1,1
2026-06-01,P001,矿泉水,饮料,18,2.0,1.1,1,365,供应商A,1,晴,24,正常,0,1
2026-06-01,P002,桶装水,饮料,4,8.0,5.2,1,365,供应商A,1,晴,24,正常,0,1
2026-06-01,P003,可乐,饮料,16,3.5,2.2,0,270,供应商A,1,晴,24,正常,0,1
2026-06-01,P004,雪碧,饮料,17,3.5,2.2,0,270,供应商A,1,晴,24,正常,0,1
2026-06-01,P005,橙汁,饮料,9,5.0,3.2,0,180,供应商A,2,晴,24,正常,0,1
2026-06-01,P006,牛奶,乳品,10,3.5,2.4,1,7,供应商B,1,晴,24,正常,0,1
2026-06-01,P007,酸奶,乳品,5,5.0,3.3,0,14,供应商B,1,晴,24,正常,0,1
2026-06-01,P008,鸡蛋,生鲜,13,12.0,8.5,1,20,供应商B,1,晴,24,正常,0,1
2026-06-01,P009,大米5kg,粮油,4,35.0,28.0,1,365,供应商C,2,晴,24,正常,0,1
2026-06-01,P010,食用油5L,粮油,4,65.0,53.0,1,540,供应商C,2,晴,24,正常,0,1
2026-06-01,P011,挂面,粮油,6,8.0,5.5,1,365,供应商C,2,晴,24,正常,0,1
2026-06-01,P012,面粉2.5kg,粮油,4,18.0,14.0,1,365,供应商C,2,晴,24,正常,0,1
2026-06-01,P013,食盐,调味,6,2.5,1.4,1,730,供应商C,2,晴,24,正常,0,1
2026-06-01,P014,酱油,调味,4,8.0,5.6,1,540,供应商C,2,晴,24,正常,0,1
2026-06-01,P015,食醋,调味,3,6.0,4.0,1,540,供应商C,2,晴,24,正常,0,1
2026-06-01,P016,方便面红烧,方便食品,15,5.0,3.4,1,180,供应商D,1,晴,24,正常,0,1
2026-06-01,P017,方便面香辣,方便食品,11,5.0,3.4,0,180,供应商D,1,晴,24,正常,0,1
2026-06-01,P018,火腿肠,方便食品,10,3.0,1.9,0,180,供应商D,1,晴,24,正常,0,1
2026-06-01,P019,八宝粥,方便食品,8,6.0,4.1,0,365,供应商D,1,晴,24,正常,0,1
2026-06-01,P020,榨菜,方便食品,5,2.0,1.2,0,365,供应商D,1,晴,24,正常,0,1
2026-06-01,P021,面包,烘焙,9,6.0,3.8,0,5,供应商B,1,晴,24,正常,0,1
2026-06-01,P022,蛋糕,烘焙,9,8.0,5.2,0,4,供应商B,1,晴,24,正常,0,1
2026-06-01,P023,饼干,零食,8,7.0,4.4,0,270,供应商D,1,晴,24,正常,0,1
2026-06-01,P024,薯片,零食,9,6.0,3.8,0,180,供应商D,1,晴,24,正常,0,1
2026-06-01,P025,瓜子,零食,6,8.0,5.0,0,240,供应商D,1,晴,24,正常,0,1
2026-06-01,P026,花生,零食,6,7.0,4.3,0,240,供应商D,1,晴,24,正常,0,1
2026-06-01,P027,巧克力,零食,5,8.0,5.2,0,300,供应商D,2,晴,24,正常,0,1
2026-06-01,P028,棒棒糖,零食,9,1.0,0.5,0,365,供应商D,2,晴,24,正常,0,1
2026-06-01,P029,冰淇淋,冷饮,14,5.0,3.0,0,180,供应商A,1,晴,24,正常,0,1
2026-06-01,P030,雪糕,冷饮,17,3.0,1.7,0,180,供应商A,1,晴,24,正常,0,1
2026-06-01,P031,纸巾,日用品,5,5.0,3.2,1,1095,供应商E,2,晴,24,正常,0,1
2026-06-01,P032,卷纸,日用品,7,18.0,13.0,1,1095,供应商E,2,晴,24,正常,0,1
2026-06-01,P033,洗衣液,日用品,3,25.0,18.0,0,1095,供应商E,3,晴,24,正常,0,1
2026-06-01,P034,洗洁精,日用品,5,12.0,8.0,0,1095,供应商E,3,晴,24,正常,0,1
2026-06-01,P035,牙膏,日用品,2,12.0,8.5,0,1095,供应商E,3,晴,24,正常,0,1
2026-06-01,P036,牙刷,日用品,3,6.0,3.5,0,1095,供应商E,3,晴,24,正常,0,1
2026-06-01,P037,香皂,日用品,3,5.0,3.0,0,1095,供应商E,3,晴,24,正常,0,1
2026-06-01,P038,垃圾袋,日用品,6,8.0,5.0,0,1095,供应商E,3,晴,24,正常,0,1
2026-06-01,P039,电池,日用品,2,10.0,6.5,0,1095,供应商E,3,晴,24,正常,0,1
2026-06-01,P040,打火机,日用品,6,2.0,1.0,0,1095,供应商E,3,晴,24,正常,0,1
2026-06-01,P041,苹果,水果,7,8.0,5.0,0,10,供应商B,1,晴,24,正常,0,1
2026-06-01,P042,香蕉,水果,8,6.0,3.8,0,6,供应商B,1,晴,24,正常,0,1
2026-06-01,P043,橙子,水果,6,9.0,6.0,0,14,供应商B,1,晴,24,正常,0,1
2026-06-01,P044,西红柿,蔬菜,10,6.0,3.8,1,7,供应商B,1,晴,24,正常,0,1
2026-06-01,P045,土豆,蔬菜,5,5.0,3.0,1,30,供应商B,1,晴,24,正常,0,1
2026-06-01,P046,青菜,蔬菜,8,4.0,2.2,1,3,供应商B,1,晴,24,正常,0,1
2026-06-01,P047,火锅底料,调味,2,12.0,8.0,0,365,供应商C,2,晴,24,正常,0,1
2026-06-01,P048,速冻水饺,冷冻食品,4,18.0,12.5,0,180,供应商D,2,晴,24,正常,0,1
2026-06-01,P049,口罩10只,应急用品,2,10.0,6.0,1,1095,供应商E,3,晴,24,正常,0,1
2026-06-01,P050,创可贴,应急用品,1,5.0,2.8,1,1095,供应商E,3,晴,24,正常,0,1
2026-06-02,P001,矿泉水,饮料,21,2.0,1.1,1,365,供应商A,1,晴,25,正常,0,1
2026-06-02,P002,桶装水,饮料,4,8.0,5.2,1,365,供应商A,1,晴,25,正常,0,1
2026-06-02,P003,可乐,饮料,13,3.5,2.2,0,270,供应商A,1,晴,25,正常,0,1
2026-06-02,P004,雪碧,饮料,15,3.5,2.2,0,270,供应商A,1,晴,25,正常,0,1
2026-06-02,P005,橙汁,饮料,9,5.0,3.2,0,180,供应商A,2,晴,25,正常,0,1
2026-06-02,P006,牛奶,乳品,14,3.5,2.4,1,7,供应商B,1,晴,25,正常,0,1
2026-06-02,P007,酸奶,乳品,8,5.0,3.3,0,14,供应商B,1,晴,25,正常,0,1
2026-06-02,P008,鸡蛋,生鲜,9,12.0,8.5,1,20,供应商B,1,晴,25,正常,0,1
2026-06-02,P009,大米5kg,粮油,3,35.0,28.0,1,365,供应商C,2,晴,25,正常,0,1
2026-06-02,P010,食用油5L,粮油,3,65.0,53.0,1,540,供应商C,2,晴,25,正常,0,1
2026-06-02,P011,挂面,粮油,8,8.0,5.5,1,365,供应商C,2,晴,25,正常,0,1
2026-06-02,P012,面粉2.5kg,粮油,5,18.0,14.0,1,365,供应商C,2,晴,25,正常,0,1
2026-06-02,P013,食盐,调味,6,2.5,1.4,1,730,供应商C,2,晴,25,正常,0,1
2026-06-02,P014,酱油,调味,4,8.0,5.6,1,540,供应商C,2,晴,25,正常,0,1
2026-06-02,P015,食醋,调味,4,6.0,4.0,1,540,供应商C,2,晴,25,正常,0,1
2026-06-02,P016,方便面红烧,方便食品,14,5.0,3.4,1,180,供应商D,1,晴,25,正常,0,1
2026-06-02,P017,方便面香辣,方便食品,10,5.0,3.4,0,180,供应商D,1,晴,25,正常,0,1
2026-06-02,P018,火腿肠,方便食品,13,3.0,1.9,0,180,供应商D,1,晴,25,正常,0,1
2026-06-02,P019,八宝粥,方便食品,5,6.0,4.1,0,365,供应商D,1,晴,25,正常,0,1
2026-06-02,P020,榨菜,方便食品,6,2.0,1.2,0,365,供应商D,1,晴,25,正常,0,1
2026-06-02,P021,面包,烘焙,14,6.0,3.8,0,5,供应商B,1,晴,25,正常,0,1
2026-06-02,P022,蛋糕,烘焙,5,8.0,5.2,0,4,供应商B,1,晴,25,正常,0,1
2026-06-02,P023,饼干,零食,8,7.0,4.4,0,270,供应商D,1,晴,25,正常,0,1
2026-06-02,P024,薯片,零食,9,6.0,3.8,0,180,供应商D,1,晴,25,正常,0,1
2026-06-02,P025,瓜子,零食,6,8.0,5.0,0,240,供应商D,1,晴,25,正常,0,1
2026-06-02,P026,花生,零食,4,7.0,4.3,0,240,供应商D,1,晴,25,正常,0,1
2026-06-02,P027,巧克力,零食,6,8.0,5.2,0,300,供应商D,2,晴,25,正常,0,1
2026-06-02,P028,棒棒糖,零食,10,1.0,0.5,0,365,供应商D,2,晴,25,正常,0,1
2026-06-02,P029,冰淇淋,冷饮,15,5.0,3.0,0,180,供应商A,1,晴,25,正常,0,1
2026-06-02,P030,雪糕,冷饮,15,3.0,1.7,0,180,供应商A,1,晴,25,正常,0,1
2026-06-02,P031,纸巾,日用品,8,5.0,3.2,1,1095,供应商E,2,晴,25,正常,0,1
2026-06-02,P032,卷纸,日用品,4,18.0,13.0,1,1095,供应商E,2,晴,25,正常,0,1
2026-06-02,P033,洗衣液,日用品,3,25.0,18.0,0,1095,供应商E,3,晴,25,正常,0,1
2026-06-02,P034,洗洁精,日用品,7,12.0,8.0,0,1095,供应商E,3,晴,25,正常,0,1
2026-06-02,P035,牙膏,日用品,4,12.0,8.5,0,1095,供应商E,3,晴,25,正常,0,1
2026-06-02,P036,牙刷,日用品,3,6.0,3.5,0,1095,供应商E,3,晴,25,正常,0,1
2026-06-02,P037,香皂,日用品,4,5.0,3.0,0,1095,供应商E,3,晴,25,正常,0,1
2026-06-02,P038,垃圾袋,日用品,2,8.0,5.0,0,1095,供应商E,3,晴,25,正常,0,1
2026-06-02,P039,电池,日用品,2,10.0,6.5,0,1095,供应商E,3,晴,25,正常,0,1
2026-06-02,P040,打火机,日用品,4,2.0,1.0,0,1095,供应商E,3,晴,25,正常,0,1
2026-06-02,P041,苹果,水果,7,8.0,5.0,0,10,供应商B,1,晴,25,正常,0,1
2026-06-02,P042,香蕉,水果,10,6.0,3.8,0,6,供应商B,1,晴,25,正常,0,1
2026-06-02,P043,橙子,水果,7,9.0,6.0,0,14,供应商B,1,晴,25,正常,0,1
2026-06-02,P044,西红柿,蔬菜,9,6.0,3.8,1,7,供应商B,1,晴,25,正常,0,1
2026-06-02,P045,土豆,蔬菜,6,5.0,3.0,1,30,供应商B,1,晴,25,正常,0,1
2026-06-02,P046,青菜,蔬菜,9,4.0,2.2,1,3,供应商B,1,晴,25,正常,0,1
2026-06-02,P047,火锅底料,调味,4,12.0,8.0,0,365,供应商C,2,晴,25,正常,0,1
2026-06-02,P048,速冻水饺,冷冻食品,4,18.0,12.5,0,180,供应商D,2,晴,25,正常,0,1
2026-06-02,P049,口罩10只,应急用品,3,10.0,6.0,1,1095,供应商E,3,晴,25,正常,0,1
2026-06-02,P050,创可贴,应急用品,4,5.0,2.8,1,1095,供应商E,3,晴,25,正常,0,1
2026-06-03,P001,矿泉水,饮料,23,2.0,1.1,1,365,供应商A,1,晴,25,正常,0,1
2026-06-03,P002,桶装水,饮料,6,8.0,5.2,1,365,供应商A,1,晴,25,正常,0,1
2026-06-03,P003,可乐,饮料,20,3.5,2.2,0,270,供应商A,1,晴,25,正常,0,1
2026-06-03,P004,雪碧,饮料,13,3.5,2.2,0,270,供应商A,1,晴,25,正常,0,1
2026-06-03,P005,橙汁,饮料,10,5.0,3.2,0,180,供应商A,2,晴,25,正常,0,1
2026-06-03,P006,牛奶,乳品,15,3.5,2.4,1,7,供应商B,1,晴,25,正常,0,1
2026-06-03,P007,酸奶,乳品,7,5.0,3.3,0,14,供应商B,1,晴,25,正常,0,1
2026-06-03,P008,鸡蛋,生鲜,10,12.0,8.5,1,20,供应商B,1,晴,25,正常,0,1
2026-06-03,P009,大米5kg,粮油,3,35.0,28.0,1,365,供应商C,2,晴,25,正常,0,1
2026-06-03,P010,食用油5L,粮油,2,65.0,53.0,1,540,供应商C,2,晴,25,正常,0,1
2026-06-03,P011,挂面,粮油,7,8.0,5.5,1,365,供应商C,2,晴,25,正常,0,1
2026-06-03,P012,面粉2.5kg,粮油,5,18.0,14.0,1,365,供应商C,2,晴,25,正常,0,1
2026-06-03,P013,食盐,调味,7,2.5,1.4,1,730,供应商C,2,晴,25,正常,0,1
2026-06-03,P014,酱油,调味,5,8.0,5.6,1,540,供应商C,2,晴,25,正常,0,1
2026-06-03,P015,食醋,调味,3,6.0,4.0,1,540,供应商C,2,晴,25,正常,0,1
2026-06-03,P016,方便面红烧,方便食品,10,5.0,3.4,1,180,供应商D,1,晴,25,正常,0,1
2026-06-03,P017,方便面香辣,方便食品,10,5.0,3.4,0,180,供应商D,1,晴,25,正常,0,1
2026-06-03,P018,火腿肠,方便食品,10,3.0,1.9,0,180,供应商D,1,晴,25,正常,0,1
2026-06-03,P019,八宝粥,方便食品,7,6.0,4.1,0,365,供应商D,1,晴,25,正常,0,1
2026-06-03,P020,榨菜,方便食品,9,2.0,1.2,0,365,供应商D,1,晴,25,正常,0,1
2026-06-03,P021,面包,烘焙,14,6.0,3.8,0,5,供应商B,1,晴,25,正常,0,1
2026-06-03,P022,蛋糕,烘焙,8,8.0,5.2,0,4,供应商B,1,晴,25,正常,0,1
2026-06-03,P023,饼干,零食,8,7.0,4.4,0,270,供应商D,1,晴,25,正常,0,1
2026-06-03,P024,薯片,零食,9,6.0,3.8,0,180,供应商D,1,晴,25,正常,0,1
2026-06-03,P025,瓜子,零食,6,8.0,5.0,0,240,供应商D,1,晴,25,正常,0,1
2026-06-03,P026,花生,零食,5,7.0,4.3,0,240,供应商D,1,晴,25,正常,0,1
2026-06-03,P027,巧克力,零食,6,8.0,5.2,0,300,供应商D,2,晴,25,正常,0,1
2026-06-03,P028,棒棒糖,零食,10,1.0,0.5,0,365,供应商D,2,晴,25,正常,0,1
2026-06-03,P029,冰淇淋,冷饮,12,5.0,3.0,0,180,供应商A,1,晴,25,正常,0,1
2026-06-03,P030,雪糕,冷饮,20,3.0,1.7,0,180,供应商A,1,晴,25,正常,0,1
2026-06-03,P031,纸巾,日用品,8,5.0,3.2,1,1095,供应商E,2,晴,25,正常,0,1
2026-06-03,P032,卷纸,日用品,3,18.0,13.0,1,1095,供应商E,2,晴,25,正常,0,1
2026-06-03,P033,洗衣液,日用品,3,25.0,18.0,0,1095,供应商E,3,晴,25,正常,0,1
2026-06-03,P034,洗洁精,日用品,4,12.0,8.0,0,1095,供应商E,3,晴,25,正常,0,1
2026-06-03,P035,牙膏,日用品,5,12.0,8.5,0,1095,供应商E,3,晴,25,正常,0,1
2026-06-03,P036,牙刷,日用品,4,6.0,3.5,0,1095,供应商E,3,晴,25,正常,0,1
2026-06-03,P037,香皂,日用品,5,5.0,3.0,0,1095,供应商E,3,晴,25,正常,0,1
2026-06-03,P038,垃圾袋,日用品,4,8.0,5.0,0,1095,供应商E,3,晴,25,正常,0,1
2026-06-03,P039,电池,日用品,1,10.0,6.5,0,1095,供应商E,3,晴,25,正常,0,1
2026-06-03,P040,打火机,日用品,3,2.0,1.0,0,1095,供应商E,3,晴,25,正常,0,1
2026-06-03,P041,苹果,水果,9,8.0,5.0,0,10,供应商B,1,晴,25,正常,0,1
2026-06-03,P042,香蕉,水果,11,6.0,3.8,0,6,供应商B,1,晴,25,正常,0,1
2026-06-03,P043,橙子,水果,6,9.0,6.0,0,14,供应商B,1,晴,25,正常,0,1
2026-06-03,P044,西红柿,蔬菜,10,6.0,3.8,1,7,供应商B,1,晴,25,正常,0,1
2026-06-03,P045,土豆,蔬菜,8,5.0,3.0,1,30,供应商B,1,晴,25,正常,0,1
2026-06-03,P046,青菜,蔬菜,11,4.0,2.2,1,3,供应商B,1,晴,25,正常,0,1
2026-06-03,P047,火锅底料,调味,3,12.0,8.0,0,365,供应商C,2,晴,25,正常,0,1
2026-06-03,P048,速冻水饺,冷冻食品,7,18.0,12.5,0,180,供应商D,2,晴,25,正常,0,1
2026-06-03,P049,口罩10只,应急用品,4,10.0,6.0,1,1095,供应商E,3,晴,25,正常,0,1
2026-06-03,P050,创可贴,应急用品,3,5.0,2.8,1,1095,供应商E,3,晴,25,正常,0,1
2026-06-04,P001,矿泉水,饮料,21,2.0,1.1,1,365,供应商A,1,晴,29,正常,0,1
2026-06-04,P002,桶装水,饮料,6,8.0,5.2,1,365,供应商A,1,晴,29,正常,0,1
2026-06-04,P003,可乐,饮料,12,3.5,2.2,0,270,供应商A,1,晴,29,正常,0,1
2026-06-04,P004,雪碧,饮料,14,3.5,2.2,0,270,供应商A,1,晴,29,正常,0,1
2026-06-04,P005,橙汁,饮料,7,5.0,3.2,0,180,供应商A,2,晴,29,正常,0,1
2026-06-04,P006,牛奶,乳品,15,3.5,2.4,1,7,供应商B,1,晴,29,正常,0,1
2026-06-04,P007,酸奶,乳品,8,5.0,3.3,0,14,供应商B,1,晴,29,正常,0,1
2026-06-04,P008,鸡蛋,生鲜,11,12.0,8.5,1,20,供应商B,1,晴,29,正常,0,1
2026-06-04,P009,大米5kg,粮油,3,35.0,28.0,1,365,供应商C,2,晴,29,正常,0,1
2026-06-04,P010,食用油5L,粮油,3,65.0,53.0,1,540,供应商C,2,晴,29,正常,0,1
2026-06-04,P011,挂面,粮油,9,8.0,5.5,1,365,供应商C,2,晴,29,正常,0,1
2026-06-04,P012,面粉2.5kg,粮油,6,18.0,14.0,1,365,供应商C,2,晴,29,正常,0,1
2026-06-04,P013,食盐,调味,5,2.5,1.4,1,730,供应商C,2,晴,29,正常,0,1
2026-06-04,P014,酱油,调味,5,8.0,5.6,1,540,供应商C,2,晴,29,正常,0,1
2026-06-04,P015,食醋,调味,5,6.0,4.0,1,540,供应商C,2,晴,29,正常,0,1
2026-06-04,P016,方便面红烧,方便食品,18,5.0,3.4,1,180,供应商D,1,晴,29,正常,0,1
2026-06-04,P017,方便面香辣,方便食品,9,5.0,3.4,0,180,供应商D,1,晴,29,正常,0,1
2026-06-04,P018,火腿肠,方便食品,10,3.0,1.9,0,180,供应商D,1,晴,29,正常,0,1
2026-06-04,P019,八宝粥,方便食品,5,6.0,4.1,0,365,供应商D,1,晴,29,正常,0,1
2026-06-04,P020,榨菜,方便食品,7,2.0,1.2,0,365,供应商D,1,晴,29,正常,0,1
2026-06-04,P021,面包,烘焙,16,6.0,3.8,0,5,供应商B,1,晴,29,正常,0,1
2026-06-04,P022,蛋糕,烘焙,7,8.0,5.2,0,4,供应商B,1,晴,29,正常,0,1
2026-06-04,P023,饼干,零食,6,7.0,4.4,0,270,供应商D,1,晴,29,正常,0,1
2026-06-04,P024,薯片,零食,11,6.0,3.8,0,180,供应商D,1,晴,29,正常,0,1
2026-06-04,P025,瓜子,零食,5,8.0,5.0,0,240,供应商D,1,晴,29,正常,0,1
2026-06-04,P026,花生,零食,5,7.0,4.3,0,240,供应商D,1,晴,29,正常,0,1
2026-06-04,P027,巧克力,零食,6,8.0,5.2,0,300,供应商D,2,晴,29,正常,0,1
2026-06-04,P028,棒棒糖,零食,9,1.0,0.5,0,365,供应商D,2,晴,29,正常,0,1
2026-06-04,P029,冰淇淋,冷饮,13,5.0,3.0,0,180,供应商A,1,晴,29,正常,0,1
2026-06-04,P030,雪糕,冷饮,15,3.0,1.7,0,180,供应商A,1,晴,29,正常,0,1
2026-06-04,P031,纸巾,日用品,8,5.0,3.2,1,1095,供应商E,2,晴,29,正常,0,1
2026-06-04,P032,卷纸,日用品,5,18.0,13.0,1,1095,供应商E,2,晴,29,正常,0,1
2026-06-04,P033,洗衣液,日用品,2,25.0,18.0,0,1095,供应商E,3,晴,29,正常,0,1
2026-06-04,P034,洗洁精,日用品,4,12.0,8.0,0,1095,供应商E,3,晴,29,正常,0,1
2026-06-04,P035,牙膏,日用品,4,12.0,8.5,0,1095,供应商E,3,晴,29,正常,0,1
2026-06-04,P036,牙刷,日用品,4,6.0,3.5,0,1095,供应商E,3,晴,29,正常,0,1
2026-06-04,P037,香皂,日用品,2,5.0,3.0,0,1095,供应商E,3,晴,29,正常,0,1
2026-06-04,P038,垃圾袋,日用品,5,8.0,5.0,0,1095,供应商E,3,晴,29,正常,0,1
2026-06-04,P039,电池,日用品,0,10.0,6.5,0,1095,供应商E,3,晴,29,正常,0,1
2026-06-04,P040,打火机,日用品,4,2.0,1.0,0,1095,供应商E,3,晴,29,正常,0,1
2026-06-04,P041,苹果,水果,7,8.0,5.0,0,10,供应商B,1,晴,29,正常,0,1
2026-06-04,P042,香蕉,水果,9,6.0,3.8,0,6,供应商B,1,晴,29,正常,0,1
2026-06-04,P043,橙子,水果,7,9.0,6.0,0,14,供应商B,1,晴,29,正常,0,1
2026-06-04,P044,西红柿,蔬菜,9,6.0,3.8,1,7,供应商B,1,晴,29,正常,0,1
2026-06-04,P045,土豆,蔬菜,6,5.0,3.0,1,30,供应商B,1,晴,29,正常,0,1
2026-06-04,P046,青菜,蔬菜,11,4.0,2.2,1,3,供应商B,1,晴,29,正常,0,1
2026-06-04,P047,火锅底料,调味,4,12.0,8.0,0,365,供应商C,2,晴,29,正常,0,1
2026-06-04,P048,速冻水饺,冷冻食品,3,18.0,12.5,0,180,供应商D,2,晴,29,正常,0,1
2026-06-04,P049,口罩10只,应急用品,5,10.0,6.0,1,1095,供应商E,3,晴,29,正常,0,1
2026-06-04,P050,创可贴,应急用品,1,5.0,2.8,1,1095,供应商E,3,晴,29,正常,0,1
2026-06-05,P001,矿泉水,饮料,26,2.0,1.1,1,365,供应商A,1,晴,25,正常,0,1
2026-06-05,P002,桶装水,饮料,6,8.0,5.2,1,365,供应商A,1,晴,25,正常,0,1
2026-06-05,P003,可乐,饮料,17,3.5,2.2,0,270,供应商A,1,晴,25,正常,0,1
2026-06-05,P004,雪碧,饮料,12,3.5,2.2,0,270,供应商A,1,晴,25,正常,0,1
2026-06-05,P005,橙汁,饮料,9,5.0,3.2,0,180,供应商A,2,晴,25,正常,0,1
2026-06-05,P006,牛奶,乳品,11,3.5,2.4,1,7,供应商B,1,晴,25,正常,0,1
2026-06-05,P007,酸奶,乳品,9,5.0,3.3,0,14,供应商B,1,晴,25,正常,0,1
2026-06-05,P008,鸡蛋,生鲜,11,12.0,8.5,1,20,供应商B,1,晴,25,正常,0,1
2026-06-05,P009,大米5kg,粮油,3,35.0,28.0,1,365,供应商C,2,晴,25,正常,0,1
2026-06-05,P010,食用油5L,粮油,4,65.0,53.0,1,540,供应商C,2,晴,25,正常,0,1
2026-06-05,P011,挂面,粮油,8,8.0,5.5,1,365,供应商C,2,晴,25,正常,0,1
2026-06-05,P012,面粉2.5kg,粮油,4,18.0,14.0,1,365,供应商C,2,晴,25,正常,0,1
2026-06-05,P013,食盐,调味,6,2.5,1.4,1,730,供应商C,2,晴,25,正常,0,1
2026-06-05,P014,酱油,调味,5,8.0,5.6,1,540,供应商C,2,晴,25,正常,0,1
2026-06-05,P015,食醋,调味,3,6.0,4.0,1,540,供应商C,2,晴,25,正常,0,1
2026-06-05,P016,方便面红烧,方便食品,14,5.0,3.4,1,180,供应商D,1,晴,25,正常,0,1
2026-06-05,P017,方便面香辣,方便食品,10,5.0,3.4,0,180,供应商D,1,晴,25,正常,0,1
2026-06-05,P018,火腿肠,方便食品,9,3.0,1.9,0,180,供应商D,1,晴,25,正常,0,1
2026-06-05,P019,八宝粥,方便食品,8,6.0,4.1,0,365,供应商D,1,晴,25,正常,0,1
2026-06-05,P020,榨菜,方便食品,6,2.0,1.2,0,365,供应商D,1,晴,25,正常,0,1
2026-06-05,P021,面包,烘焙,9,6.0,3.8,0,5,供应商B,1,晴,25,正常,0,1
2026-06-05,P022,蛋糕,烘焙,5,8.0,5.2,0,4,供应商B,1,晴,25,正常,0,1
2026-06-05,P023,饼干,零食,10,7.0,4.4,0,270,供应商D,1,晴,25,正常,0,1
2026-06-05,P024,薯片,零食,9,6.0,3.8,0,180,供应商D,1,晴,25,正常,0,1
2026-06-05,P025,瓜子,零食,6,8.0,5.0,0,240,供应商D,1,晴,25,正常,0,1
2026-06-05,P026,花生,零食,7,7.0,4.3,0,240,供应商D,1,晴,25,正常,0,1
2026-06-05,P027,巧克力,零食,3,8.0,5.2,0,300,供应商D,2,晴,25,正常,0,1
2026-06-05,P028,棒棒糖,零食,7,1.0,0.5,0,365,供应商D,2,晴,25,正常,0,1
2026-06-05,P029,冰淇淋,冷饮,18,5.0,3.0,0,180,供应商A,1,晴,25,正常,0,1
2026-06-05,P030,雪糕,冷饮,18,3.0,1.7,0,180,供应商A,1,晴,25,正常,0,1
2026-06-05,P031,纸巾,日用品,7,5.0,3.2,1,1095,供应商E,2,晴,25,正常,0,1
2026-06-05,P032,卷纸,日用品,4,18.0,13.0,1,1095,供应商E,2,晴,25,正常,0,1
2026-06-05,P033,洗衣液,日用品,2,25.0,18.0,0,1095,供应商E,3,晴,25,正常,0,1
2026-06-05,P034,洗洁精,日用品,3,12.0,8.0,0,1095,供应商E,3,晴,25,正常,0,1
2026-06-05,P035,牙膏,日用品,5,12.0,8.5,0,1095,供应商E,3,晴,25,正常,0,1
2026-06-05,P036,牙刷,日用品,3,6.0,3.5,0,1095,供应商E,3,晴,25,正常,0,1
2026-06-05,P037,香皂,日用品,5,5.0,3.0,0,1095,供应商E,3,晴,25,正常,0,1
2026-06-05,P038,垃圾袋,日用品,4,8.0,5.0,0,1095,供应商E,3,晴,25,正常,0,1
2026-06-05,P039,电池,日用品,2,10.0,6.5,0,1095,供应商E,3,晴,25,正常,0,1
2026-06-05,P040,打火机,日用品,4,2.0,1.0,0,1095,供应商E,3,晴,25,正常,0,1
2026-06-05,P041,苹果,水果,5,8.0,5.0,0,10,供应商B,1,晴,25,正常,0,1
2026-06-05,P042,香蕉,水果,9,6.0,3.8,0,6,供应商B,1,晴,25,正常,0,1
2026-06-05,P043,橙子,水果,6,9.0,6.0,0,14,供应商B,1,晴,25,正常,0,1
2026-06-05,P044,西红柿,蔬菜,9,6.0,3.8,1,7,供应商B,1,晴,25,正常,0,1
2026-06-05,P045,土豆,蔬菜,5,5.0,3.0,1,30,供应商B,1,晴,25,正常,0,1
2026-06-05,P046,青菜,蔬菜,12,4.0,2.2,1,3,供应商B,1,晴,25,正常,0,1
2026-06-05,P047,火锅底料,调味,5,12.0,8.0,0,365,供应商C,2,晴,25,正常,0,1
2026-06-05,P048,速冻水饺,冷冻食品,7,18.0,12.5,0,180,供应商D,2,晴,25,正常,0,1
2026-06-05,P049,口罩10只,应急用品,3,10.0,6.0,1,1095,供应商E,3,晴,25,正常,0,1
2026-06-05,P050,创可贴,应急用品,4,5.0,2.8,1,1095,供应商E,3,晴,25,正常,0,1
2026-06-06,P001,矿泉水,饮料,20,2.0,1.1,1,365,供应商A,1,晴,27,正常,1,1
2026-06-06,P002,桶装水,饮料,7,8.0,5.2,1,365,供应商A,1,晴,27,正常,1,1
2026-06-06,P003,可乐,饮料,15,3.5,2.2,0,270,供应商A,1,晴,27,正常,1,1
2026-06-06,P004,雪碧,饮料,11,3.5,2.2,0,270,供应商A,1,晴,27,正常,1,1
2026-06-06,P005,橙汁,饮料,7,5.0,3.2,0,180,供应商A,2,晴,27,正常,1,1
2026-06-06,P006,牛奶,乳品,15,3.5,2.4,1,7,供应商B,1,晴,27,正常,1,1
2026-06-06,P007,酸奶,乳品,9,5.0,3.3,0,14,供应商B,1,晴,27,正常,1,1
2026-06-06,P008,鸡蛋,生鲜,14,12.0,8.5,1,20,供应商B,1,晴,27,正常,1,1
2026-06-06,P009,大米5kg,粮油,2,35.0,28.0,1,365,供应商C,2,晴,27,正常,1,1
2026-06-06,P010,食用油5L,粮油,1,65.0,53.0,1,540,供应商C,2,晴,27,正常,1,1
2026-06-06,P011,挂面,粮油,9,8.0,5.5,1,365,供应商C,2,晴,27,正常,1,1
2026-06-06,P012,面粉2.5kg,粮油,5,18.0,14.0,1,365,供应商C,2,晴,27,正常,1,1
2026-06-06,P013,食盐,调味,4,2.5,1.4,1,730,供应商C,2,晴,27,正常,1,1
2026-06-06,P014,酱油,调味,5,8.0,5.6,1,540,供应商C,2,晴,27,正常,1,1
2026-06-06,P015,食醋,调味,6,6.0,4.0,1,540,供应商C,2,晴,27,正常,1,1
2026-06-06,P016,方便面红烧,方便食品,18,5.0,3.4,1,180,供应商D,1,晴,27,正常,1,1
2026-06-06,P017,方便面香辣,方便食品,11,5.0,3.4,0,180,供应商D,1,晴,27,正常,1,1
2026-06-06,P018,火腿肠,方便食品,13,3.0,1.9,0,180,供应商D,1,晴,27,正常,1,1
2026-06-06,P019,八宝粥,方便食品,7,6.0,4.1,0,365,供应商D,1,晴,27,正常,1,1
2026-06-06,P020,榨菜,方便食品,7,2.0,1.2,0,365,供应商D,1,晴,27,正常,1,1
2026-06-06,P021,面包,烘焙,13,6.0,3.8,0,5,供应商B,1,晴,27,正常,1,1
2026-06-06,P022,蛋糕,烘焙,7,8.0,5.2,0,4,供应商B,1,晴,27,正常,1,1
2026-06-06,P023,饼干,零食,9,7.0,4.4,0,270,供应商D,1,晴,27,正常,1,1
2026-06-06,P024,薯片,零食,11,6.0,3.8,0,180,供应商D,1,晴,27,正常,1,1
2026-06-06,P025,瓜子,零食,7,8.0,5.0,0,240,供应商D,1,晴,27,正常,1,1
2026-06-06,P026,花生,零食,5,7.0,4.3,0,240,供应商D,1,晴,27,正常,1,1
2026-06-06,P027,巧克力,零食,6,8.0,5.2,0,300,供应商D,2,晴,27,正常,1,1
2026-06-06,P028,棒棒糖,零食,8,1.0,0.5,0,365,供应商D,2,晴,27,正常,1,1
2026-06-06,P029,冰淇淋,冷饮,15,5.0,3.0,0,180,供应商A,1,晴,27,正常,1,1
2026-06-06,P030,雪糕,冷饮,18,3.0,1.7,0,180,供应商A,1,晴,27,正常,1,1
2026-06-06,P031,纸巾,日用品,9,5.0,3.2,1,1095,供应商E,2,晴,27,正常,1,1
2026-06-06,P032,卷纸,日用品,3,18.0,13.0,1,1095,供应商E,2,晴,27,正常,1,1
2026-06-06,P033,洗衣液,日用品,4,25.0,18.0,0,1095,供应商E,3,晴,27,正常,1,1
2026-06-06,P034,洗洁精,日用品,4,12.0,8.0,0,1095,供应商E,3,晴,27,正常,1,1
2026-06-06,P035,牙膏,日用品,6,12.0,8.5,0,1095,供应商E,3,晴,27,正常,1,1
2026-06-06,P036,牙刷,日用品,4,6.0,3.5,0,1095,供应商E,3,晴,27,正常,1,1
2026-06-06,P037,香皂,日用品,4,5.0,3.0,0,1095,供应商E,3,晴,27,正常,1,1
2026-06-06,P038,垃圾袋,日用品,7,8.0,5.0,0,1095,供应商E,3,晴,27,正常,1,1
2026-06-06,P039,电池,日用品,3,10.0,6.5,0,1095,供应商E,3,晴,27,正常,1,1
2026-06-06,P040,打火机,日用品,7,2.0,1.0,0,1095,供应商E,3,晴,27,正常,1,1
2026-06-06,P041,苹果,水果,9,8.0,5.0,0,10,供应商B,1,晴,27,正常,1,1
2026-06-06,P042,香蕉,水果,11,6.0,3.8,0,6,供应商B,1,晴,27,正常,1,1
2026-06-06,P043,橙子,水果,7,9.0,6.0,0,14,供应商B,1,晴,27,正常,1,1
2026-06-06,P044,西红柿,蔬菜,10,6.0,3.8,1,7,供应商B,1,晴,27,正常,1,1
2026-06-06,P045,土豆,蔬菜,7,5.0,3.0,1,30,供应商B,1,晴,27,正常,1,1
2026-06-06,P046,青菜,蔬菜,9,4.0,2.2,1,3,供应商B,1,晴,27,正常,1,1
2026-06-06,P047,火锅底料,调味,4,12.0,8.0,0,365,供应商C,2,晴,27,正常,1,1
2026-06-06,P048,速冻水饺,冷冻食品,6,18.0,12.5,0,180,供应商D,2,晴,27,正常,1,1
2026-06-06,P049,口罩10只,应急用品,3,10.0,6.0,1,1095,供应商E,3,晴,27,正常,1,1
2026-06-06,P050,创可贴,应急用品,4,5.0,2.8,1,1095,供应商E,3,晴,27,正常,1,1
2026-06-07,P001,矿泉水,饮料,43,2.0,1.1,1,365,供应商A,1,晴,31,节假日,1,1
2026-06-07,P002,桶装水,饮料,8,8.0,5.2,1,365,供应商A,1,晴,31,节假日,1,1
2026-06-07,P003,可乐,饮料,21,3.5,2.2,0,270,供应商A,1,晴,31,节假日,1,1
2026-06-07,P004,雪碧,饮料,15,3.5,2.2,0,270,供应商A,1,晴,31,节假日,1,1
2026-06-07,P005,橙汁,饮料,16,5.0,3.2,0,180,供应商A,2,晴,31,节假日,1,1
2026-06-07,P006,牛奶,乳品,16,3.5,2.4,1,7,供应商B,1,晴,31,节假日,1,1
2026-06-07,P007,酸奶,乳品,11,5.0,3.3,0,14,供应商B,1,晴,31,节假日,1,1
2026-06-07,P008,鸡蛋,生鲜,10,12.0,8.5,1,20,供应商B,1,晴,31,节假日,1,1
2026-06-07,P009,大米5kg,粮油,6,35.0,28.0,1,365,供应商C,2,晴,31,节假日,1,1
2026-06-07,P010,食用油5L,粮油,5,65.0,53.0,1,540,供应商C,2,晴,31,节假日,1,1
2026-06-07,P011,挂面,粮油,10,8.0,5.5,1,365,供应商C,2,晴,31,节假日,1,1
2026-06-07,P012,面粉2.5kg,粮油,7,18.0,14.0,1,365,供应商C,2,晴,31,节假日,1,1
2026-06-07,P013,食盐,调味,8,2.5,1.4,1,730,供应商C,2,晴,31,节假日,1,1
2026-06-07,P014,酱油,调味,4,8.0,5.6,1,540,供应商C,2,晴,31,节假日,1,1
2026-06-07,P015,食醋,调味,3,6.0,4.0,1,540,供应商C,2,晴,31,节假日,1,1
2026-06-07,P016,方便面红烧,方便食品,14,5.0,3.4,1,180,供应商D,1,晴,31,节假日,1,1
2026-06-07,P017,方便面香辣,方便食品,14,5.0,3.4,0,180,供应商D,1,晴,31,节假日,1,1
2026-06-07,P018,火腿肠,方便食品,13,3.0,1.9,0,180,供应商D,1,晴,31,节假日,1,1
2026-06-07,P019,八宝粥,方便食品,8,6.0,4.1,0,365,供应商D,1,晴,31,节假日,1,1
2026-06-07,P020,榨菜,方便食品,7,2.0,1.2,0,365,供应商D,1,晴,31,节假日,1,1
2026-06-07,P021,面包,烘焙,11,6.0,3.8,0,5,供应商B,1,晴,31,节假日,1,1
2026-06-07,P022,蛋糕,烘焙,9,8.0,5.2,0,4,供应商B,1,晴,31,节假日,1,1
2026-06-07,P023,饼干,零食,13,7.0,4.4,0,270,供应商D,1,晴,31,节假日,1,1
2026-06-07,P024,薯片,零食,14,6.0,3.8,0,180,供应商D,1,晴,31,节假日,1,1
2026-06-07,P025,瓜子,零食,10,8.0,5.0,0,240,供应商D,1,晴,31,节假日,1,1
2026-06-07,P026,花生,零食,9,7.0,4.3,0,240,供应商D,1,晴,31,节假日,1,1
2026-06-07,P027,巧克力,零食,7,8.0,5.2,0,300,供应商D,2,晴,31,节假日,1,1
2026-06-07,P028,棒棒糖,零食,13,1.0,0.5,0,365,供应商D,2,晴,31,节假日,1,1
2026-06-07,P029,冰淇淋,冷饮,17,5.0,3.0,0,180,供应商A,1,晴,31,节假日,1,1
2026-06-07,P030,雪糕,冷饮,24,3.0,1.7,0,180,供应商A,1,晴,31,节假日,1,1
2026-06-07,P031,纸巾,日用品,10,5.0,3.2,1,1095,供应商E,2,晴,31,节假日,1,1
2026-06-07,P032,卷纸,日用品,6,18.0,13.0,1,1095,供应商E,2,晴,31,节假日,1,1
2026-06-07,P033,洗衣液,日用品,3,25.0,18.0,0,1095,供应商E,3,晴,31,节假日,1,1
2026-06-07,P034,洗洁精,日用品,4,12.0,8.0,0,1095,供应商E,3,晴,31,节假日,1,1
2026-06-07,P035,牙膏,日用品,5,12.0,8.5,0,1095,供应商E,3,晴,31,节假日,1,1
2026-06-07,P036,牙刷,日用品,5,6.0,3.5,0,1095,供应商E,3,晴,31,节假日,1,1
2026-06-07,P037,香皂,日用品,3,5.0,3.0,0,1095,供应商E,3,晴,31,节假日,1,1
2026-06-07,P038,垃圾袋,日用品,4,8.0,5.0,0,1095,供应商E,3,晴,31,节假日,1,1
2026-06-07,P039,电池,日用品,3,10.0,6.5,0,1095,供应商E,3,晴,31,节假日,1,1
2026-06-07,P040,打火机,日用品,5,2.0,1.0,0,1095,供应商E,3,晴,31,节假日,1,1
2026-06-07,P041,苹果,水果,15,8.0,5.0,0,10,供应商B,1,晴,31,节假日,1,1
2026-06-07,P042,香蕉,水果,14,6.0,3.8,0,6,供应商B,1,晴,31,节假日,1,1
2026-06-07,P043,橙子,水果,11,9.0,6.0,0,14,供应商B,1,晴,31,节假日,1,1
2026-06-07,P044,西红柿,蔬菜,9,6.0,3.8,1,7,供应商B,1,晴,31,节假日,1,1
2026-06-07,P045,土豆,蔬菜,8,5.0,3.0,1,30,供应商B,1,晴,31,节假日,1,1
2026-06-07,P046,青菜,蔬菜,9,4.0,2.2,1,3,供应商B,1,晴,31,节假日,1,1
2026-06-07,P047,火锅底料,调味,4,12.0,8.0,0,365,供应商C,2,晴,31,节假日,1,1
2026-06-07,P048,速冻水饺,冷冻食品,6,18.0,12.5,0,180,供应商D,2,晴,31,节假日,1,1
2026-06-07,P049,口罩10只,应急用品,2,10.0,6.0,1,1095,供应商E,3,晴,31,节假日,1,1
2026-06-07,P050,创可贴,应急用品,3,5.0,2.8,1,1095,供应商E,3,晴,31,节假日,1,1
2026-06-08,P001,矿泉水,饮料,31,2.0,1.1,1,365,供应商A,1,晴,26,节假日,0,1
2026-06-08,P002,桶装水,饮料,9,8.0,5.2,1,365,供应商A,1,晴,26,节假日,0,1
2026-06-08,P003,可乐,饮料,23,3.5,2.2,0,270,供应商A,1,晴,26,节假日,0,1
2026-06-08,P004,雪碧,饮料,16,3.5,2.2,0,270,供应商A,1,晴,26,节假日,0,1
2026-06-08,P005,橙汁,饮料,12,5.0,3.2,0,180,供应商A,2,晴,26,节假日,0,1
2026-06-08,P006,牛奶,乳品,14,3.5,2.4,1,7,供应商B,1,晴,26,节假日,0,1
2026-06-08,P007,酸奶,乳品,5,5.0,3.3,0,14,供应商B,1,晴,26,节假日,0,1
2026-06-08,P008,鸡蛋,生鲜,11,12.0,8.5,1,20,供应商B,1,晴,26,节假日,0,1
2026-06-08,P009,大米5kg,粮油,7,35.0,28.0,1,365,供应商C,2,晴,26,节假日,0,1
2026-06-08,P010,食用油5L,粮油,2,65.0,53.0,1,540,供应商C,2,晴,26,节假日,0,1
2026-06-08,P011,挂面,粮油,10,8.0,5.5,1,365,供应商C,2,晴,26,节假日,0,1
2026-06-08,P012,面粉2.5kg,粮油,7,18.0,14.0,1,365,供应商C,2,晴,26,节假日,0,1
2026-06-08,P013,食盐,调味,4,2.5,1.4,1,730,供应商C,2,晴,26,节假日,0,1
2026-06-08,P014,酱油,调味,5,8.0,5.6,1,540,供应商C,2,晴,26,节假日,0,1
2026-06-08,P015,食醋,调味,2,6.0,4.0,1,540,供应商C,2,晴,26,节假日,0,1
2026-06-08,P016,方便面红烧,方便食品,19,5.0,3.4,1,180,供应商D,1,晴,26,节假日,0,1
2026-06-08,P017,方便面香辣,方便食品,10,5.0,3.4,0,180,供应商D,1,晴,26,节假日,0,1
2026-06-08,P018,火腿肠,方便食品,10,3.0,1.9,0,180,供应商D,1,晴,26,节假日,0,1
2026-06-08,P019,八宝粥,方便食品,9,6.0,4.1,0,365,供应商D,1,晴,26,节假日,0,1
2026-06-08,P020,榨菜,方便食品,7,2.0,1.2,0,365,供应商D,1,晴,26,节假日,0,1
2026-06-08,P021,面包,烘焙,10,6.0,3.8,0,5,供应商B,1,晴,26,节假日,0,1
2026-06-08,P022,蛋糕,烘焙,6,8.0,5.2,0,4,供应商B,1,晴,26,节假日,0,1
2026-06-08,P023,饼干,零食,13,7.0,4.4,0,270,供应商D,1,晴,26,节假日,0,1
2026-06-08,P024,薯片,零食,12,6.0,3.8,0,180,供应商D,1,晴,26,节假日,0,1
2026-06-08,P025,瓜子,零食,5,8.0,5.0,0,240,供应商D,1,晴,26,节假日,0,1
2026-06-08,P026,花生,零食,8,7.0,4.3,0,240,供应商D,1,晴,26,节假日,0,1
2026-06-08,P027,巧克力,零食,5,8.0,5.2,0,300,供应商D,2,晴,26,节假日,0,1
2026-06-08,P028,棒棒糖,零食,15,1.0,0.5,0,365,供应商D,2,晴,26,节假日,0,1
2026-06-08,P029,冰淇淋,冷饮,14,5.0,3.0,0,180,供应商A,1,晴,26,节假日,0,1
2026-06-08,P030,雪糕,冷饮,15,3.0,1.7,0,180,供应商A,1,晴,26,节假日,0,1
2026-06-08,P031,纸巾,日用品,7,5.0,3.2,1,1095,供应商E,2,晴,26,节假日,0,1
2026-06-08,P032,卷纸,日用品,3,18.0,13.0,1,1095,供应商E,2,晴,26,节假日,0,1
2026-06-08,P033,洗衣液,日用品,2,25.0,18.0,0,1095,供应商E,3,晴,26,节假日,0,1
2026-06-08,P034,洗洁精,日用品,5,12.0,8.0,0,1095,供应商E,3,晴,26,节假日,0,1
2026-06-08,P035,牙膏,日用品,7,12.0,8.5,0,1095,供应商E,3,晴,26,节假日,0,1
2026-06-08,P036,牙刷,日用品,5,6.0,3.5,0,1095,供应商E,3,晴,26,节假日,0,1
2026-06-08,P037,香皂,日用品,4,5.0,3.0,0,1095,供应商E,3,晴,26,节假日,0,1
2026-06-08,P038,垃圾袋,日用品,3,8.0,5.0,0,1095,供应商E,3,晴,26,节假日,0,1
2026-06-08,P039,电池,日用品,2,10.0,6.5,0,1095,供应商E,3,晴,26,节假日,0,1
2026-06-08,P040,打火机,日用品,7,2.0,1.0,0,1095,供应商E,3,晴,26,节假日,0,1
2026-06-08,P041,苹果,水果,10,8.0,5.0,0,10,供应商B,1,晴,26,节假日,0,1
2026-06-08,P042,香蕉,水果,16,6.0,3.8,0,6,供应商B,1,晴,26,节假日,0,1
2026-06-08,P043,橙子,水果,10,9.0,6.0,0,14,供应商B,1,晴,26,节假日,0,1
2026-06-08,P044,西红柿,蔬菜,6,6.0,3.8,1,7,供应商B,1,晴,26,节假日,0,1
2026-06-08,P045,土豆,蔬菜,6,5.0,3.0,1,30,供应商B,1,晴,26,节假日,0,1
2026-06-08,P046,青菜,蔬菜,9,4.0,2.2,1,3,供应商B,1,晴,26,节假日,0,1
2026-06-08,P047,火锅底料,调味,4,12.0,8.0,0,365,供应商C,2,晴,26,节假日,0,1
2026-06-08,P048,速冻水饺,冷冻食品,5,18.0,12.5,0,180,供应商D,2,晴,26,节假日,0,1
2026-06-08,P049,口罩10只,应急用品,7,10.0,6.0,1,1095,供应商E,3,晴,26,节假日,0,1
2026-06-08,P050,创可贴,应急用品,2,5.0,2.8,1,1095,供应商E,3,晴,26,节假日,0,1
2026-06-09,P001,矿泉水,饮料,34,2.0,1.1,1,365,供应商A,1,晴,29,节假日,0,1
2026-06-09,P002,桶装水,饮料,9,8.0,5.2,1,365,供应商A,1,晴,29,节假日,0,1
2026-06-09,P003,可乐,饮料,22,3.5,2.2,0,270,供应商A,1,晴,29,节假日,0,1
2026-06-09,P004,雪碧,饮料,18,3.5,2.2,0,270,供应商A,1,晴,29,节假日,0,1
2026-06-09,P005,橙汁,饮料,9,5.0,3.2,0,180,供应商A,2,晴,29,节假日,0,1
2026-06-09,P006,牛奶,乳品,14,3.5,2.4,1,7,供应商B,1,晴,29,节假日,0,1
2026-06-09,P007,酸奶,乳品,10,5.0,3.3,0,14,供应商B,1,晴,29,节假日,0,1
2026-06-09,P008,鸡蛋,生鲜,13,12.0,8.5,1,20,供应商B,1,晴,29,节假日,0,1
2026-06-09,P009,大米5kg,粮油,6,35.0,28.0,1,365,供应商C,2,晴,29,节假日,0,1
2026-06-09,P010,食用油5L,粮油,6,65.0,53.0,1,540,供应商C,2,晴,29,节假日,0,1
2026-06-09,P011,挂面,粮油,11,8.0,5.5,1,365,供应商C,2,晴,29,节假日,0,1
2026-06-09,P012,面粉2.5kg,粮油,5,18.0,14.0,1,365,供应商C,2,晴,29,节假日,0,1
2026-06-09,P013,食盐,调味,4,2.5,1.4,1,730,供应商C,2,晴,29,节假日,0,1
2026-06-09,P014,酱油,调味,4,8.0,5.6,1,540,供应商C,2,晴,29,节假日,0,1
2026-06-09,P015,食醋,调味,4,6.0,4.0,1,540,供应商C,2,晴,29,节假日,0,1
2026-06-09,P016,方便面红烧,方便食品,16,5.0,3.4,1,180,供应商D,1,晴,29,节假日,0,1
2026-06-09,P017,方便面香辣,方便食品,9,5.0,3.4,0,180,供应商D,1,晴,29,节假日,0,1
2026-06-09,P018,火腿肠,方便食品,9,3.0,1.9,0,180,供应商D,1,晴,29,节假日,0,1
2026-06-09,P019,八宝粥,方便食品,6,6.0,4.1,0,365,供应商D,1,晴,29,节假日,0,1
2026-06-09,P020,榨菜,方便食品,4,2.0,1.2,0,365,供应商D,1,晴,29,节假日,0,1
2026-06-09,P021,面包,烘焙,12,6.0,3.8,0,5,供应商B,1,晴,29,节假日,0,1
2026-06-09,P022,蛋糕,烘焙,5,8.0,5.2,0,4,供应商B,1,晴,29,节假日,0,1
2026-06-09,P023,饼干,零食,10,7.0,4.4,0,270,供应商D,1,晴,29,节假日,0,1
2026-06-09,P024,薯片,零食,13,6.0,3.8,0,180,供应商D,1,晴,29,节假日,0,1
2026-06-09,P025,瓜子,零食,6,8.0,5.0,0,240,供应商D,1,晴,29,节假日,0,1
2026-06-09,P026,花生,零食,9,7.0,4.3,0,240,供应商D,1,晴,29,节假日,0,1
2026-06-09,P027,巧克力,零食,8,8.0,5.2,0,300,供应商D,2,晴,29,节假日,0,1
2026-06-09,P028,棒棒糖,零食,11,1.0,0.5,0,365,供应商D,2,晴,29,节假日,0,1
2026-06-09,P029,冰淇淋,冷饮,13,5.0,3.0,0,180,供应商A,1,晴,29,节假日,0,1
2026-06-09,P030,雪糕,冷饮,18,3.0,1.7,0,180,供应商A,1,晴,29,节假日,0,1
2026-06-09,P031,纸巾,日用品,7,5.0,3.2,1,1095,供应商E,2,晴,29,节假日,0,1
2026-06-09,P032,卷纸,日用品,4,18.0,13.0,1,1095,供应商E,2,晴,29,节假日,0,1
2026-06-09,P033,洗衣液,日用品,4,25.0,18.0,0,1095,供应商E,3,晴,29,节假日,0,1
2026-06-09,P034,洗洁精,日用品,5,12.0,8.0,0,1095,供应商E,3,晴,29,节假日,0,1
2026-06-09,P035,牙膏,日用品,5,12.0,8.5,0,1095,供应商E,3,晴,29,节假日,0,1
2026-06-09,P036,牙刷,日用品,5,6.0,3.5,0,1095,供应商E,3,晴,29,节假日,0,1
2026-06-09,P037,香皂,日用品,2,5.0,3.0,0,1095,供应商E,3,晴,29,节假日,0,1
2026-06-09,P038,垃圾袋,日用品,6,8.0,5.0,0,1095,供应商E,3,晴,29,节假日,0,1
2026-06-09,P039,电池,日用品,3,10.0,6.5,0,1095,供应商E,3,晴,29,节假日,0,1
2026-06-09,P040,打火机,日用品,6,2.0,1.0,0,1095,供应商E,3,晴,29,节假日,0,1
2026-06-09,P041,苹果,水果,11,8.0,5.0,0,10,供应商B,1,晴,29,节假日,0,1
2026-06-09,P042,香蕉,水果,12,6.0,3.8,0,6,供应商B,1,晴,29,节假日,0,1
2026-06-09,P043,橙子,水果,8,9.0,6.0,0,14,供应商B,1,晴,29,节假日,0,1
2026-06-09,P044,西红柿,蔬菜,8,6.0,3.8,1,7,供应商B,1,晴,29,节假日,0,1
2026-06-09,P045,土豆,蔬菜,7,5.0,3.0,1,30,供应商B,1,晴,29,节假日,0,1
2026-06-09,P046,青菜,蔬菜,11,4.0,2.2,1,3,供应商B,1,晴,29,节假日,0,1
2026-06-09,P047,火锅底料,调味,2,12.0,8.0,0,365,供应商C,2,晴,29,节假日,0,1
2026-06-09,P048,速冻水饺,冷冻食品,4,18.0,12.5,0,180,供应商D,2,晴,29,节假日,0,1
2026-06-09,P049,口罩10只,应急用品,5,10.0,6.0,1,1095,供应商E,3,晴,29,节假日,0,1
2026-06-09,P050,创可贴,应急用品,2,5.0,2.8,1,1095,供应商E,3,晴,29,节假日,0,1
2026-06-10,P001,矿泉水,饮料,23,2.0,1.1,1,365,供应商A,1,晴,24,正常,0,1
2026-06-10,P002,桶装水,饮料,5,8.0,5.2,1,365,供应商A,1,晴,24,正常,0,1
2026-06-10,P003,可乐,饮料,17,3.5,2.2,0,270,供应商A,1,晴,24,正常,0,1
2026-06-10,P004,雪碧,饮料,11,3.5,2.2,0,270,供应商A,1,晴,24,正常,0,1
2026-06-10,P005,橙汁,饮料,8,5.0,3.2,0,180,供应商A,2,晴,24,正常,0,1
2026-06-10,P006,牛奶,乳品,16,3.5,2.4,1,7,供应商B,1,晴,24,正常,0,1
2026-06-10,P007,酸奶,乳品,8,5.0,3.3,0,14,供应商B,1,晴,24,正常,0,1
2026-06-10,P008,鸡蛋,生鲜,14,12.0,8.5,1,20,供应商B,1,晴,24,正常,0,1
2026-06-10,P009,大米5kg,粮油,5,35.0,28.0,1,365,供应商C,2,晴,24,正常,0,1
2026-06-10,P010,食用油5L,粮油,4,65.0,53.0,1,540,供应商C,2,晴,24,正常,0,1
2026-06-10,P011,挂面,粮油,7,8.0,5.5,1,365,供应商C,2,晴,24,正常,0,1
2026-06-10,P012,面粉2.5kg,粮油,8,18.0,14.0,1,365,供应商C,2,晴,24,正常,0,1
2026-06-10,P013,食盐,调味,6,2.5,1.4,1,730,供应商C,2,晴,24,正常,0,1
2026-06-10,P014,酱油,调味,5,8.0,5.6,1,540,供应商C,2,晴,24,正常,0,1
2026-06-10,P015,食醋,调味,3,6.0,4.0,1,540,供应商C,2,晴,24,正常,0,1
2026-06-10,P016,方便面红烧,方便食品,15,5.0,3.4,1,180,供应商D,1,晴,24,正常,0,1
2026-06-10,P017,方便面香辣,方便食品,12,5.0,3.4,0,180,供应商D,1,晴,24,正常,0,1
2026-06-10,P018,火腿肠,方便食品,13,3.0,1.9,0,180,供应商D,1,晴,24,正常,0,1
2026-06-10,P019,八宝粥,方便食品,9,6.0,4.1,0,365,供应商D,1,晴,24,正常,0,1
2026-06-10,P020,榨菜,方便食品,7,2.0,1.2,0,365,供应商D,1,晴,24,正常,0,1
2026-06-10,P021,面包,烘焙,10,6.0,3.8,0,5,供应商B,1,晴,24,正常,0,1
2026-06-10,P022,蛋糕,烘焙,8,8.0,5.2,0,4,供应商B,1,晴,24,正常,0,1
2026-06-10,P023,饼干,零食,7,7.0,4.4,0,270,供应商D,1,晴,24,正常,0,1
2026-06-10,P024,薯片,零食,8,6.0,3.8,0,180,供应商D,1,晴,24,正常,0,1
2026-06-10,P025,瓜子,零食,6,8.0,5.0,0,240,供应商D,1,晴,24,正常,0,1
2026-06-10,P026,花生,零食,7,7.0,4.3,0,240,供应商D,1,晴,24,正常,0,1
2026-06-10,P027,巧克力,零食,6,8.0,5.2,0,300,供应商D,2,晴,24,正常,0,1
2026-06-10,P028,棒棒糖,零食,10,1.0,0.5,0,365,供应商D,2,晴,24,正常,0,1
2026-06-10,P029,冰淇淋,冷饮,15,5.0,3.0,0,180,供应商A,1,晴,24,正常,0,1
2026-06-10,P030,雪糕,冷饮,14,3.0,1.7,0,180,供应商A,1,晴,24,正常,0,1
2026-06-10,P031,纸巾,日用品,8,5.0,3.2,1,1095,供应商E,2,晴,24,正常,0,1
2026-06-10,P032,卷纸,日用品,3,18.0,13.0,1,1095,供应商E,2,晴,24,正常,0,1
2026-06-10,P033,洗衣液,日用品,1,25.0,18.0,0,1095,供应商E,3,晴,24,正常,0,1
2026-06-10,P034,洗洁精,日用品,5,12.0,8.0,0,1095,供应商E,3,晴,24,正常,0,1
2026-06-10,P035,牙膏,日用品,3,12.0,8.5,0,1095,供应商E,3,晴,24,正常,0,1
2026-06-10,P036,牙刷,日用品,5,6.0,3.5,0,1095,供应商E,3,晴,24,正常,0,1
2026-06-10,P037,香皂,日用品,5,5.0,3.0,0,1095,供应商E,3,晴,24,正常,0,1
2026-06-10,P038,垃圾袋,日用品,3,8.0,5.0,0,1095,供应商E,3,晴,24,正常,0,1
2026-06-10,P039,电池,日用品,4,10.0,6.5,0,1095,供应商E,3,晴,24,正常,0,1
2026-06-10,P040,打火机,日用品,4,2.0,1.0,0,1095,供应商E,3,晴,24,正常,0,1
2026-06-10,P041,苹果,水果,6,8.0,5.0,0,10,供应商B,1,晴,24,正常,0,1
2026-06-10,P042,香蕉,水果,9,6.0,3.8,0,6,供应商B,1,晴,24,正常,0,1
2026-06-10,P043,橙子,水果,5,9.0,6.0,0,14,供应商B,1,晴,24,正常,0,1
2026-06-10,P044,西红柿,蔬菜,7,6.0,3.8,1,7,供应商B,1,晴,24,正常,0,1
2026-06-10,P045,土豆,蔬菜,9,5.0,3.0,1,30,供应商B,1,晴,24,正常,0,1
2026-06-10,P046,青菜,蔬菜,8,4.0,2.2,1,3,供应商B,1,晴,24,正常,0,1
2026-06-10,P047,火锅底料,调味,4,12.0,8.0,0,365,供应商C,2,晴,24,正常,0,1
2026-06-10,P048,速冻水饺,冷冻食品,4,18.0,12.5,0,180,供应商D,2,晴,24,正常,0,1
2026-06-10,P049,口罩10只,应急用品,4,10.0,6.0,1,1095,供应商E,3,晴,24,正常,0,1
2026-06-10,P050,创可贴,应急用品,3,5.0,2.8,1,1095,供应商E,3,晴,24,正常,0,1
2026-06-11,P001,矿泉水,饮料,25,2.0,1.1,1,365,供应商A,1,晴,26,正常,0,1
2026-06-11,P002,桶装水,饮料,5,8.0,5.2,1,365,供应商A,1,晴,26,正常,0,1
2026-06-11,P003,可乐,饮料,14,3.5,2.2,0,270,供应商A,1,晴,26,正常,0,1
2026-06-11,P004,雪碧,饮料,15,3.5,2.2,0,270,供应商A,1,晴,26,正常,0,1
2026-06-11,P005,橙汁,饮料,10,5.0,3.2,0,180,供应商A,2,晴,26,正常,0,1
2026-06-11,P006,牛奶,乳品,15,3.5,2.4,1,7,供应商B,1,晴,26,正常,0,1
2026-06-11,P007,酸奶,乳品,8,5.0,3.3,0,14,供应商B,1,晴,26,正常,0,1
2026-06-11,P008,鸡蛋,生鲜,13,12.0,8.5,1,20,供应商B,1,晴,26,正常,0,1
2026-06-11,P009,大米5kg,粮油,7,35.0,28.0,1,365,供应商C,2,晴,26,正常,0,1
2026-06-11,P010,食用油5L,粮油,3,65.0,53.0,1,540,供应商C,2,晴,26,正常,0,1
2026-06-11,P011,挂面,粮油,9,8.0,5.5,1,365,供应商C,2,晴,26,正常,0,1
2026-06-11,P012,面粉2.5kg,粮油,3,18.0,14.0,1,365,供应商C,2,晴,26,正常,0,1
2026-06-11,P013,食盐,调味,5,2.5,1.4,1,730,供应商C,2,晴,26,正常,0,1
2026-06-11,P014,酱油,调味,6,8.0,5.6,1,540,供应商C,2,晴,26,正常,0,1
2026-06-11,P015,食醋,调味,4,6.0,4.0,1,540,供应商C,2,晴,26,正常,0,1
2026-06-11,P016,方便面红烧,方便食品,13,5.0,3.4,1,180,供应商D,1,晴,26,正常,0,1
2026-06-11,P017,方便面香辣,方便食品,9,5.0,3.4,0,180,供应商D,1,晴,26,正常,0,1
2026-06-11,P018,火腿肠,方便食品,12,3.0,1.9,0,180,供应商D,1,晴,26,正常,0,1
2026-06-11,P019,八宝粥,方便食品,8,6.0,4.1,0,365,供应商D,1,晴,26,正常,0,1
2026-06-11,P020,榨菜,方便食品,8,2.0,1.2,0,365,供应商D,1,晴,26,正常,0,1
2026-06-11,P021,面包,烘焙,15,6.0,3.8,0,5,供应商B,1,晴,26,正常,0,1
2026-06-11,P022,蛋糕,烘焙,7,8.0,5.2,0,4,供应商B,1,晴,26,正常,0,1
2026-06-11,P023,饼干,零食,9,7.0,4.4,0,270,供应商D,1,晴,26,正常,0,1
2026-06-11,P024,薯片,零食,12,6.0,3.8,0,180,供应商D,1,晴,26,正常,0,1
2026-06-11,P025,瓜子,零食,7,8.0,5.0,0,240,供应商D,1,晴,26,正常,0,1
2026-06-11,P026,花生,零食,5,7.0,4.3,0,240,供应商D,1,晴,26,正常,0,1
2026-06-11,P027,巧克力,零食,4,8.0,5.2,0,300,供应商D,2,晴,26,正常,0,1
2026-06-11,P028,棒棒糖,零食,10,1.0,0.5,0,365,供应商D,2,晴,26,正常,0,1
2026-06-11,P029,冰淇淋,冷饮,14,5.0,3.0,0,180,供应商A,1,晴,26,正常,0,1
2026-06-11,P030,雪糕,冷饮,17,3.0,1.7,0,180,供应商A,1,晴,26,正常,0,1
2026-06-11,P031,纸巾,日用品,9,5.0,3.2,1,1095,供应商E,2,晴,26,正常,0,1
2026-06-11,P032,卷纸,日用品,6,18.0,13.0,1,1095,供应商E,2,晴,26,正常,0,1
2026-06-11,P033,洗衣液,日用品,5,25.0,18.0,0,1095,供应商E,3,晴,26,正常,0,1
2026-06-11,P034,洗洁精,日用品,2,12.0,8.0,0,1095,供应商E,3,晴,26,正常,0,1
2026-06-11,P035,牙膏,日用品,4,12.0,8.5,0,1095,供应商E,3,晴,26,正常,0,1
2026-06-11,P036,牙刷,日用品,5,6.0,3.5,0,1095,供应商E,3,晴,26,正常,0,1
2026-06-11,P037,香皂,日用品,2,5.0,3.0,0,1095,供应商E,3,晴,26,正常,0,1
2026-06-11,P038,垃圾袋,日用品,3,8.0,5.0,0,1095,供应商E,3,晴,26,正常,0,1
2026-06-11,P039,电池,日用品,2,10.0,6.5,0,1095,供应商E,3,晴,26,正常,0,1
2026-06-11,P040,打火机,日用品,5,2.0,1.0,0,1095,供应商E,3,晴,26,正常,0,1
2026-06-11,P041,苹果,水果,10,8.0,5.0,0,10,供应商B,1,晴,26,正常,0,1
2026-06-11,P042,香蕉,水果,12,6.0,3.8,0,6,供应商B,1,晴,26,正常,0,1
2026-06-11,P043,橙子,水果,5,9.0,6.0,0,14,供应商B,1,晴,26,正常,0,1
2026-06-11,P044,西红柿,蔬菜,9,6.0,3.8,1,7,供应商B,1,晴,26,正常,0,1
2026-06-11,P045,土豆,蔬菜,8,5.0,3.0,1,30,供应商B,1,晴,26,正常,0,1
2026-06-11,P046,青菜,蔬菜,11,4.0,2.2,1,3,供应商B,1,晴,26,正常,0,1
2026-06-11,P047,火锅底料,调味,4,12.0,8.0,0,365,供应商C,2,晴,26,正常,0,1
2026-06-11,P048,速冻水饺,冷冻食品,5,18.0,12.5,0,180,供应商D,2,晴,26,正常,0,1
2026-06-11,P049,口罩10只,应急用品,5,10.0,6.0,1,1095,供应商E,3,晴,26,正常,0,1
2026-06-11,P050,创可贴,应急用品,4,5.0,2.8,1,1095,供应商E,3,晴,26,正常,0,1
2026-06-12,P001,矿泉水,饮料,20,2.0,1.1,1,365,供应商A,1,晴,24,正常,0,1
2026-06-12,P002,桶装水,饮料,7,8.0,5.2,1,365,供应商A,1,晴,24,正常,0,1
2026-06-12,P003,可乐,饮料,18,3.5,2.2,0,270,供应商A,1,晴,24,正常,0,1
2026-06-12,P004,雪碧,饮料,14,3.5,2.2,0,270,供应商A,1,晴,24,正常,0,1
2026-06-12,P005,橙汁,饮料,9,5.0,3.2,0,180,供应商A,2,晴,24,正常,0,1
2026-06-12,P006,牛奶,乳品,14,3.5,2.4,1,7,供应商B,1,晴,24,正常,0,1
2026-06-12,P007,酸奶,乳品,9,5.0,3.3,0,14,供应商B,1,晴,24,正常,0,1
2026-06-12,P008,鸡蛋,生鲜,12,12.0,8.5,1,20,供应商B,1,晴,24,正常,0,1
2026-06-12,P009,大米5kg,粮油,2,35.0,28.0,1,365,供应商C,2,晴,24,正常,0,1
2026-06-12,P010,食用油5L,粮油,3,65.0,53.0,1,540,供应商C,2,晴,24,正常,0,1
2026-06-12,P011,挂面,粮油,6,8.0,5.5,1,365,供应商C,2,晴,24,正常,0,1
2026-06-12,P012,面粉2.5kg,粮油,3,18.0,14.0,1,365,供应商C,2,晴,24,正常,0,1
2026-06-12,P013,食盐,调味,7,2.5,1.4,1,730,供应商C,2,晴,24,正常,0,1
2026-06-12,P014,酱油,调味,6,8.0,5.6,1,540,供应商C,2,晴,24,正常,0,1
2026-06-12,P015,食醋,调味,4,6.0,4.0,1,540,供应商C,2,晴,24,正常,0,1
2026-06-12,P016,方便面红烧,方便食品,14,5.0,3.4,1,180,供应商D,1,晴,24,正常,0,1
2026-06-12,P017,方便面香辣,方便食品,10,5.0,3.4,0,180,供应商D,1,晴,24,正常,0,1
2026-06-12,P018,火腿肠,方便食品,12,3.0,1.9,0,180,供应商D,1,晴,24,正常,0,1
2026-06-12,P019,八宝粥,方便食品,6,6.0,4.1,0,365,供应商D,1,晴,24,正常,0,1
2026-06-12,P020,榨菜,方便食品,6,2.0,1.2,0,365,供应商D,1,晴,24,正常,0,1
2026-06-12,P021,面包,烘焙,14,6.0,3.8,0,5,供应商B,1,晴,24,正常,0,1
2026-06-12,P022,蛋糕,烘焙,5,8.0,5.2,0,4,供应商B,1,晴,24,正常,0,1
2026-06-12,P023,饼干,零食,9,7.0,4.4,0,270,供应商D,1,晴,24,正常,0,1
2026-06-12,P024,薯片,零食,9,6.0,3.8,0,180,供应商D,1,晴,24,正常,0,1
2026-06-12,P025,瓜子,零食,6,8.0,5.0,0,240,供应商D,1,晴,24,正常,0,1
2026-06-12,P026,花生,零食,5,7.0,4.3,0,240,供应商D,1,晴,24,正常,0,1
2026-06-12,P027,巧克力,零食,5,8.0,5.2,0,300,供应商D,2,晴,24,正常,0,1
2026-06-12,P028,棒棒糖,零食,12,1.0,0.5,0,365,供应商D,2,晴,24,正常,0,1
2026-06-12,P029,冰淇淋,冷饮,13,5.0,3.0,0,180,供应商A,1,晴,24,正常,0,1
2026-06-12,P030,雪糕,冷饮,18,3.0,1.7,0,180,供应商A,1,晴,24,正常,0,1
2026-06-12,P031,纸巾,日用品,11,5.0,3.2,1,1095,供应商E,2,晴,24,正常,0,1
2026-06-12,P032,卷纸,日用品,4,18.0,13.0,1,1095,供应商E,2,晴,24,正常,0,1
2026-06-12,P033,洗衣液,日用品,5,25.0,18.0,0,1095,供应商E,3,晴,24,正常,0,1
2026-06-12,P034,洗洁精,日用品,4,12.0,8.0,0,1095,供应商E,3,晴,24,正常,0,1
2026-06-12,P035,牙膏,日用品,6,12.0,8.5,0,1095,供应商E,3,晴,24,正常,0,1
2026-06-12,P036,牙刷,日用品,5,6.0,3.5,0,1095,供应商E,3,晴,24,正常,0,1
2026-06-12,P037,香皂,日用品,4,5.0,3.0,0,1095,供应商E,3,晴,24,正常,0,1
2026-06-12,P038,垃圾袋,日用品,4,8.0,5.0,0,1095,供应商E,3,晴,24,正常,0,1
2026-06-12,P039,电池,日用品,2,10.0,6.5,0,1095,供应商E,3,晴,24,正常,0,1
2026-06-12,P040,打火机,日用品,5,2.0,1.0,0,1095,供应商E,3,晴,24,正常,0,1
2026-06-12,P041,苹果,水果,9,8.0,5.0,0,10,供应商B,1,晴,24,正常,0,1
2026-06-12,P042,香蕉,水果,9,6.0,3.8,0,6,供应商B,1,晴,24,正常,0,1
2026-06-12,P043,橙子,水果,6,9.0,6.0,0,14,供应商B,1,晴,24,正常,0,1
2026-06-12,P044,西红柿,蔬菜,8,6.0,3.8,1,7,供应商B,1,晴,24,正常,0,1
2026-06-12,P045,土豆,蔬菜,8,5.0,3.0,1,30,供应商B,1,晴,24,正常,0,1
2026-06-12,P046,青菜,蔬菜,12,4.0,2.2,1,3,供应商B,1,晴,24,正常,0,1
2026-06-12,P047,火锅底料,调味,3,12.0,8.0,0,365,供应商C,2,晴,24,正常,0,1
2026-06-12,P048,速冻水饺,冷冻食品,4,18.0,12.5,0,180,供应商D,2,晴,24,正常,0,1
2026-06-12,P049,口罩10只,应急用品,3,10.0,6.0,1,1095,供应商E,3,晴,24,正常,0,1
2026-06-12,P050,创可贴,应急用品,5,5.0,2.8,1,1095,供应商E,3,晴,24,正常,0,1
2026-06-13,P001,矿泉水,饮料,31,2.0,1.1,1,365,供应商A,1,晴,25,正常,1,1
2026-06-13,P002,桶装水,饮料,5,8.0,5.2,1,365,供应商A,1,晴,25,正常,1,1
2026-06-13,P003,可乐,饮料,17,3.5,2.2,0,270,供应商A,1,晴,25,正常,1,1
2026-06-13,P004,雪碧,饮料,12,3.5,2.2,0,270,供应商A,1,晴,25,正常,1,1
2026-06-13,P005,橙汁,饮料,8,5.0,3.2,0,180,供应商A,2,晴,25,正常,1,1
2026-06-13,P006,牛奶,乳品,19,3.5,2.4,1,7,供应商B,1,晴,25,正常,1,1
2026-06-13,P007,酸奶,乳品,8,5.0,3.3,0,14,供应商B,1,晴,25,正常,1,1
2026-06-13,P008,鸡蛋,生鲜,10,12.0,8.5,1,20,供应商B,1,晴,25,正常,1,1
2026-06-13,P009,大米5kg,粮油,3,35.0,28.0,1,365,供应商C,2,晴,25,正常,1,1
2026-06-13,P010,食用油5L,粮油,4,65.0,53.0,1,540,供应商C,2,晴,25,正常,1,1
2026-06-13,P011,挂面,粮油,8,8.0,5.5,1,365,供应商C,2,晴,25,正常,1,1
2026-06-13,P012,面粉2.5kg,粮油,5,18.0,14.0,1,365,供应商C,2,晴,25,正常,1,1
2026-06-13,P013,食盐,调味,7,2.5,1.4,1,730,供应商C,2,晴,25,正常,1,1
2026-06-13,P014,酱油,调味,3,8.0,5.6,1,540,供应商C,2,晴,25,正常,1,1
2026-06-13,P015,食醋,调味,6,6.0,4.0,1,540,供应商C,2,晴,25,正常,1,1
2026-06-13,P016,方便面红烧,方便食品,16,5.0,3.4,1,180,供应商D,1,晴,25,正常,1,1
2026-06-13,P017,方便面香辣,方便食品,12,5.0,3.4,0,180,供应商D,1,晴,25,正常,1,1
2026-06-13,P018,火腿肠,方便食品,9,3.0,1.9,0,180,供应商D,1,晴,25,正常,1,1
2026-06-13,P019,八宝粥,方便食品,8,6.0,4.1,0,365,供应商D,1,晴,25,正常,1,1
2026-06-13,P020,榨菜,方便食品,7,2.0,1.2,0,365,供应商D,1,晴,25,正常,1,1
2026-06-13,P021,面包,烘焙,16,6.0,3.8,0,5,供应商B,1,晴,25,正常,1,1
2026-06-13,P022,蛋糕,烘焙,6,8.0,5.2,0,4,供应商B,1,晴,25,正常,1,1
2026-06-13,P023,饼干,零食,10,7.0,4.4,0,270,供应商D,1,晴,25,正常,1,1
2026-06-13,P024,薯片,零食,9,6.0,3.8,0,180,供应商D,1,晴,25,正常,1,1
2026-06-13,P025,瓜子,零食,7,8.0,5.0,0,240,供应商D,1,晴,25,正常,1,1
2026-06-13,P026,花生,零食,8,7.0,4.3,0,240,供应商D,1,晴,25,正常,1,1
2026-06-13,P027,巧克力,零食,7,8.0,5.2,0,300,供应商D,2,晴,25,正常,1,1
2026-06-13,P028,棒棒糖,零食,9,1.0,0.5,0,365,供应商D,2,晴,25,正常,1,1
2026-06-13,P029,冰淇淋,冷饮,18,5.0,3.0,0,180,供应商A,1,晴,25,正常,1,1
2026-06-13,P030,雪糕,冷饮,23,3.0,1.7,0,180,供应商A,1,晴,25,正常,1,1
2026-06-13,P031,纸巾,日用品,6,5.0,3.2,1,1095,供应商E,2,晴,25,正常,1,1
2026-06-13,P032,卷纸,日用品,6,18.0,13.0,1,1095,供应商E,2,晴,25,正常,1,1
2026-06-13,P033,洗衣液,日用品,4,25.0,18.0,0,1095,供应商E,3,晴,25,正常,1,1
2026-06-13,P034,洗洁精,日用品,4,12.0,8.0,0,1095,供应商E,3,晴,25,正常,1,1
2026-06-13,P035,牙膏,日用品,3,12.0,8.5,0,1095,供应商E,3,晴,25,正常,1,1
2026-06-13,P036,牙刷,日用品,6,6.0,3.5,0,1095,供应商E,3,晴,25,正常,1,1
2026-06-13,P037,香皂,日用品,3,5.0,3.0,0,1095,供应商E,3,晴,25,正常,1,1
2026-06-13,P038,垃圾袋,日用品,4,8.0,5.0,0,1095,供应商E,3,晴,25,正常,1,1
2026-06-13,P039,电池,日用品,3,10.0,6.5,0,1095,供应商E,3,晴,25,正常,1,1
2026-06-13,P040,打火机,日用品,6,2.0,1.0,0,1095,供应商E,3,晴,25,正常,1,1
2026-06-13,P041,苹果,水果,8,8.0,5.0,0,10,供应商B,1,晴,25,正常,1,1
2026-06-13,P042,香蕉,水果,9,6.0,3.8,0,6,供应商B,1,晴,25,正常,1,1
2026-06-13,P043,橙子,水果,7,9.0,6.0,0,14,供应商B,1,晴,25,正常,1,1
2026-06-13,P044,西红柿,蔬菜,10,6.0,3.8,1,7,供应商B,1,晴,25,正常,1,1
2026-06-13,P045,土豆,蔬菜,11,5.0,3.0,1,30,供应商B,1,晴,25,正常,1,1
2026-06-13,P046,青菜,蔬菜,8,4.0,2.2,1,3,供应商B,1,晴,25,正常,1,1
2026-06-13,P047,火锅底料,调味,5,12.0,8.0,0,365,供应商C,2,晴,25,正常,1,1
2026-06-13,P048,速冻水饺,冷冻食品,4,18.0,12.5,0,180,供应商D,2,晴,25,正常,1,1
2026-06-13,P049,口罩10只,应急用品,5,10.0,6.0,1,1095,供应商E,3,晴,25,正常,1,1
2026-06-13,P050,创可贴,应急用品,2,5.0,2.8,1,1095,供应商E,3,晴,25,正常,1,1
2026-06-14,P001,矿泉水,饮料,24,2.0,1.1,1,365,供应商A,1,晴,28,正常,1,1
2026-06-14,P002,桶装水,饮料,6,8.0,5.2,1,365,供应商A,1,晴,28,正常,1,1
2026-06-14,P003,可乐,饮料,17,3.5,2.2,0,270,供应商A,1,晴,28,正常,1,1
2026-06-14,P004,雪碧,饮料,15,3.5,2.2,0,270,供应商A,1,晴,28,正常,1,1
2026-06-14,P005,橙汁,饮料,9,5.0,3.2,0,180,供应商A,2,晴,28,正常,1,1
2026-06-14,P006,牛奶,乳品,15,3.5,2.4,1,7,供应商B,1,晴,28,正常,1,1
2026-06-14,P007,酸奶,乳品,8,5.0,3.3,0,14,供应商B,1,晴,28,正常,1,1
2026-06-14,P008,鸡蛋,生鲜,15,12.0,8.5,1,20,供应商B,1,晴,28,正常,1,1
2026-06-14,P009,大米5kg,粮油,4,35.0,28.0,1,365,供应商C,2,晴,28,正常,1,1
2026-06-14,P010,食用油5L,粮油,5,65.0,53.0,1,540,供应商C,2,晴,28,正常,1,1
2026-06-14,P011,挂面,粮油,7,8.0,5.5,1,365,供应商C,2,晴,28,正常,1,1
2026-06-14,P012,面粉2.5kg,粮油,2,18.0,14.0,1,365,供应商C,2,晴,28,正常,1,1
2026-06-14,P013,食盐,调味,5,2.5,1.4,1,730,供应商C,2,晴,28,正常,1,1
2026-06-14,P014,酱油,调味,7,8.0,5.6,1,540,供应商C,2,晴,28,正常,1,1
2026-06-14,P015,食醋,调味,5,6.0,4.0,1,540,供应商C,2,晴,28,正常,1,1
2026-06-14,P016,方便面红烧,方便食品,16,5.0,3.4,1,180,供应商D,1,晴,28,正常,1,1
2026-06-14,P017,方便面香辣,方便食品,9,5.0,3.4,0,180,供应商D,1,晴,28,正常,1,1
2026-06-14,P018,火腿肠,方便食品,14,3.0,1.9,0,180,供应商D,1,晴,28,正常,1,1
2026-06-14,P019,八宝粥,方便食品,6,6.0,4.1,0,365,供应商D,1,晴,28,正常,1,1
2026-06-14,P020,榨菜,方便食品,6,2.0,1.2,0,365,供应商D,1,晴,28,正常,1,1
2026-06-14,P021,面包,烘焙,14,6.0,3.8,0,5,供应商B,1,晴,28,正常,1,1
2026-06-14,P022,蛋糕,烘焙,5,8.0,5.2,0,4,供应商B,1,晴,28,正常,1,1
2026-06-14,P023,饼干,零食,12,7.0,4.4,0,270,供应商D,1,晴,28,正常,1,1
2026-06-14,P024,薯片,零食,12,6.0,3.8,0,180,供应商D,1,晴,28,正常,1,1
2026-06-14,P025,瓜子,零食,8,8.0,5.0,0,240,供应商D,1,晴,28,正常,1,1
2026-06-14,P026,花生,零食,7,7.0,4.3,0,240,供应商D,1,晴,28,正常,1,1
2026-06-14,P027,巧克力,零食,5,8.0,5.2,0,300,供应商D,2,晴,28,正常,1,1
2026-06-14,P028,棒棒糖,零食,8,1.0,0.5,0,365,供应商D,2,晴,28,正常,1,1
2026-06-14,P029,冰淇淋,冷饮,15,5.0,3.0,0,180,供应商A,1,晴,28,正常,1,1
2026-06-14,P030,雪糕,冷饮,16,3.0,1.7,0,180,供应商A,1,晴,28,正常,1,1
2026-06-14,P031,纸巾,日用品,9,5.0,3.2,1,1095,供应商E,2,晴,28,正常,1,1
2026-06-14,P032,卷纸,日用品,6,18.0,13.0,1,1095,供应商E,2,晴,28,正常,1,1
2026-06-14,P033,洗衣液,日用品,5,25.0,18.0,0,1095,供应商E,3,晴,28,正常,1,1
2026-06-14,P034,洗洁精,日用品,5,12.0,8.0,0,1095,供应商E,3,晴,28,正常,1,1
2026-06-14,P035,牙膏,日用品,6,12.0,8.5,0,1095,供应商E,3,晴,28,正常,1,1
2026-06-14,P036,牙刷,日用品,4,6.0,3.5,0,1095,供应商E,3,晴,28,正常,1,1
2026-06-14,P037,香皂,日用品,4,5.0,3.0,0,1095,供应商E,3,晴,28,正常,1,1
2026-06-14,P038,垃圾袋,日用品,5,8.0,5.0,0,1095,供应商E,3,晴,28,正常,1,1
2026-06-14,P039,电池,日用品,3,10.0,6.5,0,1095,供应商E,3,晴,28,正常,1,1
2026-06-14,P040,打火机,日用品,6,2.0,1.0,0,1095,供应商E,3,晴,28,正常,1,1
2026-06-14,P041,苹果,水果,7,8.0,5.0,0,10,供应商B,1,晴,28,正常,1,1
2026-06-14,P042,香蕉,水果,9,6.0,3.8,0,6,供应商B,1,晴,28,正常,1,1
2026-06-14,P043,橙子,水果,7,9.0,6.0,0,14,供应商B,1,晴,28,正常,1,1
2026-06-14,P044,西红柿,蔬菜,10,6.0,3.8,1,7,供应商B,1,晴,28,正常,1,1
2026-06-14,P045,土豆,蔬菜,6,5.0,3.0,1,30,供应商B,1,晴,28,正常,1,1
2026-06-14,P046,青菜,蔬菜,12,4.0,2.2,1,3,供应商B,1,晴,28,正常,1,1
2026-06-14,P047,火锅底料,调味,4,12.0,8.0,0,365,供应商C,2,晴,28,正常,1,1
2026-06-14,P048,速冻水饺,冷冻食品,6,18.0,12.5,0,180,供应商D,2,晴,28,正常,1,1
2026-06-14,P049,口罩10只,应急用品,5,10.0,6.0,1,1095,供应商E,3,晴,28,正常,1,1
2026-06-14,P050,创可贴,应急用品,4,5.0,2.8,1,1095,供应商E,3,晴,28,正常,1,1
2026-06-15,P001,矿泉水,饮料,27,2.0,1.1,1,365,供应商A,1,晴,20,正常,0,1
2026-06-15,P002,桶装水,饮料,8,8.0,5.2,1,365,供应商A,1,晴,20,正常,0,1
2026-06-15,P003,可乐,饮料,14,3.5,2.2,0,270,供应商A,1,晴,20,正常,0,1
2026-06-15,P004,雪碧,饮料,11,3.5,2.2,0,270,供应商A,1,晴,20,正常,0,1
2026-06-15,P005,橙汁,饮料,7,5.0,3.2,0,180,供应商A,2,晴,20,正常,0,1
2026-06-15,P006,牛奶,乳品,13,3.5,2.4,1,7,供应商B,1,晴,20,正常,0,1
2026-06-15,P007,酸奶,乳品,6,5.0,3.3,0,14,供应商B,1,晴,20,正常,0,1
2026-06-15,P008,鸡蛋,生鲜,12,12.0,8.5,1,20,供应商B,1,晴,20,正常,0,1
2026-06-15,P009,大米5kg,粮油,3,35.0,28.0,1,365,供应商C,2,晴,20,正常,0,1
2026-06-15,P010,食用油5L,粮油,4,65.0,53.0,1,540,供应商C,2,晴,20,正常,0,1
2026-06-15,P011,挂面,粮油,7,8.0,5.5,1,365,供应商C,2,晴,20,正常,0,1
2026-06-15,P012,面粉2.5kg,粮油,3,18.0,14.0,1,365,供应商C,2,晴,20,正常,0,1
2026-06-15,P013,食盐,调味,6,2.5,1.4,1,730,供应商C,2,晴,20,正常,0,1
2026-06-15,P014,酱油,调味,6,8.0,5.6,1,540,供应商C,2,晴,20,正常,0,1
2026-06-15,P015,食醋,调味,3,6.0,4.0,1,540,供应商C,2,晴,20,正常,0,1
2026-06-15,P016,方便面红烧,方便食品,14,5.0,3.4,1,180,供应商D,1,晴,20,正常,0,1
2026-06-15,P017,方便面香辣,方便食品,6,5.0,3.4,0,180,供应商D,1,晴,20,正常,0,1
2026-06-15,P018,火腿肠,方便食品,8,3.0,1.9,0,180,供应商D,1,晴,20,正常,0,1
2026-06-15,P019,八宝粥,方便食品,6,6.0,4.1,0,365,供应商D,1,晴,20,正常,0,1
2026-06-15,P020,榨菜,方便食品,6,2.0,1.2,0,365,供应商D,1,晴,20,正常,0,1
2026-06-15,P021,面包,烘焙,10,6.0,3.8,0,5,供应商B,1,晴,20,正常,0,1
2026-06-15,P022,蛋糕,烘焙,6,8.0,5.2,0,4,供应商B,1,晴,20,正常,0,1
2026-06-15,P023,饼干,零食,7,7.0,4.4,0,270,供应商D,1,晴,20,正常,0,1
2026-06-15,P024,薯片,零食,10,6.0,3.8,0,180,供应商D,1,晴,20,正常,0,1
2026-06-15,P025,瓜子,零食,7,8.0,5.0,0,240,供应商D,1,晴,20,正常,0,1
2026-06-15,P026,花生,零食,6,7.0,4.3,0,240,供应商D,1,晴,20,正常,0,1
2026-06-15,P027,巧克力,零食,5,8.0,5.2,0,300,供应商D,2,晴,20,正常,0,1
2026-06-15,P028,棒棒糖,零食,7,1.0,0.5,0,365,供应商D,2,晴,20,正常,0,1
2026-06-15,P029,冰淇淋,冷饮,13,5.0,3.0,0,180,供应商A,1,晴,20,正常,0,1
2026-06-15,P030,雪糕,冷饮,16,3.0,1.7,0,180,供应商A,1,晴,20,正常,0,1
2026-06-15,P031,纸巾,日用品,7,5.0,3.2,1,1095,供应商E,2,晴,20,正常,0,1
2026-06-15,P032,卷纸,日用品,5,18.0,13.0,1,1095,供应商E,2,晴,20,正常,0,1
2026-06-15,P033,洗衣液,日用品,5,25.0,18.0,0,1095,供应商E,3,晴,20,正常,0,1
2026-06-15,P034,洗洁精,日用品,5,12.0,8.0,0,1095,供应商E,3,晴,20,正常,0,1
2026-06-15,P035,牙膏,日用品,3,12.0,8.5,0,1095,供应商E,3,晴,20,正常,0,1
2026-06-15,P036,牙刷,日用品,5,6.0,3.5,0,1095,供应商E,3,晴,20,正常,0,1
2026-06-15,P037,香皂,日用品,5,5.0,3.0,0,1095,供应商E,3,晴,20,正常,0,1
2026-06-15,P038,垃圾袋,日用品,3,8.0,5.0,0,1095,供应商E,3,晴,20,正常,0,1
2026-06-15,P039,电池,日用品,4,10.0,6.5,0,1095,供应商E,3,晴,20,正常,0,1
2026-06-15,P040,打火机,日用品,5,2.0,1.0,0,1095,供应商E,3,晴,20,正常,0,1
2026-06-15,P041,苹果,水果,6,8.0,5.0,0,10,供应商B,1,晴,20,正常,0,1
2026-06-15,P042,香蕉,水果,10,6.0,3.8,0,6,供应商B,1,晴,20,正常,0,1
2026-06-15,P043,橙子,水果,6,9.0,6.0,0,14,供应商B,1,晴,20,正常,0,1
2026-06-15,P044,西红柿,蔬菜,8,6.0,3.8,1,7,供应商B,1,晴,20,正常,0,1
2026-06-15,P045,土豆,蔬菜,7,5.0,3.0,1,30,供应商B,1,晴,20,正常,0,1
2026-06-15,P046,青菜,蔬菜,9,4.0,2.2,1,3,供应商B,1,晴,20,正常,0,1
2026-06-15,P047,火锅底料,调味,5,12.0,8.0,0,365,供应商C,2,晴,20,正常,0,1
2026-06-15,P048,速冻水饺,冷冻食品,5,18.0,12.5,0,180,供应商D,2,晴,20,正常,0,1
2026-06-15,P049,口罩10只,应急用品,3,10.0,6.0,1,1095,供应商E,3,晴,20,正常,0,1
2026-06-15,P050,创可贴,应急用品,3,5.0,2.8,1,1095,供应商E,3,晴,20,正常,0,1
2026-06-16,P001,矿泉水,饮料,20,2.0,1.1,1,365,供应商A,1,晴,27,正常,0,1
2026-06-16,P002,桶装水,饮料,5,8.0,5.2,1,365,供应商A,1,晴,27,正常,0,1
2026-06-16,P003,可乐,饮料,10,3.5,2.2,0,270,供应商A,1,晴,27,正常,0,1
2026-06-16,P004,雪碧,饮料,14,3.5,2.2,0,270,供应商A,1,晴,27,正常,0,1
2026-06-16,P005,橙汁,饮料,6,5.0,3.2,0,180,供应商A,2,晴,27,正常,0,1
2026-06-16,P006,牛奶,乳品,14,3.5,2.4,1,7,供应商B,1,晴,27,正常,0,1
2026-06-16,P007,酸奶,乳品,10,5.0,3.3,0,14,供应商B,1,晴,27,正常,0,1
2026-06-16,P008,鸡蛋,生鲜,13,12.0,8.5,1,20,供应商B,1,晴,27,正常,0,1
2026-06-16,P009,大米5kg,粮油,3,35.0,28.0,1,365,供应商C,2,晴,27,正常,0,1
2026-06-16,P010,食用油5L,粮油,3,65.0,53.0,1,540,供应商C,2,晴,27,正常,0,1
2026-06-16,P011,挂面,粮油,9,8.0,5.5,1,365,供应商C,2,晴,27,正常,0,1
2026-06-16,P012,面粉2.5kg,粮油,6,18.0,14.0,1,365,供应商C,2,晴,27,正常,0,1
2026-06-16,P013,食盐,调味,6,2.5,1.4,1,730,供应商C,2,晴,27,正常,0,1
2026-06-16,P014,酱油,调味,5,8.0,5.6,1,540,供应商C,2,晴,27,正常,0,1
2026-06-16,P015,食醋,调味,3,6.0,4.0,1,540,供应商C,2,晴,27,正常,0,1
2026-06-16,P016,方便面红烧,方便食品,17,5.0,3.4,1,180,供应商D,1,晴,27,正常,0,1
2026-06-16,P017,方便面香辣,方便食品,10,5.0,3.4,0,180,供应商D,1,晴,27,正常,0,1
2026-06-16,P018,火腿肠,方便食品,11,3.0,1.9,0,180,供应商D,1,晴,27,正常,0,1
2026-06-16,P019,八宝粥,方便食品,6,6.0,4.1,0,365,供应商D,1,晴,27,正常,0,1
2026-06-16,P020,榨菜,方便食品,6,2.0,1.2,0,365,供应商D,1,晴,27,正常,0,1
2026-06-16,P021,面包,烘焙,12,6.0,3.8,0,5,供应商B,1,晴,27,正常,0,1
2026-06-16,P022,蛋糕,烘焙,7,8.0,5.2,0,4,供应商B,1,晴,27,正常,0,1
2026-06-16,P023,饼干,零食,10,7.0,4.4,0,270,供应商D,1,晴,27,正常,0,1
2026-06-16,P024,薯片,零食,9,6.0,3.8,0,180,供应商D,1,晴,27,正常,0,1
2026-06-16,P025,瓜子,零食,4,8.0,5.0,0,240,供应商D,1,晴,27,正常,0,1
2026-06-16,P026,花生,零食,8,7.0,4.3,0,240,供应商D,1,晴,27,正常,0,1
2026-06-16,P027,巧克力,零食,8,8.0,5.2,0,300,供应商D,2,晴,27,正常,0,1
2026-06-16,P028,棒棒糖,零食,10,1.0,0.5,0,365,供应商D,2,晴,27,正常,0,1
2026-06-16,P029,冰淇淋,冷饮,11,5.0,3.0,0,180,供应商A,1,晴,27,正常,0,1
2026-06-16,P030,雪糕,冷饮,15,3.0,1.7,0,180,供应商A,1,晴,27,正常,0,1
2026-06-16,P031,纸巾,日用品,9,5.0,3.2,1,1095,供应商E,2,晴,27,正常,0,1
2026-06-16,P032,卷纸,日用品,7,18.0,13.0,1,1095,供应商E,2,晴,27,正常,0,1
2026-06-16,P033,洗衣液,日用品,2,25.0,18.0,0,1095,供应商E,3,晴,27,正常,0,1
2026-06-16,P034,洗洁精,日用品,4,12.0,8.0,0,1095,供应商E,3,晴,27,正常,0,1
2026-06-16,P035,牙膏,日用品,4,12.0,8.5,0,1095,供应商E,3,晴,27,正常,0,1
2026-06-16,P036,牙刷,日用品,5,6.0,3.5,0,1095,供应商E,3,晴,27,正常,0,1
2026-06-16,P037,香皂,日用品,4,5.0,3.0,0,1095,供应商E,3,晴,27,正常,0,1
2026-06-16,P038,垃圾袋,日用品,2,8.0,5.0,0,1095,供应商E,3,晴,27,正常,0,1
2026-06-16,P039,电池,日用品,4,10.0,6.5,0,1095,供应商E,3,晴,27,正常,0,1
2026-06-16,P040,打火机,日用品,6,2.0,1.0,0,1095,供应商E,3,晴,27,正常,0,1
2026-06-16,P041,苹果,水果,8,8.0,5.0,0,10,供应商B,1,晴,27,正常,0,1
2026-06-16,P042,香蕉,水果,10,6.0,3.8,0,6,供应商B,1,晴,27,正常,0,1
2026-06-16,P043,橙子,水果,5,9.0,6.0,0,14,供应商B,1,晴,27,正常,0,1
2026-06-16,P044,西红柿,蔬菜,7,6.0,3.8,1,7,供应商B,1,晴,27,正常,0,1
2026-06-16,P045,土豆,蔬菜,8,5.0,3.0,1,30,供应商B,1,晴,27,正常,0,1
2026-06-16,P046,青菜,蔬菜,11,4.0,2.2,1,3,供应商B,1,晴,27,正常,0,1
2026-06-16,P047,火锅底料,调味,5,12.0,8.0,0,365,供应商C,2,晴,27,正常,0,1
2026-06-16,P048,速冻水饺,冷冻食品,7,18.0,12.5,0,180,供应商D,2,晴,27,正常,0,1
2026-06-16,P049,口罩10只,应急用品,2,10.0,6.0,1,1095,供应商E,3,晴,27,正常,0,1
2026-06-16,P050,创可贴,应急用品,2,5.0,2.8,1,1095,供应商E,3,晴,27,正常,0,1
2026-06-17,P001,矿泉水,饮料,25,2.0,1.1,1,365,供应商A,1,晴,26,正常,0,1
2026-06-17,P002,桶装水,饮料,5,8.0,5.2,1,365,供应商A,1,晴,26,正常,0,1
2026-06-17,P003,可乐,饮料,18,3.5,2.2,0,270,供应商A,1,晴,26,正常,0,1
2026-06-17,P004,雪碧,饮料,13,3.5,2.2,0,270,供应商A,1,晴,26,正常,0,1
2026-06-17,P005,橙汁,饮料,7,5.0,3.2,0,180,供应商A,2,晴,26,正常,0,1
2026-06-17,P006,牛奶,乳品,14,3.5,2.4,1,7,供应商B,1,晴,26,正常,0,1
2026-06-17,P007,酸奶,乳品,9,5.0,3.3,0,14,供应商B,1,晴,26,正常,0,1
2026-06-17,P008,鸡蛋,生鲜,14,12.0,8.5,1,20,供应商B,1,晴,26,正常,0,1
2026-06-17,P009,大米5kg,粮油,4,35.0,28.0,1,365,供应商C,2,晴,26,正常,0,1
2026-06-17,P010,食用油5L,粮油,4,65.0,53.0,1,540,供应商C,2,晴,26,正常,0,1
2026-06-17,P011,挂面,粮油,7,8.0,5.5,1,365,供应商C,2,晴,26,正常,0,1
2026-06-17,P012,面粉2.5kg,粮油,4,18.0,14.0,1,365,供应商C,2,晴,26,正常,0,1
2026-06-17,P013,食盐,调味,4,2.5,1.4,1,730,供应商C,2,晴,26,正常,0,1
2026-06-17,P014,酱油,调味,5,8.0,5.6,1,540,供应商C,2,晴,26,正常,0,1
2026-06-17,P015,食醋,调味,4,6.0,4.0,1,540,供应商C,2,晴,26,正常,0,1
2026-06-17,P016,方便面红烧,方便食品,19,5.0,3.4,1,180,供应商D,1,晴,26,正常,0,1
2026-06-17,P017,方便面香辣,方便食品,12,5.0,3.4,0,180,供应商D,1,晴,26,正常,0,1
2026-06-17,P018,火腿肠,方便食品,11,3.0,1.9,0,180,供应商D,1,晴,26,正常,0,1
2026-06-17,P019,八宝粥,方便食品,7,6.0,4.1,0,365,供应商D,1,晴,26,正常,0,1
2026-06-17,P020,榨菜,方便食品,6,2.0,1.2,0,365,供应商D,1,晴,26,正常,0,1
2026-06-17,P021,面包,烘焙,10,6.0,3.8,0,5,供应商B,1,晴,26,正常,0,1
2026-06-17,P022,蛋糕,烘焙,7,8.0,5.2,0,4,供应商B,1,晴,26,正常,0,1
2026-06-17,P023,饼干,零食,9,7.0,4.4,0,270,供应商D,1,晴,26,正常,0,1
2026-06-17,P024,薯片,零食,10,6.0,3.8,0,180,供应商D,1,晴,26,正常,0,1
2026-06-17,P025,瓜子,零食,7,8.0,5.0,0,240,供应商D,1,晴,26,正常,0,1
2026-06-17,P026,花生,零食,7,7.0,4.3,0,240,供应商D,1,晴,26,正常,0,1
2026-06-17,P027,巧克力,零食,4,8.0,5.2,0,300,供应商D,2,晴,26,正常,0,1
2026-06-17,P028,棒棒糖,零食,8,1.0,0.5,0,365,供应商D,2,晴,26,正常,0,1
2026-06-17,P029,冰淇淋,冷饮,17,5.0,3.0,0,180,供应商A,1,晴,26,正常,0,1
2026-06-17,P030,雪糕,冷饮,19,3.0,1.7,0,180,供应商A,1,晴,26,正常,0,1
2026-06-17,P031,纸巾,日用品,7,5.0,3.2,1,1095,供应商E,2,晴,26,正常,0,1
2026-06-17,P032,卷纸,日用品,5,18.0,13.0,1,1095,供应商E,2,晴,26,正常,0,1
2026-06-17,P033,洗衣液,日用品,3,25.0,18.0,0,1095,供应商E,3,晴,26,正常,0,1
2026-06-17,P034,洗洁精,日用品,4,12.0,8.0,0,1095,供应商E,3,晴,26,正常,0,1
2026-06-17,P035,牙膏,日用品,5,12.0,8.5,0,1095,供应商E,3,晴,26,正常,0,1
2026-06-17,P036,牙刷,日用品,7,6.0,3.5,0,1095,供应商E,3,晴,26,正常,0,1
2026-06-17,P037,香皂,日用品,4,5.0,3.0,0,1095,供应商E,3,晴,26,正常,0,1
2026-06-17,P038,垃圾袋,日用品,5,8.0,5.0,0,1095,供应商E,3,晴,26,正常,0,1
2026-06-17,P039,电池,日用品,1,10.0,6.5,0,1095,供应商E,3,晴,26,正常,0,1
2026-06-17,P040,打火机,日用品,4,2.0,1.0,0,1095,供应商E,3,晴,26,正常,0,1
2026-06-17,P041,苹果,水果,10,8.0,5.0,0,10,供应商B,1,晴,26,正常,0,1
2026-06-17,P042,香蕉,水果,10,6.0,3.8,0,6,供应商B,1,晴,26,正常,0,1
2026-06-17,P043,橙子,水果,1,9.0,6.0,0,14,供应商B,1,晴,26,正常,0,1
2026-06-17,P044,西红柿,蔬菜,9,6.0,3.8,1,7,供应商B,1,晴,26,正常,0,1
2026-06-17,P045,土豆,蔬菜,9,5.0,3.0,1,30,供应商B,1,晴,26,正常,0,1
2026-06-17,P046,青菜,蔬菜,7,4.0,2.2,1,3,供应商B,1,晴,26,正常,0,1
2026-06-17,P047,火锅底料,调味,6,12.0,8.0,0,365,供应商C,2,晴,26,正常,0,1
2026-06-17,P048,速冻水饺,冷冻食品,2,18.0,12.5,0,180,供应商D,2,晴,26,正常,0,1
2026-06-17,P049,口罩10只,应急用品,4,10.0,6.0,1,1095,供应商E,3,晴,26,正常,0,1
2026-06-17,P050,创可贴,应急用品,3,5.0,2.8,1,1095,供应商E,3,晴,26,正常,0,1
2026-06-18,P001,矿泉水,饮料,15,2.0,1.1,1,365,供应商A,1,晴,23,正常,0,1
2026-06-18,P002,桶装水,饮料,7,8.0,5.2,1,365,供应商A,1,晴,23,正常,0,1
2026-06-18,P003,可乐,饮料,19,3.5,2.2,0,270,供应商A,1,晴,23,正常,0,1
2026-06-18,P004,雪碧,饮料,14,3.5,2.2,0,270,供应商A,1,晴,23,正常,0,1
2026-06-18,P005,橙汁,饮料,9,5.0,3.2,0,180,供应商A,2,晴,23,正常,0,1
2026-06-18,P006,牛奶,乳品,13,3.5,2.4,1,7,供应商B,1,晴,23,正常,0,1
2026-06-18,P007,酸奶,乳品,6,5.0,3.3,0,14,供应商B,1,晴,23,正常,0,1
2026-06-18,P008,鸡蛋,生鲜,13,12.0,8.5,1,20,供应商B,1,晴,23,正常,0,1
2026-06-18,P009,大米5kg,粮油,6,35.0,28.0,1,365,供应商C,2,晴,23,正常,0,1
2026-06-18,P010,食用油5L,粮油,4,65.0,53.0,1,540,供应商C,2,晴,23,正常,0,1
2026-06-18,P011,挂面,粮油,5,8.0,5.5,1,365,供应商C,2,晴,23,正常,0,1
2026-06-18,P012,面粉2.5kg,粮油,2,18.0,14.0,1,365,供应商C,2,晴,23,正常,0,1
2026-06-18,P013,食盐,调味,4,2.5,1.4,1,730,供应商C,2,晴,23,正常,0,1
2026-06-18,P014,酱油,调味,3,8.0,5.6,1,540,供应商C,2,晴,23,正常,0,1
2026-06-18,P015,食醋,调味,4,6.0,4.0,1,540,供应商C,2,晴,23,正常,0,1
2026-06-18,P016,方便面红烧,方便食品,16,5.0,3.4,1,180,供应商D,1,晴,23,正常,0,1
2026-06-18,P017,方便面香辣,方便食品,8,5.0,3.4,0,180,供应商D,1,晴,23,正常,0,1
2026-06-18,P018,火腿肠,方便食品,11,3.0,1.9,0,180,供应商D,1,晴,23,正常,0,1
2026-06-18,P019,八宝粥,方便食品,8,6.0,4.1,0,365,供应商D,1,晴,23,正常,0,1
2026-06-18,P020,榨菜,方便食品,5,2.0,1.2,0,365,供应商D,1,晴,23,正常,0,1
2026-06-18,P021,面包,烘焙,12,6.0,3.8,0,5,供应商B,1,晴,23,正常,0,1
2026-06-18,P022,蛋糕,烘焙,5,8.0,5.2,0,4,供应商B,1,晴,23,正常,0,1
2026-06-18,P023,饼干,零食,9,7.0,4.4,0,270,供应商D,1,晴,23,正常,0,1
2026-06-18,P024,薯片,零食,10,6.0,3.8,0,180,供应商D,1,晴,23,正常,0,1
2026-06-18,P025,瓜子,零食,6,8.0,5.0,0,240,供应商D,1,晴,23,正常,0,1
2026-06-18,P026,花生,零食,6,7.0,4.3,0,240,供应商D,1,晴,23,正常,0,1
2026-06-18,P027,巧克力,零食,5,8.0,5.2,0,300,供应商D,2,晴,23,正常,0,1
2026-06-18,P028,棒棒糖,零食,9,1.0,0.5,0,365,供应商D,2,晴,23,正常,0,1
2026-06-18,P029,冰淇淋,冷饮,15,5.0,3.0,0,180,供应商A,1,晴,23,正常,0,1
2026-06-18,P030,雪糕,冷饮,20,3.0,1.7,0,180,供应商A,1,晴,23,正常,0,1
2026-06-18,P031,纸巾,日用品,8,5.0,3.2,1,1095,供应商E,2,晴,23,正常,0,1
2026-06-18,P032,卷纸,日用品,5,18.0,13.0,1,1095,供应商E,2,晴,23,正常,0,1
2026-06-18,P033,洗衣液,日用品,3,25.0,18.0,0,1095,供应商E,3,晴,23,正常,0,1
2026-06-18,P034,洗洁精,日用品,3,12.0,8.0,0,1095,供应商E,3,晴,23,正常,0,1
2026-06-18,P035,牙膏,日用品,5,12.0,8.5,0,1095,供应商E,3,晴,23,正常,0,1
2026-06-18,P036,牙刷,日用品,3,6.0,3.5,0,1095,供应商E,3,晴,23,正常,0,1
2026-06-18,P037,香皂,日用品,4,5.0,3.0,0,1095,供应商E,3,晴,23,正常,0,1
2026-06-18,P038,垃圾袋,日用品,4,8.0,5.0,0,1095,供应商E,3,晴,23,正常,0,1
2026-06-18,P039,电池,日用品,3,10.0,6.5,0,1095,供应商E,3,晴,23,正常,0,1
2026-06-18,P040,打火机,日用品,5,2.0,1.0,0,1095,供应商E,3,晴,23,正常,0,1
2026-06-18,P041,苹果,水果,7,8.0,5.0,0,10,供应商B,1,晴,23,正常,0,1
2026-06-18,P042,香蕉,水果,7,6.0,3.8,0,6,供应商B,1,晴,23,正常,0,1
2026-06-18,P043,橙子,水果,6,9.0,6.0,0,14,供应商B,1,晴,23,正常,0,1
2026-06-18,P044,西红柿,蔬菜,8,6.0,3.8,1,7,供应商B,1,晴,23,正常,0,1
2026-06-18,P045,土豆,蔬菜,8,5.0,3.0,1,30,供应商B,1,晴,23,正常,0,1
2026-06-18,P046,青菜,蔬菜,9,4.0,2.2,1,3,供应商B,1,晴,23,正常,0,1
2026-06-18,P047,火锅底料,调味,6,12.0,8.0,0,365,供应商C,2,晴,23,正常,0,1
2026-06-18,P048,速冻水饺,冷冻食品,5,18.0,12.5,0,180,供应商D,2,晴,23,正常,0,1
2026-06-18,P049,口罩10只,应急用品,2,10.0,6.0,1,1095,供应商E,3,晴,23,正常,0,1
2026-06-18,P050,创可贴,应急用品,2,5.0,2.8,1,1095,供应商E,3,晴,23,正常,0,1
2026-06-19,P001,矿泉水,饮料,17,2.0,1.1,1,365,供应商A,1,晴,20,正常,0,1
2026-06-19,P002,桶装水,饮料,8,8.0,5.2,1,365,供应商A,1,晴,20,正常,0,1
2026-06-19,P003,可乐,饮料,20,3.5,2.2,0,270,供应商A,1,晴,20,正常,0,1
2026-06-19,P004,雪碧,饮料,14,3.5,2.2,0,270,供应商A,1,晴,20,正常,0,1
2026-06-19,P005,橙汁,饮料,7,5.0,3.2,0,180,供应商A,2,晴,20,正常,0,1
2026-06-19,P006,牛奶,乳品,18,3.5,2.4,1,7,供应商B,1,晴,20,正常,0,1
2026-06-19,P007,酸奶,乳品,8,5.0,3.3,0,14,供应商B,1,晴,20,正常,0,1
2026-06-19,P008,鸡蛋,生鲜,11,12.0,8.5,1,20,供应商B,1,晴,20,正常,0,1
2026-06-19,P009,大米5kg,粮油,6,35.0,28.0,1,365,供应商C,2,晴,20,正常,0,1
2026-06-19,P010,食用油5L,粮油,4,65.0,53.0,1,540,供应商C,2,晴,20,正常,0,1
2026-06-19,P011,挂面,粮油,10,8.0,5.5,1,365,供应商C,2,晴,20,正常,0,1
2026-06-19,P012,面粉2.5kg,粮油,4,18.0,14.0,1,365,供应商C,2,晴,20,正常,0,1
2026-06-19,P013,食盐,调味,5,2.5,1.4,1,730,供应商C,2,晴,20,正常,0,1
2026-06-19,P014,酱油,调味,4,8.0,5.6,1,540,供应商C,2,晴,20,正常,0,1
2026-06-19,P015,食醋,调味,2,6.0,4.0,1,540,供应商C,2,晴,20,正常,0,1
2026-06-19,P016,方便面红烧,方便食品,14,5.0,3.4,1,180,供应商D,1,晴,20,正常,0,1
2026-06-19,P017,方便面香辣,方便食品,12,5.0,3.4,0,180,供应商D,1,晴,20,正常,0,1
2026-06-19,P018,火腿肠,方便食品,11,3.0,1.9,0,180,供应商D,1,晴,20,正常,0,1
2026-06-19,P019,八宝粥,方便食品,7,6.0,4.1,0,365,供应商D,1,晴,20,正常,0,1
2026-06-19,P020,榨菜,方便食品,5,2.0,1.2,0,365,供应商D,1,晴,20,正常,0,1
2026-06-19,P021,面包,烘焙,12,6.0,3.8,0,5,供应商B,1,晴,20,正常,0,1
2026-06-19,P022,蛋糕,烘焙,8,8.0,5.2,0,4,供应商B,1,晴,20,正常,0,1
2026-06-19,P023,饼干,零食,10,7.0,4.4,0,270,供应商D,1,晴,20,正常,0,1
2026-06-19,P024,薯片,零食,10,6.0,3.8,0,180,供应商D,1,晴,20,正常,0,1
2026-06-19,P025,瓜子,零食,5,8.0,5.0,0,240,供应商D,1,晴,20,正常,0,1
2026-06-19,P026,花生,零食,7,7.0,4.3,0,240,供应商D,1,晴,20,正常,0,1
2026-06-19,P027,巧克力,零食,1,8.0,5.2,0,300,供应商D,2,晴,20,正常,0,1
2026-06-19,P028,棒棒糖,零食,10,1.0,0.5,0,365,供应商D,2,晴,20,正常,0,1
2026-06-19,P029,冰淇淋,冷饮,20,5.0,3.0,0,180,供应商A,1,晴,20,正常,0,1
2026-06-19,P030,雪糕,冷饮,13,3.0,1.7,0,180,供应商A,1,晴,20,正常,0,1
2026-06-19,P031,纸巾,日用品,8,5.0,3.2,1,1095,供应商E,2,晴,20,正常,0,1
2026-06-19,P032,卷纸,日用品,5,18.0,13.0,1,1095,供应商E,2,晴,20,正常,0,1
2026-06-19,P033,洗衣液,日用品,2,25.0,18.0,0,1095,供应商E,3,晴,20,正常,0,1
2026-06-19,P034,洗洁精,日用品,5,12.0,8.0,0,1095,供应商E,3,晴,20,正常,0,1
2026-06-19,P035,牙膏,日用品,5,12.0,8.5,0,1095,供应商E,3,晴,20,正常,0,1
2026-06-19,P036,牙刷,日用品,4,6.0,3.5,0,1095,供应商E,3,晴,20,正常,0,1
2026-06-19,P037,香皂,日用品,5,5.0,3.0,0,1095,供应商E,3,晴,20,正常,0,1
2026-06-19,P038,垃圾袋,日用品,4,8.0,5.0,0,1095,供应商E,3,晴,20,正常,0,1
2026-06-19,P039,电池,日用品,7,10.0,6.5,0,1095,供应商E,3,晴,20,正常,0,1
2026-06-19,P040,打火机,日用品,5,2.0,1.0,0,1095,供应商E,3,晴,20,正常,0,1
2026-06-19,P041,苹果,水果,8,8.0,5.0,0,10,供应商B,1,晴,20,正常,0,1
2026-06-19,P042,香蕉,水果,7,6.0,3.8,0,6,供应商B,1,晴,20,正常,0,1
2026-06-19,P043,橙子,水果,5,9.0,6.0,0,14,供应商B,1,晴,20,正常,0,1
2026-06-19,P044,西红柿,蔬菜,9,6.0,3.8,1,7,供应商B,1,晴,20,正常,0,1
2026-06-19,P045,土豆,蔬菜,5,5.0,3.0,1,30,供应商B,1,晴,20,正常,0,1
2026-06-19,P046,青菜,蔬菜,7,4.0,2.2,1,3,供应商B,1,晴,20,正常,0,1
2026-06-19,P047,火锅底料,调味,4,12.0,8.0,0,365,供应商C,2,晴,20,正常,0,1
2026-06-19,P048,速冻水饺,冷冻食品,7,18.0,12.5,0,180,供应商D,2,晴,20,正常,0,1
2026-06-19,P049,口罩10只,应急用品,3,10.0,6.0,1,1095,供应商E,3,晴,20,正常,0,1
2026-06-19,P050,创可贴,应急用品,3,5.0,2.8,1,1095,供应商E,3,晴,20,正常,0,1
2026-06-20,P001,矿泉水,饮料,19,2.0,1.1,1,365,供应商A,1,晴,24,正常,1,1
2026-06-20,P002,桶装水,饮料,7,8.0,5.2,1,365,供应商A,1,晴,24,正常,1,1
2026-06-20,P003,可乐,饮料,19,3.5,2.2,0,270,供应商A,1,晴,24,正常,1,1
2026-06-20,P004,雪碧,饮料,10,3.5,2.2,0,270,供应商A,1,晴,24,正常,1,1
2026-06-20,P005,橙汁,饮料,10,5.0,3.2,0,180,供应商A,2,晴,24,正常,1,1
2026-06-20,P006,牛奶,乳品,17,3.5,2.4,1,7,供应商B,1,晴,24,正常,1,1
2026-06-20,P007,酸奶,乳品,12,5.0,3.3,0,14,供应商B,1,晴,24,正常,1,1
2026-06-20,P008,鸡蛋,生鲜,14,12.0,8.5,1,20,供应商B,1,晴,24,正常,1,1
2026-06-20,P009,大米5kg,粮油,5,35.0,28.0,1,365,供应商C,2,晴,24,正常,1,1
2026-06-20,P010,食用油5L,粮油,4,65.0,53.0,1,540,供应商C,2,晴,24,正常,1,1
2026-06-20,P011,挂面,粮油,9,8.0,5.5,1,365,供应商C,2,晴,24,正常,1,1
2026-06-20,P012,面粉2.5kg,粮油,2,18.0,14.0,1,365,供应商C,2,晴,24,正常,1,1
2026-06-20,P013,食盐,调味,4,2.5,1.4,1,730,供应商C,2,晴,24,正常,1,1
2026-06-20,P014,酱油,调味,5,8.0,5.6,1,540,供应商C,2,晴,24,正常,1,1
2026-06-20,P015,食醋,调味,4,6.0,4.0,1,540,供应商C,2,晴,24,正常,1,1
2026-06-20,P016,方便面红烧,方便食品,18,5.0,3.4,1,180,供应商D,1,晴,24,正常,1,1
2026-06-20,P017,方便面香辣,方便食品,12,5.0,3.4,0,180,供应商D,1,晴,24,正常,1,1
2026-06-20,P018,火腿肠,方便食品,13,3.0,1.9,0,180,供应商D,1,晴,24,正常,1,1
2026-06-20,P019,八宝粥,方便食品,9,6.0,4.1,0,365,供应商D,1,晴,24,正常,1,1
2026-06-20,P020,榨菜,方便食品,6,2.0,1.2,0,365,供应商D,1,晴,24,正常,1,1
2026-06-20,P021,面包,烘焙,14,6.0,3.8,0,5,供应商B,1,晴,24,正常,1,1
2026-06-20,P022,蛋糕,烘焙,7,8.0,5.2,0,4,供应商B,1,晴,24,正常,1,1
2026-06-20,P023,饼干,零食,10,7.0,4.4,0,270,供应商D,1,晴,24,正常,1,1
2026-06-20,P024,薯片,零食,12,6.0,3.8,0,180,供应商D,1,晴,24,正常,1,1
2026-06-20,P025,瓜子,零食,3,8.0,5.0,0,240,供应商D,1,晴,24,正常,1,1
2026-06-20,P026,花生,零食,9,7.0,4.3,0,240,供应商D,1,晴,24,正常,1,1
2026-06-20,P027,巧克力,零食,6,8.0,5.2,0,300,供应商D,2,晴,24,正常,1,1
2026-06-20,P028,棒棒糖,零食,9,1.0,0.5,0,365,供应商D,2,晴,24,正常,1,1
2026-06-20,P029,冰淇淋,冷饮,20,5.0,3.0,0,180,供应商A,1,晴,24,正常,1,1
2026-06-20,P030,雪糕,冷饮,18,3.0,1.7,0,180,供应商A,1,晴,24,正常,1,1
2026-06-20,P031,纸巾,日用品,9,5.0,3.2,1,1095,供应商E,2,晴,24,正常,1,1
2026-06-20,P032,卷纸,日用品,5,18.0,13.0,1,1095,供应商E,2,晴,24,正常,1,1
2026-06-20,P033,洗衣液,日用品,5,25.0,18.0,0,1095,供应商E,3,晴,24,正常,1,1
2026-06-20,P034,洗洁精,日用品,4,12.0,8.0,0,1095,供应商E,3,晴,24,正常,1,1
2026-06-20,P035,牙膏,日用品,5,12.0,8.5,0,1095,供应商E,3,晴,24,正常,1,1
2026-06-20,P036,牙刷,日用品,6,6.0,3.5,0,1095,供应商E,3,晴,24,正常,1,1
2026-06-20,P037,香皂,日用品,5,5.0,3.0,0,1095,供应商E,3,晴,24,正常,1,1
2026-06-20,P038,垃圾袋,日用品,4,8.0,5.0,0,1095,供应商E,3,晴,24,正常,1,1
2026-06-20,P039,电池,日用品,5,10.0,6.5,0,1095,供应商E,3,晴,24,正常,1,1
2026-06-20,P040,打火机,日用品,9,2.0,1.0,0,1095,供应商E,3,晴,24,正常,1,1
2026-06-20,P041,苹果,水果,9,8.0,5.0,0,10,供应商B,1,晴,24,正常,1,1
2026-06-20,P042,香蕉,水果,10,6.0,3.8,0,6,供应商B,1,晴,24,正常,1,1
2026-06-20,P043,橙子,水果,7,9.0,6.0,0,14,供应商B,1,晴,24,正常,1,1
2026-06-20,P044,西红柿,蔬菜,11,6.0,3.8,1,7,供应商B,1,晴,24,正常,1,1
2026-06-20,P045,土豆,蔬菜,7,5.0,3.0,1,30,供应商B,1,晴,24,正常,1,1
2026-06-20,P046,青菜,蔬菜,11,4.0,2.2,1,3,供应商B,1,晴,24,正常,1,1
2026-06-20,P047,火锅底料,调味,3,12.0,8.0,0,365,供应商C,2,晴,24,正常,1,1
2026-06-20,P048,速冻水饺,冷冻食品,4,18.0,12.5,0,180,供应商D,2,晴,24,正常,1,1
2026-06-20,P049,口罩10只,应急用品,3,10.0,6.0,1,1095,供应商E,3,晴,24,正常,1,1
2026-06-20,P050,创可贴,应急用品,3,5.0,2.8,1,1095,供应商E,3,晴,24,正常,1,1
2026-06-21,P001,矿泉水,饮料,34,2.0,1.1,1,365,供应商A,1,晴,22,正常,1,1
2026-06-21,P002,桶装水,饮料,7,8.0,5.2,1,365,供应商A,1,晴,22,正常,1,1
2026-06-21,P003,可乐,饮料,15,3.5,2.2,0,270,供应商A,1,晴,22,正常,1,1
2026-06-21,P004,雪碧,饮料,13,3.5,2.2,0,270,供应商A,1,晴,22,正常,1,1
2026-06-21,P005,橙汁,饮料,11,5.0,3.2,0,180,供应商A,2,晴,22,正常,1,1
2026-06-21,P006,牛奶,乳品,18,3.5,2.4,1,7,供应商B,1,晴,22,正常,1,1
2026-06-21,P007,酸奶,乳品,10,5.0,3.3,0,14,供应商B,1,晴,22,正常,1,1
2026-06-21,P008,鸡蛋,生鲜,12,12.0,8.5,1,20,供应商B,1,晴,22,正常,1,1
2026-06-21,P009,大米5kg,粮油,6,35.0,28.0,1,365,供应商C,2,晴,22,正常,1,1
2026-06-21,P010,食用油5L,粮油,2,65.0,53.0,1,540,供应商C,2,晴,22,正常,1,1
2026-06-21,P011,挂面,粮油,8,8.0,5.5,1,365,供应商C,2,晴,22,正常,1,1
2026-06-21,P012,面粉2.5kg,粮油,7,18.0,14.0,1,365,供应商C,2,晴,22,正常,1,1
2026-06-21,P013,食盐,调味,6,2.5,1.4,1,730,供应商C,2,晴,22,正常,1,1
2026-06-21,P014,酱油,调味,5,8.0,5.6,1,540,供应商C,2,晴,22,正常,1,1
2026-06-21,P015,食醋,调味,5,6.0,4.0,1,540,供应商C,2,晴,22,正常,1,1
2026-06-21,P016,方便面红烧,方便食品,15,5.0,3.4,1,180,供应商D,1,晴,22,正常,1,1
2026-06-21,P017,方便面香辣,方便食品,9,5.0,3.4,0,180,供应商D,1,晴,22,正常,1,1
2026-06-21,P018,火腿肠,方便食品,12,3.0,1.9,0,180,供应商D,1,晴,22,正常,1,1
2026-06-21,P019,八宝粥,方便食品,9,6.0,4.1,0,365,供应商D,1,晴,22,正常,1,1
2026-06-21,P020,榨菜,方便食品,6,2.0,1.2,0,365,供应商D,1,晴,22,正常,1,1
2026-06-21,P021,面包,烘焙,12,6.0,3.8,0,5,供应商B,1,晴,22,正常,1,1
2026-06-21,P022,蛋糕,烘焙,7,8.0,5.2,0,4,供应商B,1,晴,22,正常,1,1
2026-06-21,P023,饼干,零食,10,7.0,4.4,0,270,供应商D,1,晴,22,正常,1,1
2026-06-21,P024,薯片,零食,10,6.0,3.8,0,180,供应商D,1,晴,22,正常,1,1
2026-06-21,P025,瓜子,零食,5,8.0,5.0,0,240,供应商D,1,晴,22,正常,1,1
2026-06-21,P026,花生,零食,9,7.0,4.3,0,240,供应商D,1,晴,22,正常,1,1
2026-06-21,P027,巧克力,零食,6,8.0,5.2,0,300,供应商D,2,晴,22,正常,1,1
2026-06-21,P028,棒棒糖,零食,11,1.0,0.5,0,365,供应商D,2,晴,22,正常,1,1
2026-06-21,P029,冰淇淋,冷饮,18,5.0,3.0,0,180,供应商A,1,晴,22,正常,1,1
2026-06-21,P030,雪糕,冷饮,21,3.0,1.7,0,180,供应商A,1,晴,22,正常,1,1
2026-06-21,P031,纸巾,日用品,8,5.0,3.2,1,1095,供应商E,2,晴,22,正常,1,1
2026-06-21,P032,卷纸,日用品,6,18.0,13.0,1,1095,供应商E,2,晴,22,正常,1,1
2026-06-21,P033,洗衣液,日用品,3,25.0,18.0,0,1095,供应商E,3,晴,22,正常,1,1
2026-06-21,P034,洗洁精,日用品,5,12.0,8.0,0,1095,供应商E,3,晴,22,正常,1,1
2026-06-21,P035,牙膏,日用品,5,12.0,8.5,0,1095,供应商E,3,晴,22,正常,1,1
2026-06-21,P036,牙刷,日用品,4,6.0,3.5,0,1095,供应商E,3,晴,22,正常,1,1
2026-06-21,P037,香皂,日用品,3,5.0,3.0,0,1095,供应商E,3,晴,22,正常,1,1
2026-06-21,P038,垃圾袋,日用品,5,8.0,5.0,0,1095,供应商E,3,晴,22,正常,1,1
2026-06-21,P039,电池,日用品,3,10.0,6.5,0,1095,供应商E,3,晴,22,正常,1,1
2026-06-21,P040,打火机,日用品,3,2.0,1.0,0,1095,供应商E,3,晴,22,正常,1,1
2026-06-21,P041,苹果,水果,10,8.0,5.0,0,10,供应商B,1,晴,22,正常,1,1
2026-06-21,P042,香蕉,水果,11,6.0,3.8,0,6,供应商B,1,晴,22,正常,1,1
2026-06-21,P043,橙子,水果,10,9.0,6.0,0,14,供应商B,1,晴,22,正常,1,1
2026-06-21,P044,西红柿,蔬菜,8,6.0,3.8,1,7,供应商B,1,晴,22,正常,1,1
2026-06-21,P045,土豆,蔬菜,7,5.0,3.0,1,30,供应商B,1,晴,22,正常,1,1
2026-06-21,P046,青菜,蔬菜,9,4.0,2.2,1,3,供应商B,1,晴,22,正常,1,1
2026-06-21,P047,火锅底料,调味,5,12.0,8.0,0,365,供应商C,2,晴,22,正常,1,1
2026-06-21,P048,速冻水饺,冷冻食品,6,18.0,12.5,0,180,供应商D,2,晴,22,正常,1,1
2026-06-21,P049,口罩10只,应急用品,2,10.0,6.0,1,1095,供应商E,3,晴,22,正常,1,1
2026-06-21,P050,创可贴,应急用品,3,5.0,2.8,1,1095,供应商E,3,晴,22,正常,1,1
2026-06-22,P001,矿泉水,饮料,16,2.0,1.1,1,365,供应商A,1,晴,24,正常,0,1
2026-06-22,P002,桶装水,饮料,7,8.0,5.2,1,365,供应商A,1,晴,24,正常,0,1
2026-06-22,P003,可乐,饮料,14,3.5,2.2,0,270,供应商A,1,晴,24,正常,0,1
2026-06-22,P004,雪碧,饮料,13,3.5,2.2,0,270,供应商A,1,晴,24,正常,0,1
2026-06-22,P005,橙汁,饮料,6,5.0,3.2,0,180,供应商A,2,晴,24,正常,0,1
2026-06-22,P006,牛奶,乳品,13,3.5,2.4,1,7,供应商B,1,晴,24,正常,0,1
2026-06-22,P007,酸奶,乳品,9,5.0,3.3,0,14,供应商B,1,晴,24,正常,0,1
2026-06-22,P008,鸡蛋,生鲜,12,12.0,8.5,1,20,供应商B,1,晴,24,正常,0,1
2026-06-22,P009,大米5kg,粮油,5,35.0,28.0,1,365,供应商C,2,晴,24,正常,0,1
2026-06-22,P010,食用油5L,粮油,5,65.0,53.0,1,540,供应商C,2,晴,24,正常,0,1
2026-06-22,P011,挂面,粮油,8,8.0,5.5,1,365,供应商C,2,晴,24,正常,0,1
2026-06-22,P012,面粉2.5kg,粮油,5,18.0,14.0,1,365,供应商C,2,晴,24,正常,0,1
2026-06-22,P013,食盐,调味,7,2.5,1.4,1,730,供应商C,2,晴,24,正常,0,1
2026-06-22,P014,酱油,调味,6,8.0,5.6,1,540,供应商C,2,晴,24,正常,0,1
2026-06-22,P015,食醋,调味,4,6.0,4.0,1,540,供应商C,2,晴,24,正常,0,1
2026-06-22,P016,方便面红烧,方便食品,17,5.0,3.4,1,180,供应商D,1,晴,24,正常,0,1
2026-06-22,P017,方便面香辣,方便食品,12,5.0,3.4,0,180,供应商D,1,晴,24,正常,0,1
2026-06-22,P018,火腿肠,方便食品,11,3.0,1.9,0,180,供应商D,1,晴,24,正常,0,1
2026-06-22,P019,八宝粥,方便食品,5,6.0,4.1,0,365,供应商D,1,晴,24,正常,0,1
2026-06-22,P020,榨菜,方便食品,5,2.0,1.2,0,365,供应商D,1,晴,24,正常,0,1
2026-06-22,P021,面包,烘焙,11,6.0,3.8,0,5,供应商B,1,晴,24,正常,0,1
2026-06-22,P022,蛋糕,烘焙,8,8.0,5.2,0,4,供应商B,1,晴,24,正常,0,1
2026-06-22,P023,饼干,零食,9,7.0,4.4,0,270,供应商D,1,晴,24,正常,0,1
2026-06-22,P024,薯片,零食,12,6.0,3.8,0,180,供应商D,1,晴,24,正常,0,1
2026-06-22,P025,瓜子,零食,8,8.0,5.0,0,240,供应商D,1,晴,24,正常,0,1
2026-06-22,P026,花生,零食,7,7.0,4.3,0,240,供应商D,1,晴,24,正常,0,1
2026-06-22,P027,巧克力,零食,6,8.0,5.2,0,300,供应商D,2,晴,24,正常,0,1
2026-06-22,P028,棒棒糖,零食,8,1.0,0.5,0,365,供应商D,2,晴,24,正常,0,1
2026-06-22,P029,冰淇淋,冷饮,15,5.0,3.0,0,180,供应商A,1,晴,24,正常,0,1
2026-06-22,P030,雪糕,冷饮,15,3.0,1.7,0,180,供应商A,1,晴,24,正常,0,1
2026-06-22,P031,纸巾,日用品,6,5.0,3.2,1,1095,供应商E,2,晴,24,正常,0,1
2026-06-22,P032,卷纸,日用品,5,18.0,13.0,1,1095,供应商E,2,晴,24,正常,0,1
2026-06-22,P033,洗衣液,日用品,5,25.0,18.0,0,1095,供应商E,3,晴,24,正常,0,1
2026-06-22,P034,洗洁精,日用品,5,12.0,8.0,0,1095,供应商E,3,晴,24,正常,0,1
2026-06-22,P035,牙膏,日用品,6,12.0,8.5,0,1095,供应商E,3,晴,24,正常,0,1
2026-06-22,P036,牙刷,日用品,4,6.0,3.5,0,1095,供应商E,3,晴,24,正常,0,1
2026-06-22,P037,香皂,日用品,7,5.0,3.0,0,1095,供应商E,3,晴,24,正常,0,1
2026-06-22,P038,垃圾袋,日用品,4,8.0,5.0,0,1095,供应商E,3,晴,24,正常,0,1
2026-06-22,P039,电池,日用品,3,10.0,6.5,0,1095,供应商E,3,晴,24,正常,0,1
2026-06-22,P040,打火机,日用品,3,2.0,1.0,0,1095,供应商E,3,晴,24,正常,0,1
2026-06-22,P041,苹果,水果,9,8.0,5.0,0,10,供应商B,1,晴,24,正常,0,1
2026-06-22,P042,香蕉,水果,8,6.0,3.8,0,6,供应商B,1,晴,24,正常,0,1
2026-06-22,P043,橙子,水果,5,9.0,6.0,0,14,供应商B,1,晴,24,正常,0,1
2026-06-22,P044,西红柿,蔬菜,10,6.0,3.8,1,7,供应商B,1,晴,24,正常,0,1
2026-06-22,P045,土豆,蔬菜,8,5.0,3.0,1,30,供应商B,1,晴,24,正常,0,1
2026-06-22,P046,青菜,蔬菜,12,4.0,2.2,1,3,供应商B,1,晴,24,正常,0,1
2026-06-22,P047,火锅底料,调味,4,12.0,8.0,0,365,供应商C,2,晴,24,正常,0,1
2026-06-22,P048,速冻水饺,冷冻食品,5,18.0,12.5,0,180,供应商D,2,晴,24,正常,0,1
2026-06-22,P049,口罩10只,应急用品,3,10.0,6.0,1,1095,供应商E,3,晴,24,正常,0,1
2026-06-22,P050,创可贴,应急用品,4,5.0,2.8,1,1095,供应商E,3,晴,24,正常,0,1
2026-06-23,P001,矿泉水,饮料,30,2.0,1.1,1,365,供应商A,1,晴,23,正常,0,1
2026-06-23,P002,桶装水,饮料,6,8.0,5.2,1,365,供应商A,1,晴,23,正常,0,1
2026-06-23,P003,可乐,饮料,21,3.5,2.2,0,270,供应商A,1,晴,23,正常,0,1
2026-06-23,P004,雪碧,饮料,15,3.5,2.2,0,270,供应商A,1,晴,23,正常,0,1
2026-06-23,P005,橙汁,饮料,8,5.0,3.2,0,180,供应商A,2,晴,23,正常,0,1
2026-06-23,P006,牛奶,乳品,16,3.5,2.4,1,7,供应商B,1,晴,23,正常,0,1
2026-06-23,P007,酸奶,乳品,11,5.0,3.3,0,14,供应商B,1,晴,23,正常,0,1
2026-06-23,P008,鸡蛋,生鲜,16,12.0,8.5,1,20,供应商B,1,晴,23,正常,0,1
2026-06-23,P009,大米5kg,粮油,5,35.0,28.0,1,365,供应商C,2,晴,23,正常,0,1
2026-06-23,P010,食用油5L,粮油,3,65.0,53.0,1,540,供应商C,2,晴,23,正常,0,1
2026-06-23,P011,挂面,粮油,7,8.0,5.5,1,365,供应商C,2,晴,23,正常,0,1
2026-06-23,P012,面粉2.5kg,粮油,5,18.0,14.0,1,365,供应商C,2,晴,23,正常,0,1
2026-06-23,P013,食盐,调味,7,2.5,1.4,1,730,供应商C,2,晴,23,正常,0,1
2026-06-23,P014,酱油,调味,6,8.0,5.6,1,540,供应商C,2,晴,23,正常,0,1
2026-06-23,P015,食醋,调味,5,6.0,4.0,1,540,供应商C,2,晴,23,正常,0,1
2026-06-23,P016,方便面红烧,方便食品,15,5.0,3.4,1,180,供应商D,1,晴,23,正常,0,1
2026-06-23,P017,方便面香辣,方便食品,9,5.0,3.4,0,180,供应商D,1,晴,23,正常,0,1
2026-06-23,P018,火腿肠,方便食品,10,3.0,1.9,0,180,供应商D,1,晴,23,正常,0,1
2026-06-23,P019,八宝粥,方便食品,7,6.0,4.1,0,365,供应商D,1,晴,23,正常,0,1
2026-06-23,P020,榨菜,方便食品,8,2.0,1.2,0,365,供应商D,1,晴,23,正常,0,1
2026-06-23,P021,面包,烘焙,12,6.0,3.8,0,5,供应商B,1,晴,23,正常,0,1
2026-06-23,P022,蛋糕,烘焙,7,8.0,5.2,0,4,供应商B,1,晴,23,正常,0,1
2026-06-23,P023,饼干,零食,8,7.0,4.4,0,270,供应商D,1,晴,23,正常,0,1
2026-06-23,P024,薯片,零食,11,6.0,3.8,0,180,供应商D,1,晴,23,正常,0,1
2026-06-23,P025,瓜子,零食,8,8.0,5.0,0,240,供应商D,1,晴,23,正常,0,1
2026-06-23,P026,花生,零食,8,7.0,4.3,0,240,供应商D,1,晴,23,正常,0,1
2026-06-23,P027,巧克力,零食,5,8.0,5.2,0,300,供应商D,2,晴,23,正常,0,1
2026-06-23,P028,棒棒糖,零食,10,1.0,0.5,0,365,供应商D,2,晴,23,正常,0,1
2026-06-23,P029,冰淇淋,冷饮,14,5.0,3.0,0,180,供应商A,1,晴,23,正常,0,1
2026-06-23,P030,雪糕,冷饮,18,3.0,1.7,0,180,供应商A,1,晴,23,正常,0,1
2026-06-23,P031,纸巾,日用品,8,5.0,3.2,1,1095,供应商E,2,晴,23,正常,0,1
2026-06-23,P032,卷纸,日用品,5,18.0,13.0,1,1095,供应商E,2,晴,23,正常,0,1
2026-06-23,P033,洗衣液,日用品,3,25.0,18.0,0,1095,供应商E,3,晴,23,正常,0,1
2026-06-23,P034,洗洁精,日用品,5,12.0,8.0,0,1095,供应商E,3,晴,23,正常,0,1
2026-06-23,P035,牙膏,日用品,4,12.0,8.5,0,1095,供应商E,3,晴,23,正常,0,1
2026-06-23,P036,牙刷,日用品,4,6.0,3.5,0,1095,供应商E,3,晴,23,正常,0,1
2026-06-23,P037,香皂,日用品,6,5.0,3.0,0,1095,供应商E,3,晴,23,正常,0,1
2026-06-23,P038,垃圾袋,日用品,7,8.0,5.0,0,1095,供应商E,3,晴,23,正常,0,1
2026-06-23,P039,电池,日用品,2,10.0,6.5,0,1095,供应商E,3,晴,23,正常,0,1
2026-06-23,P040,打火机,日用品,3,2.0,1.0,0,1095,供应商E,3,晴,23,正常,0,1
2026-06-23,P041,苹果,水果,7,8.0,5.0,0,10,供应商B,1,晴,23,正常,0,1
2026-06-23,P042,香蕉,水果,9,6.0,3.8,0,6,供应商B,1,晴,23,正常,0,1
2026-06-23,P043,橙子,水果,7,9.0,6.0,0,14,供应商B,1,晴,23,正常,0,1
2026-06-23,P044,西红柿,蔬菜,9,6.0,3.8,1,7,供应商B,1,晴,23,正常,0,1
2026-06-23,P045,土豆,蔬菜,7,5.0,3.0,1,30,供应商B,1,晴,23,正常,0,1
2026-06-23,P046,青菜,蔬菜,11,4.0,2.2,1,3,供应商B,1,晴,23,正常,0,1
2026-06-23,P047,火锅底料,调味,3,12.0,8.0,0,365,供应商C,2,晴,23,正常,0,1
2026-06-23,P048,速冻水饺,冷冻食品,5,18.0,12.5,0,180,供应商D,2,晴,23,正常,0,1
2026-06-23,P049,口罩10只,应急用品,3,10.0,6.0,1,1095,供应商E,3,晴,23,正常,0,1
2026-06-23,P050,创可贴,应急用品,1,5.0,2.8,1,1095,供应商E,3,晴,23,正常,0,1
2026-06-24,P001,矿泉水,饮料,20,2.0,1.1,1,365,供应商A,1,晴,28,正常,0,1
2026-06-24,P002,桶装水,饮料,5,8.0,5.2,1,365,供应商A,1,晴,28,正常,0,1
2026-06-24,P003,可乐,饮料,18,3.5,2.2,0,270,供应商A,1,晴,28,正常,0,1
2026-06-24,P004,雪碧,饮料,14,3.5,2.2,0,270,供应商A,1,晴,28,正常,0,1
2026-06-24,P005,橙汁,饮料,9,5.0,3.2,0,180,供应商A,2,晴,28,正常,0,1
2026-06-24,P006,牛奶,乳品,10,3.5,2.4,1,7,供应商B,1,晴,28,正常,0,1
2026-06-24,P007,酸奶,乳品,7,5.0,3.3,0,14,供应商B,1,晴,28,正常,0,1
2026-06-24,P008,鸡蛋,生鲜,13,12.0,8.5,1,20,供应商B,1,晴,28,正常,0,1
2026-06-24,P009,大米5kg,粮油,1,35.0,28.0,1,365,供应商C,2,晴,28,正常,0,1
2026-06-24,P010,食用油5L,粮油,4,65.0,53.0,1,540,供应商C,2,晴,28,正常,0,1
2026-06-24,P011,挂面,粮油,5,8.0,5.5,1,365,供应商C,2,晴,28,正常,0,1
2026-06-24,P012,面粉2.5kg,粮油,5,18.0,14.0,1,365,供应商C,2,晴,28,正常,0,1
2026-06-24,P013,食盐,调味,4,2.5,1.4,1,730,供应商C,2,晴,28,正常,0,1
2026-06-24,P014,酱油,调味,6,8.0,5.6,1,540,供应商C,2,晴,28,正常,0,1
2026-06-24,P015,食醋,调味,8,6.0,4.0,1,540,供应商C,2,晴,28,正常,0,1
2026-06-24,P016,方便面红烧,方便食品,10,5.0,3.4,1,180,供应商D,1,晴,28,正常,0,1
2026-06-24,P017,方便面香辣,方便食品,11,5.0,3.4,0,180,供应商D,1,晴,28,正常,0,1
2026-06-24,P018,火腿肠,方便食品,7,3.0,1.9,0,180,供应商D,1,晴,28,正常,0,1
2026-06-24,P019,八宝粥,方便食品,8,6.0,4.1,0,365,供应商D,1,晴,28,正常,0,1
2026-06-24,P020,榨菜,方便食品,6,2.0,1.2,0,365,供应商D,1,晴,28,正常,0,1
2026-06-24,P021,面包,烘焙,12,6.0,3.8,0,5,供应商B,1,晴,28,正常,0,1
2026-06-24,P022,蛋糕,烘焙,6,8.0,5.2,0,4,供应商B,1,晴,28,正常,0,1
2026-06-24,P023,饼干,零食,10,7.0,4.4,0,270,供应商D,1,晴,28,正常,0,1
2026-06-24,P024,薯片,零食,8,6.0,3.8,0,180,供应商D,1,晴,28,正常,0,1
2026-06-24,P025,瓜子,零食,7,8.0,5.0,0,240,供应商D,1,晴,28,正常,0,1
2026-06-24,P026,花生,零食,6,7.0,4.3,0,240,供应商D,1,晴,28,正常,0,1
2026-06-24,P027,巧克力,零食,3,8.0,5.2,0,300,供应商D,2,晴,28,正常,0,1
2026-06-24,P028,棒棒糖,零食,11,1.0,0.5,0,365,供应商D,2,晴,28,正常,0,1
2026-06-24,P029,冰淇淋,冷饮,14,5.0,3.0,0,180,供应商A,1,晴,28,正常,0,1
2026-06-24,P030,雪糕,冷饮,22,3.0,1.7,0,180,供应商A,1,晴,28,正常,0,1
2026-06-24,P031,纸巾,日用品,10,5.0,3.2,1,1095,供应商E,2,晴,28,正常,0,1
2026-06-24,P032,卷纸,日用品,4,18.0,13.0,1,1095,供应商E,2,晴,28,正常,0,1
2026-06-24,P033,洗衣液,日用品,3,25.0,18.0,0,1095,供应商E,3,晴,28,正常,0,1
2026-06-24,P034,洗洁精,日用品,4,12.0,8.0,0,1095,供应商E,3,晴,28,正常,0,1
2026-06-24,P035,牙膏,日用品,6,12.0,8.5,0,1095,供应商E,3,晴,28,正常,0,1
2026-06-24,P036,牙刷,日用品,5,6.0,3.5,0,1095,供应商E,3,晴,28,正常,0,1
2026-06-24,P037,香皂,日用品,4,5.0,3.0,0,1095,供应商E,3,晴,28,正常,0,1
2026-06-24,P038,垃圾袋,日用品,4,8.0,5.0,0,1095,供应商E,3,晴,28,正常,0,1
2026-06-24,P039,电池,日用品,3,10.0,6.5,0,1095,供应商E,3,晴,28,正常,0,1
2026-06-24,P040,打火机,日用品,7,2.0,1.0,0,1095,供应商E,3,晴,28,正常,0,1
2026-06-24,P041,苹果,水果,8,8.0,5.0,0,10,供应商B,1,晴,28,正常,0,1
2026-06-24,P042,香蕉,水果,8,6.0,3.8,0,6,供应商B,1,晴,28,正常,0,1
2026-06-24,P043,橙子,水果,5,9.0,6.0,0,14,供应商B,1,晴,28,正常,0,1
2026-06-24,P044,西红柿,蔬菜,7,6.0,3.8,1,7,供应商B,1,晴,28,正常,0,1
2026-06-24,P045,土豆,蔬菜,5,5.0,3.0,1,30,供应商B,1,晴,28,正常,0,1
2026-06-24,P046,青菜,蔬菜,9,4.0,2.2,1,3,供应商B,1,晴,28,正常,0,1
2026-06-24,P047,火锅底料,调味,6,12.0,8.0,0,365,供应商C,2,晴,28,正常,0,1
2026-06-24,P048,速冻水饺,冷冻食品,5,18.0,12.5,0,180,供应商D,2,晴,28,正常,0,1
2026-06-24,P049,口罩10只,应急用品,4,10.0,6.0,1,1095,供应商E,3,晴,28,正常,0,1
2026-06-24,P050,创可贴,应急用品,0,5.0,2.8,1,1095,供应商E,3,晴,28,正常,0,1
2026-06-25,P001,矿泉水,饮料,26,2.0,1.1,1,365,供应商A,1,晴,22,正常,0,1
2026-06-25,P002,桶装水,饮料,6,8.0,5.2,1,365,供应商A,1,晴,22,正常,0,1
2026-06-25,P003,可乐,饮料,15,3.5,2.2,0,270,供应商A,1,晴,22,正常,0,1
2026-06-25,P004,雪碧,饮料,13,3.5,2.2,0,270,供应商A,1,晴,22,正常,0,1
2026-06-25,P005,橙汁,饮料,7,5.0,3.2,0,180,供应商A,2,晴,22,正常,0,1
2026-06-25,P006,牛奶,乳品,9,3.5,2.4,1,7,供应商B,1,晴,22,正常,0,1
2026-06-25,P007,酸奶,乳品,10,5.0,3.3,0,14,供应商B,1,晴,22,正常,0,1
2026-06-25,P008,鸡蛋,生鲜,12,12.0,8.5,1,20,供应商B,1,晴,22,正常,0,1
2026-06-25,P009,大米5kg,粮油,4,35.0,28.0,1,365,供应商C,2,晴,22,正常,0,1
2026-06-25,P010,食用油5L,粮油,2,65.0,53.0,1,540,供应商C,2,晴,22,正常,0,1
2026-06-25,P011,挂面,粮油,5,8.0,5.5,1,365,供应商C,2,晴,22,正常,0,1
2026-06-25,P012,面粉2.5kg,粮油,4,18.0,14.0,1,365,供应商C,2,晴,22,正常,0,1
2026-06-25,P013,食盐,调味,7,2.5,1.4,1,730,供应商C,2,晴,22,正常,0,1
2026-06-25,P014,酱油,调味,5,8.0,5.6,1,540,供应商C,2,晴,22,正常,0,1
2026-06-25,P015,食醋,调味,2,6.0,4.0,1,540,供应商C,2,晴,22,正常,0,1
2026-06-25,P016,方便面红烧,方便食品,16,5.0,3.4,1,180,供应商D,1,晴,22,正常,0,1
2026-06-25,P017,方便面香辣,方便食品,10,5.0,3.4,0,180,供应商D,1,晴,22,正常,0,1
2026-06-25,P018,火腿肠,方便食品,11,3.0,1.9,0,180,供应商D,1,晴,22,正常,0,1
2026-06-25,P019,八宝粥,方便食品,8,6.0,4.1,0,365,供应商D,1,晴,22,正常,0,1
2026-06-25,P020,榨菜,方便食品,2,2.0,1.2,0,365,供应商D,1,晴,22,正常,0,1
2026-06-25,P021,面包,烘焙,13,6.0,3.8,0,5,供应商B,1,晴,22,正常,0,1
2026-06-25,P022,蛋糕,烘焙,6,8.0,5.2,0,4,供应商B,1,晴,22,正常,0,1
2026-06-25,P023,饼干,零食,7,7.0,4.4,0,270,供应商D,1,晴,22,正常,0,1
2026-06-25,P024,薯片,零食,10,6.0,3.8,0,180,供应商D,1,晴,22,正常,0,1
2026-06-25,P025,瓜子,零食,6,8.0,5.0,0,240,供应商D,1,晴,22,正常,0,1
2026-06-25,P026,花生,零食,4,7.0,4.3,0,240,供应商D,1,晴,22,正常,0,1
2026-06-25,P027,巧克力,零食,6,8.0,5.2,0,300,供应商D,2,晴,22,正常,0,1
2026-06-25,P028,棒棒糖,零食,10,1.0,0.5,0,365,供应商D,2,晴,22,正常,0,1
2026-06-25,P029,冰淇淋,冷饮,14,5.0,3.0,0,180,供应商A,1,晴,22,正常,0,1
2026-06-25,P030,雪糕,冷饮,15,3.0,1.7,0,180,供应商A,1,晴,22,正常,0,1
2026-06-25,P031,纸巾,日用品,7,5.0,3.2,1,1095,供应商E,2,晴,22,正常,0,1
2026-06-25,P032,卷纸,日用品,6,18.0,13.0,1,1095,供应商E,2,晴,22,正常,0,1
2026-06-25,P033,洗衣液,日用品,1,25.0,18.0,0,1095,供应商E,3,晴,22,正常,0,1
2026-06-25,P034,洗洁精,日用品,5,12.0,8.0,0,1095,供应商E,3,晴,22,正常,0,1
2026-06-25,P035,牙膏,日用品,4,12.0,8.5,0,1095,供应商E,3,晴,22,正常,0,1
2026-06-25,P036,牙刷,日用品,4,6.0,3.5,0,1095,供应商E,3,晴,22,正常,0,1
2026-06-25,P037,香皂,日用品,2,5.0,3.0,0,1095,供应商E,3,晴,22,正常,0,1
2026-06-25,P038,垃圾袋,日用品,4,8.0,5.0,0,1095,供应商E,3,晴,22,正常,0,1
2026-06-25,P039,电池,日用品,4,10.0,6.5,0,1095,供应商E,3,晴,22,正常,0,1
2026-06-25,P040,打火机,日用品,3,2.0,1.0,0,1095,供应商E,3,晴,22,正常,0,1
2026-06-25,P041,苹果,水果,9,8.0,5.0,0,10,供应商B,1,晴,22,正常,0,1
2026-06-25,P042,香蕉,水果,9,6.0,3.8,0,6,供应商B,1,晴,22,正常,0,1
2026-06-25,P043,橙子,水果,5,9.0,6.0,0,14,供应商B,1,晴,22,正常,0,1
2026-06-25,P044,西红柿,蔬菜,9,6.0,3.8,1,7,供应商B,1,晴,22,正常,0,1
2026-06-25,P045,土豆,蔬菜,4,5.0,3.0,1,30,供应商B,1,晴,22,正常,0,1
2026-06-25,P046,青菜,蔬菜,11,4.0,2.2,1,3,供应商B,1,晴,22,正常,0,1
2026-06-25,P047,火锅底料,调味,6,12.0,8.0,0,365,供应商C,2,晴,22,正常,0,1
2026-06-25,P048,速冻水饺,冷冻食品,7,18.0,12.5,0,180,供应商D,2,晴,22,正常,0,1
2026-06-25,P049,口罩10只,应急用品,3,10.0,6.0,1,1095,供应商E,3,晴,22,正常,0,1
2026-06-25,P050,创可贴,应急用品,3,5.0,2.8,1,1095,供应商E,3,晴,22,正常,0,1
2026-06-26,P001,矿泉水,饮料,22,2.0,1.1,1,365,供应商A,1,晴,19,正常,0,1
2026-06-26,P002,桶装水,饮料,6,8.0,5.2,1,365,供应商A,1,晴,19,正常,0,1
2026-06-26,P003,可乐,饮料,17,3.5,2.2,0,270,供应商A,1,晴,19,正常,0,1
2026-06-26,P004,雪碧,饮料,11,3.5,2.2,0,270,供应商A,1,晴,19,正常,0,1
2026-06-26,P005,橙汁,饮料,9,5.0,3.2,0,180,供应商A,2,晴,19,正常,0,1
2026-06-26,P006,牛奶,乳品,19,3.5,2.4,1,7,供应商B,1,晴,19,正常,0,1
2026-06-26,P007,酸奶,乳品,9,5.0,3.3,0,14,供应商B,1,晴,19,正常,0,1
2026-06-26,P008,鸡蛋,生鲜,9,12.0,8.5,1,20,供应商B,1,晴,19,正常,0,1
2026-06-26,P009,大米5kg,粮油,2,35.0,28.0,1,365,供应商C,2,晴,19,正常,0,1
2026-06-26,P010,食用油5L,粮油,4,65.0,53.0,1,540,供应商C,2,晴,19,正常,0,1
2026-06-26,P011,挂面,粮油,7,8.0,5.5,1,365,供应商C,2,晴,19,正常,0,1
2026-06-26,P012,面粉2.5kg,粮油,5,18.0,14.0,1,365,供应商C,2,晴,19,正常,0,1
2026-06-26,P013,食盐,调味,4,2.5,1.4,1,730,供应商C,2,晴,19,正常,0,1
2026-06-26,P014,酱油,调味,6,8.0,5.6,1,540,供应商C,2,晴,19,正常,0,1
2026-06-26,P015,食醋,调味,4,6.0,4.0,1,540,供应商C,2,晴,19,正常,0,1
2026-06-26,P016,方便面红烧,方便食品,13,5.0,3.4,1,180,供应商D,1,晴,19,正常,0,1
2026-06-26,P017,方便面香辣,方便食品,9,5.0,3.4,0,180,供应商D,1,晴,19,正常,0,1
2026-06-26,P018,火腿肠,方便食品,8,3.0,1.9,0,180,供应商D,1,晴,19,正常,0,1
2026-06-26,P019,八宝粥,方便食品,9,6.0,4.1,0,365,供应商D,1,晴,19,正常,0,1
2026-06-26,P020,榨菜,方便食品,6,2.0,1.2,0,365,供应商D,1,晴,19,正常,0,1
2026-06-26,P021,面包,烘焙,13,6.0,3.8,0,5,供应商B,1,晴,19,正常,0,1
2026-06-26,P022,蛋糕,烘焙,6,8.0,5.2,0,4,供应商B,1,晴,19,正常,0,1
2026-06-26,P023,饼干,零食,7,7.0,4.4,0,270,供应商D,1,晴,19,正常,0,1
2026-06-26,P024,薯片,零食,10,6.0,3.8,0,180,供应商D,1,晴,19,正常,0,1
2026-06-26,P025,瓜子,零食,7,8.0,5.0,0,240,供应商D,1,晴,19,正常,0,1
2026-06-26,P026,花生,零食,5,7.0,4.3,0,240,供应商D,1,晴,19,正常,0,1
2026-06-26,P027,巧克力,零食,4,8.0,5.2,0,300,供应商D,2,晴,19,正常,0,1
2026-06-26,P028,棒棒糖,零食,9,1.0,0.5,0,365,供应商D,2,晴,19,正常,0,1
2026-06-26,P029,冰淇淋,冷饮,15,5.0,3.0,0,180,供应商A,1,晴,19,正常,0,1
2026-06-26,P030,雪糕,冷饮,21,3.0,1.7,0,180,供应商A,1,晴,19,正常,0,1
2026-06-26,P031,纸巾,日用品,8,5.0,3.2,1,1095,供应商E,2,晴,19,正常,0,1
2026-06-26,P032,卷纸,日用品,6,18.0,13.0,1,1095,供应商E,2,晴,19,正常,0,1
2026-06-26,P033,洗衣液,日用品,4,25.0,18.0,0,1095,供应商E,3,晴,19,正常,0,1
2026-06-26,P034,洗洁精,日用品,3,12.0,8.0,0,1095,供应商E,3,晴,19,正常,0,1
2026-06-26,P035,牙膏,日用品,3,12.0,8.5,0,1095,供应商E,3,晴,19,正常,0,1
2026-06-26,P036,牙刷,日用品,3,6.0,3.5,0,1095,供应商E,3,晴,19,正常,0,1
2026-06-26,P037,香皂,日用品,2,5.0,3.0,0,1095,供应商E,3,晴,19,正常,0,1
2026-06-26,P038,垃圾袋,日用品,5,8.0,5.0,0,1095,供应商E,3,晴,19,正常,0,1
2026-06-26,P039,电池,日用品,3,10.0,6.5,0,1095,供应商E,3,晴,19,正常,0,1
2026-06-26,P040,打火机,日用品,5,2.0,1.0,0,1095,供应商E,3,晴,19,正常,0,1
2026-06-26,P041,苹果,水果,5,8.0,5.0,0,10,供应商B,1,晴,19,正常,0,1
2026-06-26,P042,香蕉,水果,12,6.0,3.8,0,6,供应商B,1,晴,19,正常,0,1
2026-06-26,P043,橙子,水果,5,9.0,6.0,0,14,供应商B,1,晴,19,正常,0,1
2026-06-26,P044,西红柿,蔬菜,11,6.0,3.8,1,7,供应商B,1,晴,19,正常,0,1
2026-06-26,P045,土豆,蔬菜,5,5.0,3.0,1,30,供应商B,1,晴,19,正常,0,1
2026-06-26,P046,青菜,蔬菜,9,4.0,2.2,1,3,供应商B,1,晴,19,正常,0,1
2026-06-26,P047,火锅底料,调味,1,12.0,8.0,0,365,供应商C,2,晴,19,正常,0,1
2026-06-26,P048,速冻水饺,冷冻食品,5,18.0,12.5,0,180,供应商D,2,晴,19,正常,0,1
2026-06-26,P049,口罩10只,应急用品,2,10.0,6.0,1,1095,供应商E,3,晴,19,正常,0,1
2026-06-26,P050,创可贴,应急用品,2,5.0,2.8,1,1095,供应商E,3,晴,19,正常,0,1
2026-06-27,P001,矿泉水,饮料,21,2.0,1.1,1,365,供应商A,1,晴,22,正常,1,1
2026-06-27,P002,桶装水,饮料,8,8.0,5.2,1,365,供应商A,1,晴,22,正常,1,1
2026-06-27,P003,可乐,饮料,20,3.5,2.2,0,270,供应商A,1,晴,22,正常,1,1
2026-06-27,P004,雪碧,饮料,18,3.5,2.2,0,270,供应商A,1,晴,22,正常,1,1
2026-06-27,P005,橙汁,饮料,8,5.0,3.2,0,180,供应商A,2,晴,22,正常,1,1
2026-06-27,P006,牛奶,乳品,16,3.5,2.4,1,7,供应商B,1,晴,22,正常,1,1
2026-06-27,P007,酸奶,乳品,8,5.0,3.3,0,14,供应商B,1,晴,22,正常,1,1
2026-06-27,P008,鸡蛋,生鲜,12,12.0,8.5,1,20,供应商B,1,晴,22,正常,1,1
2026-06-27,P009,大米5kg,粮油,4,35.0,28.0,1,365,供应商C,2,晴,22,正常,1,1
2026-06-27,P010,食用油5L,粮油,4,65.0,53.0,1,540,供应商C,2,晴,22,正常,1,1
2026-06-27,P011,挂面,粮油,9,8.0,5.5,1,365,供应商C,2,晴,22,正常,1,1
2026-06-27,P012,面粉2.5kg,粮油,6,18.0,14.0,1,365,供应商C,2,晴,22,正常,1,1
2026-06-27,P013,食盐,调味,4,2.5,1.4,1,730,供应商C,2,晴,22,正常,1,1
2026-06-27,P014,酱油,调味,7,8.0,5.6,1,540,供应商C,2,晴,22,正常,1,1
2026-06-27,P015,食醋,调味,4,6.0,4.0,1,540,供应商C,2,晴,22,正常,1,1
2026-06-27,P016,方便面红烧,方便食品,16,5.0,3.4,1,180,供应商D,1,晴,22,正常,1,1
2026-06-27,P017,方便面香辣,方便食品,10,5.0,3.4,0,180,供应商D,1,晴,22,正常,1,1
2026-06-27,P018,火腿肠,方便食品,10,3.0,1.9,0,180,供应商D,1,晴,22,正常,1,1
2026-06-27,P019,八宝粥,方便食品,10,6.0,4.1,0,365,供应商D,1,晴,22,正常,1,1
2026-06-27,P020,榨菜,方便食品,7,2.0,1.2,0,365,供应商D,1,晴,22,正常,1,1
2026-06-27,P021,面包,烘焙,14,6.0,3.8,0,5,供应商B,1,晴,22,正常,1,1
2026-06-27,P022,蛋糕,烘焙,7,8.0,5.2,0,4,供应商B,1,晴,22,正常,1,1
2026-06-27,P023,饼干,零食,14,7.0,4.4,0,270,供应商D,1,晴,22,正常,1,1
2026-06-27,P024,薯片,零食,13,6.0,3.8,0,180,供应商D,1,晴,22,正常,1,1
2026-06-27,P025,瓜子,零食,6,8.0,5.0,0,240,供应商D,1,晴,22,正常,1,1
2026-06-27,P026,花生,零食,6,7.0,4.3,0,240,供应商D,1,晴,22,正常,1,1
2026-06-27,P027,巧克力,零食,5,8.0,5.2,0,300,供应商D,2,晴,22,正常,1,1
2026-06-27,P028,棒棒糖,零食,10,1.0,0.5,0,365,供应商D,2,晴,22,正常,1,1
2026-06-27,P029,冰淇淋,冷饮,14,5.0,3.0,0,180,供应商A,1,晴,22,正常,1,1
2026-06-27,P030,雪糕,冷饮,20,3.0,1.7,0,180,供应商A,1,晴,22,正常,1,1
2026-06-27,P031,纸巾,日用品,11,5.0,3.2,1,1095,供应商E,2,晴,22,正常,1,1
2026-06-27,P032,卷纸,日用品,4,18.0,13.0,1,1095,供应商E,2,晴,22,正常,1,1
2026-06-27,P033,洗衣液,日用品,2,25.0,18.0,0,1095,供应商E,3,晴,22,正常,1,1
2026-06-27,P034,洗洁精,日用品,4,12.0,8.0,0,1095,供应商E,3,晴,22,正常,1,1
2026-06-27,P035,牙膏,日用品,4,12.0,8.5,0,1095,供应商E,3,晴,22,正常,1,1
2026-06-27,P036,牙刷,日用品,7,6.0,3.5,0,1095,供应商E,3,晴,22,正常,1,1
2026-06-27,P037,香皂,日用品,6,5.0,3.0,0,1095,供应商E,3,晴,22,正常,1,1
2026-06-27,P038,垃圾袋,日用品,6,8.0,5.0,0,1095,供应商E,3,晴,22,正常,1,1
2026-06-27,P039,电池,日用品,3,10.0,6.5,0,1095,供应商E,3,晴,22,正常,1,1
2026-06-27,P040,打火机,日用品,5,2.0,1.0,0,1095,供应商E,3,晴,22,正常,1,1
2026-06-27,P041,苹果,水果,7,8.0,5.0,0,10,供应商B,1,晴,22,正常,1,1
2026-06-27,P042,香蕉,水果,11,6.0,3.8,0,6,供应商B,1,晴,22,正常,1,1
2026-06-27,P043,橙子,水果,7,9.0,6.0,0,14,供应商B,1,晴,22,正常,1,1
2026-06-27,P044,西红柿,蔬菜,11,6.0,3.8,1,7,供应商B,1,晴,22,正常,1,1
2026-06-27,P045,土豆,蔬菜,7,5.0,3.0,1,30,供应商B,1,晴,22,正常,1,1
2026-06-27,P046,青菜,蔬菜,11,4.0,2.2,1,3,供应商B,1,晴,22,正常,1,1
2026-06-27,P047,火锅底料,调味,5,12.0,8.0,0,365,供应商C,2,晴,22,正常,1,1
2026-06-27,P048,速冻水饺,冷冻食品,7,18.0,12.5,0,180,供应商D,2,晴,22,正常,1,1
2026-06-27,P049,口罩10只,应急用品,2,10.0,6.0,1,1095,供应商E,3,晴,22,正常,1,1
2026-06-27,P050,创可贴,应急用品,4,5.0,2.8,1,1095,供应商E,3,晴,22,正常,1,1
2026-06-28,P001,矿泉水,饮料,26,2.0,1.1,1,365,供应商A,1,晴,22,正常,1,1
2026-06-28,P002,桶装水,饮料,5,8.0,5.2,1,365,供应商A,1,晴,22,正常,1,1
2026-06-28,P003,可乐,饮料,12,3.5,2.2,0,270,供应商A,1,晴,22,正常,1,1
2026-06-28,P004,雪碧,饮料,14,3.5,2.2,0,270,供应商A,1,晴,22,正常,1,1
2026-06-28,P005,橙汁,饮料,11,5.0,3.2,0,180,供应商A,2,晴,22,正常,1,1
2026-06-28,P006,牛奶,乳品,20,3.5,2.4,1,7,供应商B,1,晴,22,正常,1,1
2026-06-28,P007,酸奶,乳品,10,5.0,3.3,0,14,供应商B,1,晴,22,正常,1,1
2026-06-28,P008,鸡蛋,生鲜,17,12.0,8.5,1,20,供应商B,1,晴,22,正常,1,1
2026-06-28,P009,大米5kg,粮油,4,35.0,28.0,1,365,供应商C,2,晴,22,正常,1,1
2026-06-28,P010,食用油5L,粮油,4,65.0,53.0,1,540,供应商C,2,晴,22,正常,1,1
2026-06-28,P011,挂面,粮油,7,8.0,5.5,1,365,供应商C,2,晴,22,正常,1,1
2026-06-28,P012,面粉2.5kg,粮油,4,18.0,14.0,1,365,供应商C,2,晴,22,正常,1,1
2026-06-28,P013,食盐,调味,5,2.5,1.4,1,730,供应商C,2,晴,22,正常,1,1
2026-06-28,P014,酱油,调味,3,8.0,5.6,1,540,供应商C,2,晴,22,正常,1,1
2026-06-28,P015,食醋,调味,6,6.0,4.0,1,540,供应商C,2,晴,22,正常,1,1
2026-06-28,P016,方便面红烧,方便食品,15,5.0,3.4,1,180,供应商D,1,晴,22,正常,1,1
2026-06-28,P017,方便面香辣,方便食品,10,5.0,3.4,0,180,供应商D,1,晴,22,正常,1,1
2026-06-28,P018,火腿肠,方便食品,9,3.0,1.9,0,180,供应商D,1,晴,22,正常,1,1
2026-06-28,P019,八宝粥,方便食品,7,6.0,4.1,0,365,供应商D,1,晴,22,正常,1,1
2026-06-28,P020,榨菜,方便食品,9,2.0,1.2,0,365,供应商D,1,晴,22,正常,1,1
2026-06-28,P021,面包,烘焙,18,6.0,3.8,0,5,供应商B,1,晴,22,正常,1,1
2026-06-28,P022,蛋糕,烘焙,6,8.0,5.2,0,4,供应商B,1,晴,22,正常,1,1
2026-06-28,P023,饼干,零食,9,7.0,4.4,0,270,供应商D,1,晴,22,正常,1,1
2026-06-28,P024,薯片,零食,9,6.0,3.8,0,180,供应商D,1,晴,22,正常,1,1
2026-06-28,P025,瓜子,零食,8,8.0,5.0,0,240,供应商D,1,晴,22,正常,1,1
2026-06-28,P026,花生,零食,7,7.0,4.3,0,240,供应商D,1,晴,22,正常,1,1
2026-06-28,P027,巧克力,零食,5,8.0,5.2,0,300,供应商D,2,晴,22,正常,1,1
2026-06-28,P028,棒棒糖,零食,10,1.0,0.5,0,365,供应商D,2,晴,22,正常,1,1
2026-06-28,P029,冰淇淋,冷饮,14,5.0,3.0,0,180,供应商A,1,晴,22,正常,1,1
2026-06-28,P030,雪糕,冷饮,24,3.0,1.7,0,180,供应商A,1,晴,22,正常,1,1
2026-06-28,P031,纸巾,日用品,10,5.0,3.2,1,1095,供应商E,2,晴,22,正常,1,1
2026-06-28,P032,卷纸,日用品,6,18.0,13.0,1,1095,供应商E,2,晴,22,正常,1,1
2026-06-28,P033,洗衣液,日用品,0,25.0,18.0,0,1095,供应商E,3,晴,22,正常,1,1
2026-06-28,P034,洗洁精,日用品,4,12.0,8.0,0,1095,供应商E,3,晴,22,正常,1,1
2026-06-28,P035,牙膏,日用品,7,12.0,8.5,0,1095,供应商E,3,晴,22,正常,1,1
2026-06-28,P036,牙刷,日用品,6,6.0,3.5,0,1095,供应商E,3,晴,22,正常,1,1
2026-06-28,P037,香皂,日用品,2,5.0,3.0,0,1095,供应商E,3,晴,22,正常,1,1
2026-06-28,P038,垃圾袋,日用品,4,8.0,5.0,0,1095,供应商E,3,晴,22,正常,1,1
2026-06-28,P039,电池,日用品,2,10.0,6.5,0,1095,供应商E,3,晴,22,正常,1,1
2026-06-28,P040,打火机,日用品,8,2.0,1.0,0,1095,供应商E,3,晴,22,正常,1,1
2026-06-28,P041,苹果,水果,9,8.0,5.0,0,10,供应商B,1,晴,22,正常,1,1
2026-06-28,P042,香蕉,水果,9,6.0,3.8,0,6,供应商B,1,晴,22,正常,1,1
2026-06-28,P043,橙子,水果,7,9.0,6.0,0,14,供应商B,1,晴,22,正常,1,1
2026-06-28,P044,西红柿,蔬菜,5,6.0,3.8,1,7,供应商B,1,晴,22,正常,1,1
2026-06-28,P045,土豆,蔬菜,6,5.0,3.0,1,30,供应商B,1,晴,22,正常,1,1
2026-06-28,P046,青菜,蔬菜,11,4.0,2.2,1,3,供应商B,1,晴,22,正常,1,1
2026-06-28,P047,火锅底料,调味,5,12.0,8.0,0,365,供应商C,2,晴,22,正常,1,1
2026-06-28,P048,速冻水饺,冷冻食品,3,18.0,12.5,0,180,供应商D,2,晴,22,正常,1,1
2026-06-28,P049,口罩10只,应急用品,3,10.0,6.0,1,1095,供应商E,3,晴,22,正常,1,1
2026-06-28,P050,创可贴,应急用品,5,5.0,2.8,1,1095,供应商E,3,晴,22,正常,1,1
2026-06-29,P001,矿泉水,饮料,18,2.0,1.1,1,365,供应商A,1,暴雨,25,暴雨,0,1
2026-06-29,P002,桶装水,饮料,6,8.0,5.2,1,365,供应商A,1,暴雨,25,暴雨,0,1
2026-06-29,P003,可乐,饮料,16,3.5,2.2,0,270,供应商A,1,暴雨,25,暴雨,0,1
2026-06-29,P004,雪碧,饮料,17,3.5,2.2,0,270,供应商A,1,暴雨,25,暴雨,0,1
2026-06-29,P005,橙汁,饮料,8,5.0,3.2,0,180,供应商A,2,暴雨,25,暴雨,0,1
2026-06-29,P006,牛奶,乳品,14,3.5,2.4,1,7,供应商B,1,暴雨,25,暴雨,0,1
2026-06-29,P007,酸奶,乳品,10,5.0,3.3,0,14,供应商B,1,暴雨,25,暴雨,0,1
2026-06-29,P008,鸡蛋,生鲜,9,12.0,8.5,1,20,供应商B,1,暴雨,25,暴雨,0,1
2026-06-29,P009,大米5kg,粮油,5,35.0,28.0,1,365,供应商C,2,暴雨,25,暴雨,0,1
2026-06-29,P010,食用油5L,粮油,4,65.0,53.0,1,540,供应商C,2,暴雨,25,暴雨,0,1
2026-06-29,P011,挂面,粮油,9,8.0,5.5,1,365,供应商C,2,暴雨,25,暴雨,0,1
2026-06-29,P012,面粉2.5kg,粮油,6,18.0,14.0,1,365,供应商C,2,暴雨,25,暴雨,0,1
2026-06-29,P013,食盐,调味,6,2.5,1.4,1,730,供应商C,2,暴雨,25,暴雨,0,1
2026-06-29,P014,酱油,调味,4,8.0,5.6,1,540,供应商C,2,暴雨,25,暴雨,0,1
2026-06-29,P015,食醋,调味,4,6.0,4.0,1,540,供应商C,2,暴雨,25,暴雨,0,1
2026-06-29,P016,方便面红烧,方便食品,25,5.0,3.4,1,180,供应商D,1,暴雨,25,暴雨,0,1
2026-06-29,P017,方便面香辣,方便食品,12,5.0,3.4,0,180,供应商D,1,暴雨,25,暴雨,0,1
2026-06-29,P018,火腿肠,方便食品,14,3.0,1.9,0,180,供应商D,1,暴雨,25,暴雨,0,1
2026-06-29,P019,八宝粥,方便食品,9,6.0,4.1,0,365,供应商D,1,暴雨,25,暴雨,0,1
2026-06-29,P020,榨菜,方便食品,8,2.0,1.2,0,365,供应商D,1,暴雨,25,暴雨,0,1
2026-06-29,P021,面包,烘焙,9,6.0,3.8,0,5,供应商B,1,暴雨,25,暴雨,0,1
2026-06-29,P022,蛋糕,烘焙,9,8.0,5.2,0,4,供应商B,1,暴雨,25,暴雨,0,1
2026-06-29,P023,饼干,零食,8,7.0,4.4,0,270,供应商D,1,暴雨,25,暴雨,0,1
2026-06-29,P024,薯片,零食,12,6.0,3.8,0,180,供应商D,1,暴雨,25,暴雨,0,1
2026-06-29,P025,瓜子,零食,5,8.0,5.0,0,240,供应商D,1,暴雨,25,暴雨,0,1
2026-06-29,P026,花生,零食,5,7.0,4.3,0,240,供应商D,1,暴雨,25,暴雨,0,1
2026-06-29,P027,巧克力,零食,6,8.0,5.2,0,300,供应商D,2,暴雨,25,暴雨,0,1
2026-06-29,P028,棒棒糖,零食,10,1.0,0.5,0,365,供应商D,2,暴雨,25,暴雨,0,1
2026-06-29,P029,冰淇淋,冷饮,10,5.0,3.0,0,180,供应商A,1,暴雨,25,暴雨,0,1
2026-06-29,P030,雪糕,冷饮,14,3.0,1.7,0,180,供应商A,1,暴雨,25,暴雨,0,1
2026-06-29,P031,纸巾,日用品,10,5.0,3.2,1,1095,供应商E,2,暴雨,25,暴雨,0,1
2026-06-29,P032,卷纸,日用品,7,18.0,13.0,1,1095,供应商E,2,暴雨,25,暴雨,0,1
2026-06-29,P033,洗衣液,日用品,3,25.0,18.0,0,1095,供应商E,3,暴雨,25,暴雨,0,1
2026-06-29,P034,洗洁精,日用品,6,12.0,8.0,0,1095,供应商E,3,暴雨,25,暴雨,0,1
2026-06-29,P035,牙膏,日用品,5,12.0,8.5,0,1095,供应商E,3,暴雨,25,暴雨,0,1
2026-06-29,P036,牙刷,日用品,7,6.0,3.5,0,1095,供应商E,3,暴雨,25,暴雨,0,1
2026-06-29,P037,香皂,日用品,5,5.0,3.0,0,1095,供应商E,3,暴雨,25,暴雨,0,1
2026-06-29,P038,垃圾袋,日用品,5,8.0,5.0,0,1095,供应商E,3,暴雨,25,暴雨,0,1
2026-06-29,P039,电池,日用品,5,10.0,6.5,0,1095,供应商E,3,暴雨,25,暴雨,0,1
2026-06-29,P040,打火机,日用品,7,2.0,1.0,0,1095,供应商E,3,暴雨,25,暴雨,0,1
2026-06-29,P041,苹果,水果,5,8.0,5.0,0,10,供应商B,1,暴雨,25,暴雨,0,1
2026-06-29,P042,香蕉,水果,6,6.0,3.8,0,6,供应商B,1,暴雨,25,暴雨,0,1
2026-06-29,P043,橙子,水果,5,9.0,6.0,0,14,供应商B,1,暴雨,25,暴雨,0,1
2026-06-29,P044,西红柿,蔬菜,7,6.0,3.8,1,7,供应商B,1,暴雨,25,暴雨,0,1
2026-06-29,P045,土豆,蔬菜,7,5.0,3.0,1,30,供应商B,1,暴雨,25,暴雨,0,1
2026-06-29,P046,青菜,蔬菜,10,4.0,2.2,1,3,供应商B,1,暴雨,25,暴雨,0,1
2026-06-29,P047,火锅底料,调味,5,12.0,8.0,0,365,供应商C,2,暴雨,25,暴雨,0,1
2026-06-29,P048,速冻水饺,冷冻食品,5,18.0,12.5,0,180,供应商D,2,暴雨,25,暴雨,0,1
2026-06-29,P049,口罩10只,应急用品,5,10.0,6.0,1,1095,供应商E,3,暴雨,25,暴雨,0,1
2026-06-29,P050,创可贴,应急用品,3,5.0,2.8,1,1095,供应商E,3,暴雨,25,暴雨,0,1
2026-06-30,P001,矿泉水,饮料,23,2.0,1.1,1,365,供应商A,1,暴雨,23,暴雨,0,1
2026-06-30,P002,桶装水,饮料,6,8.0,5.2,1,365,供应商A,1,暴雨,23,暴雨,0,1
2026-06-30,P003,可乐,饮料,13,3.5,2.2,0,270,供应商A,1,暴雨,23,暴雨,0,1
2026-06-30,P004,雪碧,饮料,11,3.5,2.2,0,270,供应商A,1,暴雨,23,暴雨,0,1
2026-06-30,P005,橙汁,饮料,7,5.0,3.2,0,180,供应商A,2,暴雨,23,暴雨,0,1
2026-06-30,P006,牛奶,乳品,17,3.5,2.4,1,7,供应商B,1,暴雨,23,暴雨,0,1
2026-06-30,P007,酸奶,乳品,9,5.0,3.3,0,14,供应商B,1,暴雨,23,暴雨,0,1
2026-06-30,P008,鸡蛋,生鲜,11,12.0,8.5,1,20,供应商B,1,暴雨,23,暴雨,0,1
2026-06-30,P009,大米5kg,粮油,7,35.0,28.0,1,365,供应商C,2,暴雨,23,暴雨,0,1
2026-06-30,P010,食用油5L,粮油,6,65.0,53.0,1,540,供应商C,2,暴雨,23,暴雨,0,1
2026-06-30,P011,挂面,粮油,11,8.0,5.5,1,365,供应商C,2,暴雨,23,暴雨,0,1
2026-06-30,P012,面粉2.5kg,粮油,4,18.0,14.0,1,365,供应商C,2,暴雨,23,暴雨,0,1
2026-06-30,P013,食盐,调味,4,2.5,1.4,1,730,供应商C,2,暴雨,23,暴雨,0,1
2026-06-30,P014,酱油,调味,7,8.0,5.6,1,540,供应商C,2,暴雨,23,暴雨,0,1
2026-06-30,P015,食醋,调味,4,6.0,4.0,1,540,供应商C,2,暴雨,23,暴雨,0,1
2026-06-30,P016,方便面红烧,方便食品,19,5.0,3.4,1,180,供应商D,1,暴雨,23,暴雨,0,1
2026-06-30,P017,方便面香辣,方便食品,15,5.0,3.4,0,180,供应商D,1,暴雨,23,暴雨,0,1
2026-06-30,P018,火腿肠,方便食品,16,3.0,1.9,0,180,供应商D,1,暴雨,23,暴雨,0,1
2026-06-30,P019,八宝粥,方便食品,9,6.0,4.1,0,365,供应商D,1,暴雨,23,暴雨,0,1
2026-06-30,P020,榨菜,方便食品,8,2.0,1.2,0,365,供应商D,1,暴雨,23,暴雨,0,1
2026-06-30,P021,面包,烘焙,14,6.0,3.8,0,5,供应商B,1,暴雨,23,暴雨,0,1
2026-06-30,P022,蛋糕,烘焙,6,8.0,5.2,0,4,供应商B,1,暴雨,23,暴雨,0,1
2026-06-30,P023,饼干,零食,9,7.0,4.4,0,270,供应商D,1,暴雨,23,暴雨,0,1
2026-06-30,P024,薯片,零食,8,6.0,3.8,0,180,供应商D,1,暴雨,23,暴雨,0,1
2026-06-30,P025,瓜子,零食,5,8.0,5.0,0,240,供应商D,1,暴雨,23,暴雨,0,1
2026-06-30,P026,花生,零食,5,7.0,4.3,0,240,供应商D,1,暴雨,23,暴雨,0,1
2026-06-30,P027,巧克力,零食,6,8.0,5.2,0,300,供应商D,2,暴雨,23,暴雨,0,1
2026-06-30,P028,棒棒糖,零食,9,1.0,0.5,0,365,供应商D,2,暴雨,23,暴雨,0,1
2026-06-30,P029,冰淇淋,冷饮,9,5.0,3.0,0,180,供应商A,1,暴雨,23,暴雨,0,1
2026-06-30,P030,雪糕,冷饮,12,3.0,1.7,0,180,供应商A,1,暴雨,23,暴雨,0,1
2026-06-30,P031,纸巾,日用品,9,5.0,3.2,1,1095,供应商E,2,暴雨,23,暴雨,0,1
2026-06-30,P032,卷纸,日用品,7,18.0,13.0,1,1095,供应商E,2,暴雨,23,暴雨,0,1
2026-06-30,P033,洗衣液,日用品,5,25.0,18.0,0,1095,供应商E,3,暴雨,23,暴雨,0,1
2026-06-30,P034,洗洁精,日用品,5,12.0,8.0,0,1095,供应商E,3,暴雨,23,暴雨,0,1
2026-06-30,P035,牙膏,日用品,5,12.0,8.5,0,1095,供应商E,3,暴雨,23,暴雨,0,1
2026-06-30,P036,牙刷,日用品,6,6.0,3.5,0,1095,供应商E,3,暴雨,23,暴雨,0,1
2026-06-30,P037,香皂,日用品,3,5.0,3.0,0,1095,供应商E,3,暴雨,23,暴雨,0,1
2026-06-30,P038,垃圾袋,日用品,6,8.0,5.0,0,1095,供应商E,3,暴雨,23,暴雨,0,1
2026-06-30,P039,电池,日用品,8,10.0,6.5,0,1095,供应商E,3,暴雨,23,暴雨,0,1
2026-06-30,P040,打火机,日用品,7,2.0,1.0,0,1095,供应商E,3,暴雨,23,暴雨,0,1
2026-06-30,P041,苹果,水果,6,8.0,5.0,0,10,供应商B,1,暴雨,23,暴雨,0,1
2026-06-30,P042,香蕉,水果,7,6.0,3.8,0,6,供应商B,1,暴雨,23,暴雨,0,1
2026-06-30,P043,橙子,水果,6,9.0,6.0,0,14,供应商B,1,暴雨,23,暴雨,0,1
2026-06-30,P044,西红柿,蔬菜,9,6.0,3.8,1,7,供应商B,1,暴雨,23,暴雨,0,1
2026-06-30,P045,土豆,蔬菜,4,5.0,3.0,1,30,供应商B,1,暴雨,23,暴雨,0,1
2026-06-30,P046,青菜,蔬菜,11,4.0,2.2,1,3,供应商B,1,暴雨,23,暴雨,0,1
2026-06-30,P047,火锅底料,调味,7,12.0,8.0,0,365,供应商C,2,暴雨,23,暴雨,0,1
2026-06-30,P048,速冻水饺,冷冻食品,6,18.0,12.5,0,180,供应商D,2,暴雨,23,暴雨,0,1
2026-06-30,P049,口罩10只,应急用品,2,10.0,6.0,1,1095,供应商E,3,暴雨,23,暴雨,0,1
2026-06-30,P050,创可贴,应急用品,3,5.0,2.8,1,1095,供应商E,3,暴雨,23,暴雨,0,1
2026-07-01,P001,矿泉水,饮料,19,2.0,1.1,1,365,供应商A,1,暴雨,22,暴雨,0,1
2026-07-01,P002,桶装水,饮料,7,8.0,5.2,1,365,供应商A,1,暴雨,22,暴雨,0,1
2026-07-01,P003,可乐,饮料,14,3.5,2.2,0,270,供应商A,1,暴雨,22,暴雨,0,1
2026-07-01,P004,雪碧,饮料,13,3.5,2.2,0,270,供应商A,1,暴雨,22,暴雨,0,1
2026-07-01,P005,橙汁,饮料,7,5.0,3.2,0,180,供应商A,2,暴雨,22,暴雨,0,1
2026-07-01,P006,牛奶,乳品,13,3.5,2.4,1,7,供应商B,1,暴雨,22,暴雨,0,1
2026-07-01,P007,酸奶,乳品,11,5.0,3.3,0,14,供应商B,1,暴雨,22,暴雨,0,1
2026-07-01,P008,鸡蛋,生鲜,12,12.0,8.5,1,20,供应商B,1,暴雨,22,暴雨,0,1
2026-07-01,P009,大米5kg,粮油,5,35.0,28.0,1,365,供应商C,2,暴雨,22,暴雨,0,1
2026-07-01,P010,食用油5L,粮油,3,65.0,53.0,1,540,供应商C,2,暴雨,22,暴雨,0,1
2026-07-01,P011,挂面,粮油,7,8.0,5.5,1,365,供应商C,2,暴雨,22,暴雨,0,1
2026-07-01,P012,面粉2.5kg,粮油,4,18.0,14.0,1,365,供应商C,2,暴雨,22,暴雨,0,1
2026-07-01,P013,食盐,调味,5,2.5,1.4,1,730,供应商C,2,暴雨,22,暴雨,0,1
2026-07-01,P014,酱油,调味,6,8.0,5.6,1,540,供应商C,2,暴雨,22,暴雨,0,1
2026-07-01,P015,食醋,调味,3,6.0,4.0,1,540,供应商C,2,暴雨,22,暴雨,0,1
2026-07-01,P016,方便面红烧,方便食品,25,5.0,3.4,1,180,供应商D,1,暴雨,22,暴雨,0,1
2026-07-01,P017,方便面香辣,方便食品,12,5.0,3.4,0,180,供应商D,1,暴雨,22,暴雨,0,1
2026-07-01,P018,火腿肠,方便食品,13,3.0,1.9,0,180,供应商D,1,暴雨,22,暴雨,0,1
2026-07-01,P019,八宝粥,方便食品,8,6.0,4.1,0,365,供应商D,1,暴雨,22,暴雨,0,1
2026-07-01,P020,榨菜,方便食品,9,2.0,1.2,0,365,供应商D,1,暴雨,22,暴雨,0,1
2026-07-01,P021,面包,烘焙,16,6.0,3.8,0,5,供应商B,1,暴雨,22,暴雨,0,1
2026-07-01,P022,蛋糕,烘焙,5,8.0,5.2,0,4,供应商B,1,暴雨,22,暴雨,0,1
2026-07-01,P023,饼干,零食,9,7.0,4.4,0,270,供应商D,1,暴雨,22,暴雨,0,1
2026-07-01,P024,薯片,零食,12,6.0,3.8,0,180,供应商D,1,暴雨,22,暴雨,0,1
2026-07-01,P025,瓜子,零食,4,8.0,5.0,0,240,供应商D,1,暴雨,22,暴雨,0,1
2026-07-01,P026,花生,零食,7,7.0,4.3,0,240,供应商D,1,暴雨,22,暴雨,0,1
2026-07-01,P027,巧克力,零食,6,8.0,5.2,0,300,供应商D,2,暴雨,22,暴雨,0,1
2026-07-01,P028,棒棒糖,零食,9,1.0,0.5,0,365,供应商D,2,暴雨,22,暴雨,0,1
2026-07-01,P029,冰淇淋,冷饮,11,5.0,3.0,0,180,供应商A,1,暴雨,22,暴雨,0,1
2026-07-01,P030,雪糕,冷饮,16,3.0,1.7,0,180,供应商A,1,暴雨,22,暴雨,0,1
2026-07-01,P031,纸巾,日用品,14,5.0,3.2,1,1095,供应商E,2,暴雨,22,暴雨,0,1
2026-07-01,P032,卷纸,日用品,7,18.0,13.0,1,1095,供应商E,2,暴雨,22,暴雨,0,1
2026-07-01,P033,洗衣液,日用品,3,25.0,18.0,0,1095,供应商E,3,暴雨,22,暴雨,0,1
2026-07-01,P034,洗洁精,日用品,4,12.0,8.0,0,1095,供应商E,3,暴雨,22,暴雨,0,1
2026-07-01,P035,牙膏,日用品,7,12.0,8.5,0,1095,供应商E,3,暴雨,22,暴雨,0,1
2026-07-01,P036,牙刷,日用品,4,6.0,3.5,0,1095,供应商E,3,暴雨,22,暴雨,0,1
2026-07-01,P037,香皂,日用品,5,5.0,3.0,0,1095,供应商E,3,暴雨,22,暴雨,0,1
2026-07-01,P038,垃圾袋,日用品,6,8.0,5.0,0,1095,供应商E,3,暴雨,22,暴雨,0,1
2026-07-01,P039,电池,日用品,3,10.0,6.5,0,1095,供应商E,3,暴雨,22,暴雨,0,1
2026-07-01,P040,打火机,日用品,7,2.0,1.0,0,1095,供应商E,3,暴雨,22,暴雨,0,1
2026-07-01,P041,苹果,水果,9,8.0,5.0,0,10,供应商B,1,暴雨,22,暴雨,0,1
2026-07-01,P042,香蕉,水果,6,6.0,3.8,0,6,供应商B,1,暴雨,22,暴雨,0,1
2026-07-01,P043,橙子,水果,4,9.0,6.0,0,14,供应商B,1,暴雨,22,暴雨,0,1
2026-07-01,P044,西红柿,蔬菜,9,6.0,3.8,1,7,供应商B,1,暴雨,22,暴雨,0,1
2026-07-01,P045,土豆,蔬菜,7,5.0,3.0,1,30,供应商B,1,暴雨,22,暴雨,0,1
2026-07-01,P046,青菜,蔬菜,12,4.0,2.2,1,3,供应商B,1,暴雨,22,暴雨,0,1
2026-07-01,P047,火锅底料,调味,4,12.0,8.0,0,365,供应商C,2,暴雨,22,暴雨,0,1
2026-07-01,P048,速冻水饺,冷冻食品,5,18.0,12.5,0,180,供应商D,2,暴雨,22,暴雨,0,1
2026-07-01,P049,口罩10只,应急用品,1,10.0,6.0,1,1095,供应商E,3,暴雨,22,暴雨,0,1
2026-07-01,P050,创可贴,应急用品,1,5.0,2.8,1,1095,供应商E,3,暴雨,22,暴雨,0,1
2026-07-02,P001,矿泉水,饮料,17,2.0,1.1,1,365,供应商A,1,晴,25,正常,0,1
2026-07-02,P002,桶装水,饮料,6,8.0,5.2,1,365,供应商A,1,晴,25,正常,0,1
2026-07-02,P003,可乐,饮料,13,3.5,2.2,0,270,供应商A,1,晴,25,正常,0,1
2026-07-02,P004,雪碧,饮料,16,3.5,2.2,0,270,供应商A,1,晴,25,正常,0,1
2026-07-02,P005,橙汁,饮料,8,5.0,3.2,0,180,供应商A,2,晴,25,正常,0,1
2026-07-02,P006,牛奶,乳品,13,3.5,2.4,1,7,供应商B,1,晴,25,正常,0,1
2026-07-02,P007,酸奶,乳品,8,5.0,3.3,0,14,供应商B,1,晴,25,正常,0,1
2026-07-02,P008,鸡蛋,生鲜,13,12.0,8.5,1,20,供应商B,1,晴,25,正常,0,1
2026-07-02,P009,大米5kg,粮油,3,35.0,28.0,1,365,供应商C,2,晴,25,正常,0,1
2026-07-02,P010,食用油5L,粮油,2,65.0,53.0,1,540,供应商C,2,晴,25,正常,0,1
2026-07-02,P011,挂面,粮油,8,8.0,5.5,1,365,供应商C,2,晴,25,正常,0,1
2026-07-02,P012,面粉2.5kg,粮油,4,18.0,14.0,1,365,供应商C,2,晴,25,正常,0,1
2026-07-02,P013,食盐,调味,5,2.5,1.4,1,730,供应商C,2,晴,25,正常,0,1
2026-07-02,P014,酱油,调味,6,8.0,5.6,1,540,供应商C,2,晴,25,正常,0,1
2026-07-02,P015,食醋,调味,4,6.0,4.0,1,540,供应商C,2,晴,25,正常,0,1
2026-07-02,P016,方便面红烧,方便食品,16,5.0,3.4,1,180,供应商D,1,晴,25,正常,0,1
2026-07-02,P017,方便面香辣,方便食品,9,5.0,3.4,0,180,供应商D,1,晴,25,正常,0,1
2026-07-02,P018,火腿肠,方便食品,13,3.0,1.9,0,180,供应商D,1,晴,25,正常,0,1
2026-07-02,P019,八宝粥,方便食品,6,6.0,4.1,0,365,供应商D,1,晴,25,正常,0,1
2026-07-02,P020,榨菜,方便食品,8,2.0,1.2,0,365,供应商D,1,晴,25,正常,0,1
2026-07-02,P021,面包,烘焙,12,6.0,3.8,0,5,供应商B,1,晴,25,正常,0,1
2026-07-02,P022,蛋糕,烘焙,8,8.0,5.2,0,4,供应商B,1,晴,25,正常,0,1
2026-07-02,P023,饼干,零食,10,7.0,4.4,0,270,供应商D,1,晴,25,正常,0,1
2026-07-02,P024,薯片,零食,12,6.0,3.8,0,180,供应商D,1,晴,25,正常,0,1
2026-07-02,P025,瓜子,零食,5,8.0,5.0,0,240,供应商D,1,晴,25,正常,0,1
2026-07-02,P026,花生,零食,7,7.0,4.3,0,240,供应商D,1,晴,25,正常,0,1
2026-07-02,P027,巧克力,零食,7,8.0,5.2,0,300,供应商D,2,晴,25,正常,0,1
2026-07-02,P028,棒棒糖,零食,9,1.0,0.5,0,365,供应商D,2,晴,25,正常,0,1
2026-07-02,P029,冰淇淋,冷饮,14,5.0,3.0,0,180,供应商A,1,晴,25,正常,0,1
2026-07-02,P030,雪糕,冷饮,16,3.0,1.7,0,180,供应商A,1,晴,25,正常,0,1
2026-07-02,P031,纸巾,日用品,8,5.0,3.2,1,1095,供应商E,2,晴,25,正常,0,1
2026-07-02,P032,卷纸,日用品,7,18.0,13.0,1,1095,供应商E,2,晴,25,正常,0,1
2026-07-02,P033,洗衣液,日用品,2,25.0,18.0,0,1095,供应商E,3,晴,25,正常,0,1
2026-07-02,P034,洗洁精,日用品,3,12.0,8.0,0,1095,供应商E,3,晴,25,正常,0,1
2026-07-02,P035,牙膏,日用品,6,12.0,8.5,0,1095,供应商E,3,晴,25,正常,0,1
2026-07-02,P036,牙刷,日用品,5,6.0,3.5,0,1095,供应商E,3,晴,25,正常,0,1
2026-07-02,P037,香皂,日用品,7,5.0,3.0,0,1095,供应商E,3,晴,25,正常,0,1
2026-07-02,P038,垃圾袋,日用品,3,8.0,5.0,0,1095,供应商E,3,晴,25,正常,0,1
2026-07-02,P039,电池,日用品,3,10.0,6.5,0,1095,供应商E,3,晴,25,正常,0,1
2026-07-02,P040,打火机,日用品,4,2.0,1.0,0,1095,供应商E,3,晴,25,正常,0,1
2026-07-02,P041,苹果,水果,8,8.0,5.0,0,10,供应商B,1,晴,25,正常,0,1
2026-07-02,P042,香蕉,水果,6,6.0,3.8,0,6,供应商B,1,晴,25,正常,0,1
2026-07-02,P043,橙子,水果,7,9.0,6.0,0,14,供应商B,1,晴,25,正常,0,1
2026-07-02,P044,西红柿,蔬菜,8,6.0,3.8,1,7,供应商B,1,晴,25,正常,0,1
2026-07-02,P045,土豆,蔬菜,7,5.0,3.0,1,30,供应商B,1,晴,25,正常,0,1
2026-07-02,P046,青菜,蔬菜,9,4.0,2.2,1,3,供应商B,1,晴,25,正常,0,1
2026-07-02,P047,火锅底料,调味,3,12.0,8.0,0,365,供应商C,2,晴,25,正常,0,1
2026-07-02,P048,速冻水饺,冷冻食品,6,18.0,12.5,0,180,供应商D,2,晴,25,正常,0,1
2026-07-02,P049,口罩10只,应急用品,2,10.0,6.0,1,1095,供应商E,3,晴,25,正常,0,1
2026-07-02,P050,创可贴,应急用品,4,5.0,2.8,1,1095,供应商E,3,晴,25,正常,0,1
2026-07-03,P001,矿泉水,饮料,32,2.0,1.1,1,365,供应商A,1,晴,16,正常,0,1
2026-07-03,P002,桶装水,饮料,8,8.0,5.2,1,365,供应商A,1,晴,16,正常,0,1
2026-07-03,P003,可乐,饮料,12,3.5,2.2,0,270,供应商A,1,晴,16,正常,0,1
2026-07-03,P004,雪碧,饮料,12,3.5,2.2,0,270,供应商A,1,晴,16,正常,0,1
2026-07-03,P005,橙汁,饮料,9,5.0,3.2,0,180,供应商A,2,晴,16,正常,0,1
2026-07-03,P006,牛奶,乳品,14,3.5,2.4,1,7,供应商B,1,晴,16,正常,0,1
2026-07-03,P007,酸奶,乳品,7,5.0,3.3,0,14,供应商B,1,晴,16,正常,0,1
2026-07-03,P008,鸡蛋,生鲜,13,12.0,8.5,1,20,供应商B,1,晴,16,正常,0,1
2026-07-03,P009,大米5kg,粮油,4,35.0,28.0,1,365,供应商C,2,晴,16,正常,0,1
2026-07-03,P010,食用油5L,粮油,5,65.0,53.0,1,540,供应商C,2,晴,16,正常,0,1
2026-07-03,P011,挂面,粮油,7,8.0,5.5,1,365,供应商C,2,晴,16,正常,0,1
2026-07-03,P012,面粉2.5kg,粮油,5,18.0,14.0,1,365,供应商C,2,晴,16,正常,0,1
2026-07-03,P013,食盐,调味,3,2.5,1.4,1,730,供应商C,2,晴,16,正常,0,1
2026-07-03,P014,酱油,调味,4,8.0,5.6,1,540,供应商C,2,晴,16,正常,0,1
2026-07-03,P015,食醋,调味,5,6.0,4.0,1,540,供应商C,2,晴,16,正常,0,1
2026-07-03,P016,方便面红烧,方便食品,18,5.0,3.4,1,180,供应商D,1,晴,16,正常,0,1
2026-07-03,P017,方便面香辣,方便食品,8,5.0,3.4,0,180,供应商D,1,晴,16,正常,0,1
2026-07-03,P018,火腿肠,方便食品,10,3.0,1.9,0,180,供应商D,1,晴,16,正常,0,1
2026-07-03,P019,八宝粥,方便食品,5,6.0,4.1,0,365,供应商D,1,晴,16,正常,0,1
2026-07-03,P020,榨菜,方便食品,6,2.0,1.2,0,365,供应商D,1,晴,16,正常,0,1
2026-07-03,P021,面包,烘焙,14,6.0,3.8,0,5,供应商B,1,晴,16,正常,0,1
2026-07-03,P022,蛋糕,烘焙,6,8.0,5.2,0,4,供应商B,1,晴,16,正常,0,1
2026-07-03,P023,饼干,零食,9,7.0,4.4,0,270,供应商D,1,晴,16,正常,0,1
2026-07-03,P024,薯片,零食,8,6.0,3.8,0,180,供应商D,1,晴,16,正常,0,1
2026-07-03,P025,瓜子,零食,5,8.0,5.0,0,240,供应商D,1,晴,16,正常,0,1
2026-07-03,P026,花生,零食,8,7.0,4.3,0,240,供应商D,1,晴,16,正常,0,1
2026-07-03,P027,巧克力,零食,5,8.0,5.2,0,300,供应商D,2,晴,16,正常,0,1
2026-07-03,P028,棒棒糖,零食,8,1.0,0.5,0,365,供应商D,2,晴,16,正常,0,1
2026-07-03,P029,冰淇淋,冷饮,13,5.0,3.0,0,180,供应商A,1,晴,16,正常,0,1
2026-07-03,P030,雪糕,冷饮,13,3.0,1.7,0,180,供应商A,1,晴,16,正常,0,1
2026-07-03,P031,纸巾,日用品,7,5.0,3.2,1,1095,供应商E,2,晴,16,正常,0,1
2026-07-03,P032,卷纸,日用品,7,18.0,13.0,1,1095,供应商E,2,晴,16,正常,0,1
2026-07-03,P033,洗衣液,日用品,3,25.0,18.0,0,1095,供应商E,3,晴,16,正常,0,1
2026-07-03,P034,洗洁精,日用品,6,12.0,8.0,0,1095,供应商E,3,晴,16,正常,0,1
2026-07-03,P035,牙膏,日用品,4,12.0,8.5,0,1095,供应商E,3,晴,16,正常,0,1
2026-07-03,P036,牙刷,日用品,4,6.0,3.5,0,1095,供应商E,3,晴,16,正常,0,1
2026-07-03,P037,香皂,日用品,5,5.0,3.0,0,1095,供应商E,3,晴,16,正常,0,1
2026-07-03,P038,垃圾袋,日用品,1,8.0,5.0,0,1095,供应商E,3,晴,16,正常,0,1
2026-07-03,P039,电池,日用品,3,10.0,6.5,0,1095,供应商E,3,晴,16,正常,0,1
2026-07-03,P040,打火机,日用品,5,2.0,1.0,0,1095,供应商E,3,晴,16,正常,0,1
2026-07-03,P041,苹果,水果,10,8.0,5.0,0,10,供应商B,1,晴,16,正常,0,1
2026-07-03,P042,香蕉,水果,10,6.0,3.8,0,6,供应商B,1,晴,16,正常,0,1
2026-07-03,P043,橙子,水果,5,9.0,6.0,0,14,供应商B,1,晴,16,正常,0,1
2026-07-03,P044,西红柿,蔬菜,10,6.0,3.8,1,7,供应商B,1,晴,16,正常,0,1
2026-07-03,P045,土豆,蔬菜,7,5.0,3.0,1,30,供应商B,1,晴,16,正常,0,1
2026-07-03,P046,青菜,蔬菜,9,4.0,2.2,1,3,供应商B,1,晴,16,正常,0,1
2026-07-03,P047,火锅底料,调味,4,12.0,8.0,0,365,供应商C,2,晴,16,正常,0,1
2026-07-03,P048,速冻水饺,冷冻食品,5,18.0,12.5,0,180,供应商D,2,晴,16,正常,0,1
2026-07-03,P049,口罩10只,应急用品,5,10.0,6.0,1,1095,供应商E,3,晴,16,正常,0,1
2026-07-03,P050,创可贴,应急用品,3,5.0,2.8,1,1095,供应商E,3,晴,16,正常,0,1
2026-07-04,P001,矿泉水,饮料,27,2.0,1.1,1,365,供应商A,1,晴,18,正常,1,1
2026-07-04,P002,桶装水,饮料,8,8.0,5.2,1,365,供应商A,1,晴,18,正常,1,1
2026-07-04,P003,可乐,饮料,21,3.5,2.2,0,270,供应商A,1,晴,18,正常,1,1
2026-07-04,P004,雪碧,饮料,16,3.5,2.2,0,270,供应商A,1,晴,18,正常,1,1
2026-07-04,P005,橙汁,饮料,11,5.0,3.2,0,180,供应商A,2,晴,18,正常,1,1
2026-07-04,P006,牛奶,乳品,17,3.5,2.4,1,7,供应商B,1,晴,18,正常,1,1
2026-07-04,P007,酸奶,乳品,10,5.0,3.3,0,14,供应商B,1,晴,18,正常,1,1
2026-07-04,P008,鸡蛋,生鲜,16,12.0,8.5,1,20,供应商B,1,晴,18,正常,1,1
2026-07-04,P009,大米5kg,粮油,4,35.0,28.0,1,365,供应商C,2,晴,18,正常,1,1
2026-07-04,P010,食用油5L,粮油,3,65.0,53.0,1,540,供应商C,2,晴,18,正常,1,1
2026-07-04,P011,挂面,粮油,10,8.0,5.5,1,365,供应商C,2,晴,18,正常,1,1
2026-07-04,P012,面粉2.5kg,粮油,6,18.0,14.0,1,365,供应商C,2,晴,18,正常,1,1
2026-07-04,P013,食盐,调味,5,2.5,1.4,1,730,供应商C,2,晴,18,正常,1,1
2026-07-04,P014,酱油,调味,5,8.0,5.6,1,540,供应商C,2,晴,18,正常,1,1
2026-07-04,P015,食醋,调味,6,6.0,4.0,1,540,供应商C,2,晴,18,正常,1,1
2026-07-04,P016,方便面红烧,方便食品,19,5.0,3.4,1,180,供应商D,1,晴,18,正常,1,1
2026-07-04,P017,方便面香辣,方便食品,12,5.0,3.4,0,180,供应商D,1,晴,18,正常,1,1
2026-07-04,P018,火腿肠,方便食品,10,3.0,1.9,0,180,供应商D,1,晴,18,正常,1,1
2026-07-04,P019,八宝粥,方便食品,8,6.0,4.1,0,365,供应商D,1,晴,18,正常,1,1
2026-07-04,P020,榨菜,方便食品,7,2.0,1.2,0,365,供应商D,1,晴,18,正常,1,1
2026-07-04,P021,面包,烘焙,12,6.0,3.8,0,5,供应商B,1,晴,18,正常,1,1
2026-07-04,P022,蛋糕,烘焙,8,8.0,5.2,0,4,供应商B,1,晴,18,正常,1,1
2026-07-04,P023,饼干,零食,10,7.0,4.4,0,270,供应商D,1,晴,18,正常,1,1
2026-07-04,P024,薯片,零食,10,6.0,3.8,0,180,供应商D,1,晴,18,正常,1,1
2026-07-04,P025,瓜子,零食,8,8.0,5.0,0,240,供应商D,1,晴,18,正常,1,1
2026-07-04,P026,花生,零食,8,7.0,4.3,0,240,供应商D,1,晴,18,正常,1,1
2026-07-04,P027,巧克力,零食,7,8.0,5.2,0,300,供应商D,2,晴,18,正常,1,1
2026-07-04,P028,棒棒糖,零食,9,1.0,0.5,0,365,供应商D,2,晴,18,正常,1,1
2026-07-04,P029,冰淇淋,冷饮,17,5.0,3.0,0,180,供应商A,1,晴,18,正常,1,1
2026-07-04,P030,雪糕,冷饮,19,3.0,1.7,0,180,供应商A,1,晴,18,正常,1,1
2026-07-04,P031,纸巾,日用品,7,5.0,3.2,1,1095,供应商E,2,晴,18,正常,1,1
2026-07-04,P032,卷纸,日用品,6,18.0,13.0,1,1095,供应商E,2,晴,18,正常,1,1
2026-07-04,P033,洗衣液,日用品,3,25.0,18.0,0,1095,供应商E,3,晴,18,正常,1,1
2026-07-04,P034,洗洁精,日用品,8,12.0,8.0,0,1095,供应商E,3,晴,18,正常,1,1
2026-07-04,P035,牙膏,日用品,6,12.0,8.5,0,1095,供应商E,3,晴,18,正常,1,1
2026-07-04,P036,牙刷,日用品,5,6.0,3.5,0,1095,供应商E,3,晴,18,正常,1,1
2026-07-04,P037,香皂,日用品,5,5.0,3.0,0,1095,供应商E,3,晴,18,正常,1,1
2026-07-04,P038,垃圾袋,日用品,5,8.0,5.0,0,1095,供应商E,3,晴,18,正常,1,1
2026-07-04,P039,电池,日用品,2,10.0,6.5,0,1095,供应商E,3,晴,18,正常,1,1
2026-07-04,P040,打火机,日用品,3,2.0,1.0,0,1095,供应商E,3,晴,18,正常,1,1
2026-07-04,P041,苹果,水果,8,8.0,5.0,0,10,供应商B,1,晴,18,正常,1,1
2026-07-04,P042,香蕉,水果,10,6.0,3.8,0,6,供应商B,1,晴,18,正常,1,1
2026-07-04,P043,橙子,水果,4,9.0,6.0,0,14,供应商B,1,晴,18,正常,1,1
2026-07-04,P044,西红柿,蔬菜,8,6.0,3.8,1,7,供应商B,1,晴,18,正常,1,1
2026-07-04,P045,土豆,蔬菜,7,5.0,3.0,1,30,供应商B,1,晴,18,正常,1,1
2026-07-04,P046,青菜,蔬菜,11,4.0,2.2,1,3,供应商B,1,晴,18,正常,1,1
2026-07-04,P047,火锅底料,调味,4,12.0,8.0,0,365,供应商C,2,晴,18,正常,1,1
2026-07-04,P048,速冻水饺,冷冻食品,5,18.0,12.5,0,180,供应商D,2,晴,18,正常,1,1
2026-07-04,P049,口罩10只,应急用品,5,10.0,6.0,1,1095,供应商E,3,晴,18,正常,1,1
2026-07-04,P050,创可贴,应急用品,4,5.0,2.8,1,1095,供应商E,3,晴,18,正常,1,1
2026-07-05,P001,矿泉水,饮料,24,2.0,1.1,1,365,供应商A,1,晴,16,正常,1,1
2026-07-05,P002,桶装水,饮料,7,8.0,5.2,1,365,供应商A,1,晴,16,正常,1,1
2026-07-05,P003,可乐,饮料,18,3.5,2.2,0,270,供应商A,1,晴,16,正常,1,1
2026-07-05,P004,雪碧,饮料,13,3.5,2.2,0,270,供应商A,1,晴,16,正常,1,1
2026-07-05,P005,橙汁,饮料,8,5.0,3.2,0,180,供应商A,2,晴,16,正常,1,1
2026-07-05,P006,牛奶,乳品,18,3.5,2.4,1,7,供应商B,1,晴,16,正常,1,1
2026-07-05,P007,酸奶,乳品,9,5.0,3.3,0,14,供应商B,1,晴,16,正常,1,1
2026-07-05,P008,鸡蛋,生鲜,11,12.0,8.5,1,20,供应商B,1,晴,16,正常,1,1
2026-07-05,P009,大米5kg,粮油,4,35.0,28.0,1,365,供应商C,2,晴,16,正常,1,1
2026-07-05,P010,食用油5L,粮油,3,65.0,53.0,1,540,供应商C,2,晴,16,正常,1,1
2026-07-05,P011,挂面,粮油,5,8.0,5.5,1,365,供应商C,2,晴,16,正常,1,1
2026-07-05,P012,面粉2.5kg,粮油,4,18.0,14.0,1,365,供应商C,2,晴,16,正常,1,1
2026-07-05,P013,食盐,调味,7,2.5,1.4,1,730,供应商C,2,晴,16,正常,1,1
2026-07-05,P014,酱油,调味,6,8.0,5.6,1,540,供应商C,2,晴,16,正常,1,1
2026-07-05,P015,食醋,调味,7,6.0,4.0,1,540,供应商C,2,晴,16,正常,1,1
2026-07-05,P016,方便面红烧,方便食品,20,5.0,3.4,1,180,供应商D,1,晴,16,正常,1,1
2026-07-05,P017,方便面香辣,方便食品,14,5.0,3.4,0,180,供应商D,1,晴,16,正常,1,1
2026-07-05,P018,火腿肠,方便食品,16,3.0,1.9,0,180,供应商D,1,晴,16,正常,1,1
2026-07-05,P019,八宝粥,方便食品,9,6.0,4.1,0,365,供应商D,1,晴,16,正常,1,1
2026-07-05,P020,榨菜,方便食品,7,2.0,1.2,0,365,供应商D,1,晴,16,正常,1,1
2026-07-05,P021,面包,烘焙,15,6.0,3.8,0,5,供应商B,1,晴,16,正常,1,1
2026-07-05,P022,蛋糕,烘焙,7,8.0,5.2,0,4,供应商B,1,晴,16,正常,1,1
2026-07-05,P023,饼干,零食,10,7.0,4.4,0,270,供应商D,1,晴,16,正常,1,1
2026-07-05,P024,薯片,零食,10,6.0,3.8,0,180,供应商D,1,晴,16,正常,1,1
2026-07-05,P025,瓜子,零食,7,8.0,5.0,0,240,供应商D,1,晴,16,正常,1,1
2026-07-05,P026,花生,零食,6,7.0,4.3,0,240,供应商D,1,晴,16,正常,1,1
2026-07-05,P027,巧克力,零食,5,8.0,5.2,0,300,供应商D,2,晴,16,正常,1,1
2026-07-05,P028,棒棒糖,零食,11,1.0,0.5,0,365,供应商D,2,晴,16,正常,1,1
2026-07-05,P029,冰淇淋,冷饮,15,5.0,3.0,0,180,供应商A,1,晴,16,正常,1,1
2026-07-05,P030,雪糕,冷饮,13,3.0,1.7,0,180,供应商A,1,晴,16,正常,1,1
2026-07-05,P031,纸巾,日用品,7,5.0,3.2,1,1095,供应商E,2,晴,16,正常,1,1
2026-07-05,P032,卷纸,日用品,4,18.0,13.0,1,1095,供应商E,2,晴,16,正常,1,1
2026-07-05,P033,洗衣液,日用品,2,25.0,18.0,0,1095,供应商E,3,晴,16,正常,1,1
2026-07-05,P034,洗洁精,日用品,5,12.0,8.0,0,1095,供应商E,3,晴,16,正常,1,1
2026-07-05,P035,牙膏,日用品,5,12.0,8.5,0,1095,供应商E,3,晴,16,正常,1,1
2026-07-05,P036,牙刷,日用品,6,6.0,3.5,0,1095,供应商E,3,晴,16,正常,1,1
2026-07-05,P037,香皂,日用品,5,5.0,3.0,0,1095,供应商E,3,晴,16,正常,1,1
2026-07-05,P038,垃圾袋,日用品,6,8.0,5.0,0,1095,供应商E,3,晴,16,正常,1,1
2026-07-05,P039,电池,日用品,4,10.0,6.5,0,1095,供应商E,3,晴,16,正常,1,1
2026-07-05,P040,打火机,日用品,6,2.0,1.0,0,1095,供应商E,3,晴,16,正常,1,1
2026-07-05,P041,苹果,水果,10,8.0,5.0,0,10,供应商B,1,晴,16,正常,1,1
2026-07-05,P042,香蕉,水果,11,6.0,3.8,0,6,供应商B,1,晴,16,正常,1,1
2026-07-05,P043,橙子,水果,7,9.0,6.0,0,14,供应商B,1,晴,16,正常,1,1
2026-07-05,P044,西红柿,蔬菜,11,6.0,3.8,1,7,供应商B,1,晴,16,正常,1,1
2026-07-05,P045,土豆,蔬菜,5,5.0,3.0,1,30,供应商B,1,晴,16,正常,1,1
2026-07-05,P046,青菜,蔬菜,10,4.0,2.2,1,3,供应商B,1,晴,16,正常,1,1
2026-07-05,P047,火锅底料,调味,4,12.0,8.0,0,365,供应商C,2,晴,16,正常,1,1
2026-07-05,P048,速冻水饺,冷冻食品,7,18.0,12.5,0,180,供应商D,2,晴,16,正常,1,1
2026-07-05,P049,口罩10只,应急用品,5,10.0,6.0,1,1095,供应商E,3,晴,16,正常,1,1
2026-07-05,P050,创可贴,应急用品,2,5.0,2.8,1,1095,供应商E,3,晴,16,正常,1,1
2026-07-06,P001,矿泉水,饮料,29,2.0,1.1,1,365,供应商A,1,晴,18,正常,0,1
2026-07-06,P002,桶装水,饮料,5,8.0,5.2,1,365,供应商A,1,晴,18,正常,0,1
2026-07-06,P003,可乐,饮料,13,3.5,2.2,0,270,供应商A,1,晴,18,正常,0,1
2026-07-06,P004,雪碧,饮料,13,3.5,2.2,0,270,供应商A,1,晴,18,正常,0,1
2026-07-06,P005,橙汁,饮料,8,5.0,3.2,0,180,供应商A,2,晴,18,正常,0,1
2026-07-06,P006,牛奶,乳品,11,3.5,2.4,1,7,供应商B,1,晴,18,正常,0,1
2026-07-06,P007,酸奶,乳品,10,5.0,3.3,0,14,供应商B,1,晴,18,正常,0,1
2026-07-06,P008,鸡蛋,生鲜,13,12.0,8.5,1,20,供应商B,1,晴,18,正常,0,1
2026-07-06,P009,大米5kg,粮油,5,35.0,28.0,1,365,供应商C,2,晴,18,正常,0,1
2026-07-06,P010,食用油5L,粮油,2,65.0,53.0,1,540,供应商C,2,晴,18,正常,0,1
2026-07-06,P011,挂面,粮油,7,8.0,5.5,1,365,供应商C,2,晴,18,正常,0,1
2026-07-06,P012,面粉2.5kg,粮油,4,18.0,14.0,1,365,供应商C,2,晴,18,正常,0,1
2026-07-06,P013,食盐,调味,7,2.5,1.4,1,730,供应商C,2,晴,18,正常,0,1
2026-07-06,P014,酱油,调味,2,8.0,5.6,1,540,供应商C,2,晴,18,正常,0,1
2026-07-06,P015,食醋,调味,3,6.0,4.0,1,540,供应商C,2,晴,18,正常,0,1
2026-07-06,P016,方便面红烧,方便食品,15,5.0,3.4,1,180,供应商D,1,晴,18,正常,0,1
2026-07-06,P017,方便面香辣,方便食品,8,5.0,3.4,0,180,供应商D,1,晴,18,正常,0,1
2026-07-06,P018,火腿肠,方便食品,10,3.0,1.9,0,180,供应商D,1,晴,18,正常,0,1
2026-07-06,P019,八宝粥,方便食品,7,6.0,4.1,0,365,供应商D,1,晴,18,正常,0,1
2026-07-06,P020,榨菜,方便食品,5,2.0,1.2,0,365,供应商D,1,晴,18,正常,0,1
2026-07-06,P021,面包,烘焙,12,6.0,3.8,0,5,供应商B,1,晴,18,正常,0,1
2026-07-06,P022,蛋糕,烘焙,8,8.0,5.2,0,4,供应商B,1,晴,18,正常,0,1
2026-07-06,P023,饼干,零食,9,7.0,4.4,0,270,供应商D,1,晴,18,正常,0,1
2026-07-06,P024,薯片,零食,9,6.0,3.8,0,180,供应商D,1,晴,18,正常,0,1
2026-07-06,P025,瓜子,零食,6,8.0,5.0,0,240,供应商D,1,晴,18,正常,0,1
2026-07-06,P026,花生,零食,6,7.0,4.3,0,240,供应商D,1,晴,18,正常,0,1
2026-07-06,P027,巧克力,零食,3,8.0,5.2,0,300,供应商D,2,晴,18,正常,0,1
2026-07-06,P028,棒棒糖,零食,10,1.0,0.5,0,365,供应商D,2,晴,18,正常,0,1
2026-07-06,P029,冰淇淋,冷饮,13,5.0,3.0,0,180,供应商A,1,晴,18,正常,0,1
2026-07-06,P030,雪糕,冷饮,20,3.0,1.7,0,180,供应商A,1,晴,18,正常,0,1
2026-07-06,P031,纸巾,日用品,9,5.0,3.2,1,1095,供应商E,2,晴,18,正常,0,1
2026-07-06,P032,卷纸,日用品,6,18.0,13.0,1,1095,供应商E,2,晴,18,正常,0,1
2026-07-06,P033,洗衣液,日用品,2,25.0,18.0,0,1095,供应商E,3,晴,18,正常,0,1
2026-07-06,P034,洗洁精,日用品,4,12.0,8.0,0,1095,供应商E,3,晴,18,正常,0,1
2026-07-06,P035,牙膏,日用品,3,12.0,8.5,0,1095,供应商E,3,晴,18,正常,0,1
2026-07-06,P036,牙刷,日用品,3,6.0,3.5,0,1095,供应商E,3,晴,18,正常,0,1
2026-07-06,P037,香皂,日用品,6,5.0,3.0,0,1095,供应商E,3,晴,18,正常,0,1
2026-07-06,P038,垃圾袋,日用品,6,8.0,5.0,0,1095,供应商E,3,晴,18,正常,0,1
2026-07-06,P039,电池,日用品,2,10.0,6.5,0,1095,供应商E,3,晴,18,正常,0,1
2026-07-06,P040,打火机,日用品,4,2.0,1.0,0,1095,供应商E,3,晴,18,正常,0,1
2026-07-06,P041,苹果,水果,8,8.0,5.0,0,10,供应商B,1,晴,18,正常,0,1
2026-07-06,P042,香蕉,水果,10,6.0,3.8,0,6,供应商B,1,晴,18,正常,0,1
2026-07-06,P043,橙子,水果,4,9.0,6.0,0,14,供应商B,1,晴,18,正常,0,1
2026-07-06,P044,西红柿,蔬菜,6,6.0,3.8,1,7,供应商B,1,晴,18,正常,0,1
2026-07-06,P045,土豆,蔬菜,8,5.0,3.0,1,30,供应商B,1,晴,18,正常,0,1
2026-07-06,P046,青菜,蔬菜,7,4.0,2.2,1,3,供应商B,1,晴,18,正常,0,1
2026-07-06,P047,火锅底料,调味,3,12.0,8.0,0,365,供应商C,2,晴,18,正常,0,1
2026-07-06,P048,速冻水饺,冷冻食品,5,18.0,12.5,0,180,供应商D,2,晴,18,正常,0,1
2026-07-06,P049,口罩10只,应急用品,3,10.0,6.0,1,1095,供应商E,3,晴,18,正常,0,1
2026-07-06,P050,创可贴,应急用品,3,5.0,2.8,1,1095,供应商E,3,晴,18,正常,0,1
2026-07-07,P001,矿泉水,饮料,23,2.0,1.1,1,365,供应商A,1,晴,14,正常,0,1
2026-07-07,P002,桶装水,饮料,7,8.0,5.2,1,365,供应商A,1,晴,14,正常,0,1
2026-07-07,P003,可乐,饮料,17,3.5,2.2,0,270,供应商A,1,晴,14,正常,0,1
2026-07-07,P004,雪碧,饮料,12,3.5,2.2,0,270,供应商A,1,晴,14,正常,0,1
2026-07-07,P005,橙汁,饮料,8,5.0,3.2,0,180,供应商A,2,晴,14,正常,0,1
2026-07-07,P006,牛奶,乳品,15,3.5,2.4,1,7,供应商B,1,晴,14,正常,0,1
2026-07-07,P007,酸奶,乳品,11,5.0,3.3,0,14,供应商B,1,晴,14,正常,0,1
2026-07-07,P008,鸡蛋,生鲜,14,12.0,8.5,1,20,供应商B,1,晴,14,正常,0,1
2026-07-07,P009,大米5kg,粮油,5,35.0,28.0,1,365,供应商C,2,晴,14,正常,0,1
2026-07-07,P010,食用油5L,粮油,2,65.0,53.0,1,540,供应商C,2,晴,14,正常,0,1
2026-07-07,P011,挂面,粮油,6,8.0,5.5,1,365,供应商C,2,晴,14,正常,0,1
2026-07-07,P012,面粉2.5kg,粮油,4,18.0,14.0,1,365,供应商C,2,晴,14,正常,0,1
2026-07-07,P013,食盐,调味,5,2.5,1.4,1,730,供应商C,2,晴,14,正常,0,1
2026-07-07,P014,酱油,调味,4,8.0,5.6,1,540,供应商C,2,晴,14,正常,0,1
2026-07-07,P015,食醋,调味,6,6.0,4.0,1,540,供应商C,2,晴,14,正常,0,1
2026-07-07,P016,方便面红烧,方便食品,17,5.0,3.4,1,180,供应商D,1,晴,14,正常,0,1
2026-07-07,P017,方便面香辣,方便食品,10,5.0,3.4,0,180,供应商D,1,晴,14,正常,0,1
2026-07-07,P018,火腿肠,方便食品,11,3.0,1.9,0,180,供应商D,1,晴,14,正常,0,1
2026-07-07,P019,八宝粥,方便食品,7,6.0,4.1,0,365,供应商D,1,晴,14,正常,0,1
2026-07-07,P020,榨菜,方便食品,7,2.0,1.2,0,365,供应商D,1,晴,14,正常,0,1
2026-07-07,P021,面包,烘焙,9,6.0,3.8,0,5,供应商B,1,晴,14,正常,0,1
2026-07-07,P022,蛋糕,烘焙,7,8.0,5.2,0,4,供应商B,1,晴,14,正常,0,1
2026-07-07,P023,饼干,零食,9,7.0,4.4,0,270,供应商D,1,晴,14,正常,0,1
2026-07-07,P024,薯片,零食,11,6.0,3.8,0,180,供应商D,1,晴,14,正常,0,1
2026-07-07,P025,瓜子,零食,5,8.0,5.0,0,240,供应商D,1,晴,14,正常,0,1
2026-07-07,P026,花生,零食,3,7.0,4.3,0,240,供应商D,1,晴,14,正常,0,1
2026-07-07,P027,巧克力,零食,4,8.0,5.2,0,300,供应商D,2,晴,14,正常,0,1
2026-07-07,P028,棒棒糖,零食,9,1.0,0.5,0,365,供应商D,2,晴,14,正常,0,1
2026-07-07,P029,冰淇淋,冷饮,14,5.0,3.0,0,180,供应商A,1,晴,14,正常,0,1
2026-07-07,P030,雪糕,冷饮,22,3.0,1.7,0,180,供应商A,1,晴,14,正常,0,1
2026-07-07,P031,纸巾,日用品,9,5.0,3.2,1,1095,供应商E,2,晴,14,正常,0,1
2026-07-07,P032,卷纸,日用品,5,18.0,13.0,1,1095,供应商E,2,晴,14,正常,0,1
2026-07-07,P033,洗衣液,日用品,3,25.0,18.0,0,1095,供应商E,3,晴,14,正常,0,1
2026-07-07,P034,洗洁精,日用品,5,12.0,8.0,0,1095,供应商E,3,晴,14,正常,0,1
2026-07-07,P035,牙膏,日用品,3,12.0,8.5,0,1095,供应商E,3,晴,14,正常,0,1
2026-07-07,P036,牙刷,日用品,4,6.0,3.5,0,1095,供应商E,3,晴,14,正常,0,1
2026-07-07,P037,香皂,日用品,3,5.0,3.0,0,1095,供应商E,3,晴,14,正常,0,1
2026-07-07,P038,垃圾袋,日用品,6,8.0,5.0,0,1095,供应商E,3,晴,14,正常,0,1
2026-07-07,P039,电池,日用品,3,10.0,6.5,0,1095,供应商E,3,晴,14,正常,0,1
2026-07-07,P040,打火机,日用品,4,2.0,1.0,0,1095,供应商E,3,晴,14,正常,0,1
2026-07-07,P041,苹果,水果,8,8.0,5.0,0,10,供应商B,1,晴,14,正常,0,1
2026-07-07,P042,香蕉,水果,10,6.0,3.8,0,6,供应商B,1,晴,14,正常,0,1
2026-07-07,P043,橙子,水果,6,9.0,6.0,0,14,供应商B,1,晴,14,正常,0,1
2026-07-07,P044,西红柿,蔬菜,7,6.0,3.8,1,7,供应商B,1,晴,14,正常,0,1
2026-07-07,P045,土豆,蔬菜,6,5.0,3.0,1,30,供应商B,1,晴,14,正常,0,1
2026-07-07,P046,青菜,蔬菜,11,4.0,2.2,1,3,供应商B,1,晴,14,正常,0,1
2026-07-07,P047,火锅底料,调味,4,12.0,8.0,0,365,供应商C,2,晴,14,正常,0,1
2026-07-07,P048,速冻水饺,冷冻食品,4,18.0,12.5,0,180,供应商D,2,晴,14,正常,0,1
2026-07-07,P049,口罩10只,应急用品,1,10.0,6.0,1,1095,供应商E,3,晴,14,正常,0,1
2026-07-07,P050,创可贴,应急用品,3,5.0,2.8,1,1095,供应商E,3,晴,14,正常,0,1
2026-07-08,P001,矿泉水,饮料,23,2.0,1.1,1,365,供应商A,1,晴,20,正常,0,1
2026-07-08,P002,桶装水,饮料,6,8.0,5.2,1,365,供应商A,1,晴,20,正常,0,1
2026-07-08,P003,可乐,饮料,17,3.5,2.2,0,270,供应商A,1,晴,20,正常,0,1
2026-07-08,P004,雪碧,饮料,15,3.5,2.2,0,270,供应商A,1,晴,20,正常,0,1
2026-07-08,P005,橙汁,饮料,9,5.0,3.2,0,180,供应商A,2,晴,20,正常,0,1
2026-07-08,P006,牛奶,乳品,15,3.5,2.4,1,7,供应商B,1,晴,20,正常,0,1
2026-07-08,P007,酸奶,乳品,9,5.0,3.3,0,14,供应商B,1,晴,20,正常,0,1
2026-07-08,P008,鸡蛋,生鲜,11,12.0,8.5,1,20,供应商B,1,晴,20,正常,0,1
2026-07-08,P009,大米5kg,粮油,3,35.0,28.0,1,365,供应商C,2,晴,20,正常,0,1
2026-07-08,P010,食用油5L,粮油,2,65.0,53.0,1,540,供应商C,2,晴,20,正常,0,1
2026-07-08,P011,挂面,粮油,7,8.0,5.5,1,365,供应商C,2,晴,20,正常,0,1
2026-07-08,P012,面粉2.5kg,粮油,3,18.0,14.0,1,365,供应商C,2,晴,20,正常,0,1
2026-07-08,P013,食盐,调味,5,2.5,1.4,1,730,供应商C,2,晴,20,正常,0,1
2026-07-08,P014,酱油,调味,4,8.0,5.6,1,540,供应商C,2,晴,20,正常,0,1
2026-07-08,P015,食醋,调味,2,6.0,4.0,1,540,供应商C,2,晴,20,正常,0,1
2026-07-08,P016,方便面红烧,方便食品,17,5.0,3.4,1,180,供应商D,1,晴,20,正常,0,1
2026-07-08,P017,方便面香辣,方便食品,9,5.0,3.4,0,180,供应商D,1,晴,20,正常,0,1
2026-07-08,P018,火腿肠,方便食品,9,3.0,1.9,0,180,供应商D,1,晴,20,正常,0,1
2026-07-08,P019,八宝粥,方便食品,6,6.0,4.1,0,365,供应商D,1,晴,20,正常,0,1
2026-07-08,P020,榨菜,方便食品,7,2.0,1.2,0,365,供应商D,1,晴,20,正常,0,1
2026-07-08,P021,面包,烘焙,15,6.0,3.8,0,5,供应商B,1,晴,20,正常,0,1
2026-07-08,P022,蛋糕,烘焙,7,8.0,5.2,0,4,供应商B,1,晴,20,正常,0,1
2026-07-08,P023,饼干,零食,9,7.0,4.4,0,270,供应商D,1,晴,20,正常,0,1
2026-07-08,P024,薯片,零食,12,6.0,3.8,0,180,供应商D,1,晴,20,正常,0,1
2026-07-08,P025,瓜子,零食,4,8.0,5.0,0,240,供应商D,1,晴,20,正常,0,1
2026-07-08,P026,花生,零食,8,7.0,4.3,0,240,供应商D,1,晴,20,正常,0,1
2026-07-08,P027,巧克力,零食,8,8.0,5.2,0,300,供应商D,2,晴,20,正常,0,1
2026-07-08,P028,棒棒糖,零食,5,1.0,0.5,0,365,供应商D,2,晴,20,正常,0,1
2026-07-08,P029,冰淇淋,冷饮,14,5.0,3.0,0,180,供应商A,1,晴,20,正常,0,1
2026-07-08,P030,雪糕,冷饮,15,3.0,1.7,0,180,供应商A,1,晴,20,正常,0,1
2026-07-08,P031,纸巾,日用品,8,5.0,3.2,1,1095,供应商E,2,晴,20,正常,0,1
2026-07-08,P032,卷纸,日用品,4,18.0,13.0,1,1095,供应商E,2,晴,20,正常,0,1
2026-07-08,P033,洗衣液,日用品,4,25.0,18.0,0,1095,供应商E,3,晴,20,正常,0,1
2026-07-08,P034,洗洁精,日用品,4,12.0,8.0,0,1095,供应商E,3,晴,20,正常,0,1
2026-07-08,P035,牙膏,日用品,3,12.0,8.5,0,1095,供应商E,3,晴,20,正常,0,1
2026-07-08,P036,牙刷,日用品,4,6.0,3.5,0,1095,供应商E,3,晴,20,正常,0,1
2026-07-08,P037,香皂,日用品,5,5.0,3.0,0,1095,供应商E,3,晴,20,正常,0,1
2026-07-08,P038,垃圾袋,日用品,3,8.0,5.0,0,1095,供应商E,3,晴,20,正常,0,1
2026-07-08,P039,电池,日用品,1,10.0,6.5,0,1095,供应商E,3,晴,20,正常,0,1
2026-07-08,P040,打火机,日用品,7,2.0,1.0,0,1095,供应商E,3,晴,20,正常,0,1
2026-07-08,P041,苹果,水果,7,8.0,5.0,0,10,供应商B,1,晴,20,正常,0,1
2026-07-08,P042,香蕉,水果,9,6.0,3.8,0,6,供应商B,1,晴,20,正常,0,1
2026-07-08,P043,橙子,水果,6,9.0,6.0,0,14,供应商B,1,晴,20,正常,0,1
2026-07-08,P044,西红柿,蔬菜,9,6.0,3.8,1,7,供应商B,1,晴,20,正常,0,1
2026-07-08,P045,土豆,蔬菜,9,5.0,3.0,1,30,供应商B,1,晴,20,正常,0,1
2026-07-08,P046,青菜,蔬菜,11,4.0,2.2,1,3,供应商B,1,晴,20,正常,0,1
2026-07-08,P047,火锅底料,调味,2,12.0,8.0,0,365,供应商C,2,晴,20,正常,0,1
2026-07-08,P048,速冻水饺,冷冻食品,3,18.0,12.5,0,180,供应商D,2,晴,20,正常,0,1
2026-07-08,P049,口罩10只,应急用品,3,10.0,6.0,1,1095,供应商E,3,晴,20,正常,0,1
2026-07-08,P050,创可贴,应急用品,3,5.0,2.8,1,1095,供应商E,3,晴,20,正常,0,1
2026-07-09,P001,矿泉水,饮料,17,2.0,1.1,1,365,供应商A,1,晴,17,正常,0,1
2026-07-09,P002,桶装水,饮料,7,8.0,5.2,1,365,供应商A,1,晴,17,正常,0,1
2026-07-09,P003,可乐,饮料,13,3.5,2.2,0,270,供应商A,1,晴,17,正常,0,1
2026-07-09,P004,雪碧,饮料,16,3.5,2.2,0,270,供应商A,1,晴,17,正常,0,1
2026-07-09,P005,橙汁,饮料,10,5.0,3.2,0,180,供应商A,2,晴,17,正常,0,1
2026-07-09,P006,牛奶,乳品,13,3.5,2.4,1,7,供应商B,1,晴,17,正常,0,1
2026-07-09,P007,酸奶,乳品,10,5.0,3.3,0,14,供应商B,1,晴,17,正常,0,1
2026-07-09,P008,鸡蛋,生鲜,10,12.0,8.5,1,20,供应商B,1,晴,17,正常,0,1
2026-07-09,P009,大米5kg,粮油,5,35.0,28.0,1,365,供应商C,2,晴,17,正常,0,1
2026-07-09,P010,食用油5L,粮油,2,65.0,53.0,1,540,供应商C,2,晴,17,正常,0,1
2026-07-09,P011,挂面,粮油,6,8.0,5.5,1,365,供应商C,2,晴,17,正常,0,1
2026-07-09,P012,面粉2.5kg,粮油,4,18.0,14.0,1,365,供应商C,2,晴,17,正常,0,1
2026-07-09,P013,食盐,调味,4,2.5,1.4,1,730,供应商C,2,晴,17,正常,0,1
2026-07-09,P014,酱油,调味,5,8.0,5.6,1,540,供应商C,2,晴,17,正常,0,1
2026-07-09,P015,食醋,调味,5,6.0,4.0,1,540,供应商C,2,晴,17,正常,0,1
2026-07-09,P016,方便面红烧,方便食品,13,5.0,3.4,1,180,供应商D,1,晴,17,正常,0,1
2026-07-09,P017,方便面香辣,方便食品,13,5.0,3.4,0,180,供应商D,1,晴,17,正常,0,1
2026-07-09,P018,火腿肠,方便食品,8,3.0,1.9,0,180,供应商D,1,晴,17,正常,0,1
2026-07-09,P019,八宝粥,方便食品,9,6.0,4.1,0,365,供应商D,1,晴,17,正常,0,1
2026-07-09,P020,榨菜,方便食品,5,2.0,1.2,0,365,供应商D,1,晴,17,正常,0,1
2026-07-09,P021,面包,烘焙,12,6.0,3.8,0,5,供应商B,1,晴,17,正常,0,1
2026-07-09,P022,蛋糕,烘焙,6,8.0,5.2,0,4,供应商B,1,晴,17,正常,0,1
2026-07-09,P023,饼干,零食,9,7.0,4.4,0,270,供应商D,1,晴,17,正常,0,1
2026-07-09,P024,薯片,零食,11,6.0,3.8,0,180,供应商D,1,晴,17,正常,0,1
2026-07-09,P025,瓜子,零食,8,8.0,5.0,0,240,供应商D,1,晴,17,正常,0,1
2026-07-09,P026,花生,零食,7,7.0,4.3,0,240,供应商D,1,晴,17,正常,0,1
2026-07-09,P027,巧克力,零食,5,8.0,5.2,0,300,供应商D,2,晴,17,正常,0,1
2026-07-09,P028,棒棒糖,零食,9,1.0,0.5,0,365,供应商D,2,晴,17,正常,0,1
2026-07-09,P029,冰淇淋,冷饮,12,5.0,3.0,0,180,供应商A,1,晴,17,正常,0,1
2026-07-09,P030,雪糕,冷饮,14,3.0,1.7,0,180,供应商A,1,晴,17,正常,0,1
2026-07-09,P031,纸巾,日用品,7,5.0,3.2,1,1095,供应商E,2,晴,17,正常,0,1
2026-07-09,P032,卷纸,日用品,4,18.0,13.0,1,1095,供应商E,2,晴,17,正常,0,1
2026-07-09,P033,洗衣液,日用品,3,25.0,18.0,0,1095,供应商E,3,晴,17,正常,0,1
2026-07-09,P034,洗洁精,日用品,2,12.0,8.0,0,1095,供应商E,3,晴,17,正常,0,1
2026-07-09,P035,牙膏,日用品,4,12.0,8.5,0,1095,供应商E,3,晴,17,正常,0,1
2026-07-09,P036,牙刷,日用品,6,6.0,3.5,0,1095,供应商E,3,晴,17,正常,0,1
2026-07-09,P037,香皂,日用品,5,5.0,3.0,0,1095,供应商E,3,晴,17,正常,0,1
2026-07-09,P038,垃圾袋,日用品,3,8.0,5.0,0,1095,供应商E,3,晴,17,正常,0,1
2026-07-09,P039,电池,日用品,1,10.0,6.5,0,1095,供应商E,3,晴,17,正常,0,1
2026-07-09,P040,打火机,日用品,6,2.0,1.0,0,1095,供应商E,3,晴,17,正常,0,1
2026-07-09,P041,苹果,水果,5,8.0,5.0,0,10,供应商B,1,晴,17,正常,0,1
2026-07-09,P042,香蕉,水果,11,6.0,3.8,0,6,供应商B,1,晴,17,正常,0,1
2026-07-09,P043,橙子,水果,6,9.0,6.0,0,14,供应商B,1,晴,17,正常,0,1
2026-07-09,P044,西红柿,蔬菜,10,6.0,3.8,1,7,供应商B,1,晴,17,正常,0,1
2026-07-09,P045,土豆,蔬菜,5,5.0,3.0,1,30,供应商B,1,晴,17,正常,0,1
2026-07-09,P046,青菜,蔬菜,11,4.0,2.2,1,3,供应商B,1,晴,17,正常,0,1
2026-07-09,P047,火锅底料,调味,4,12.0,8.0,0,365,供应商C,2,晴,17,正常,0,1
2026-07-09,P048,速冻水饺,冷冻食品,5,18.0,12.5,0,180,供应商D,2,晴,17,正常,0,1
2026-07-09,P049,口罩10只,应急用品,1,10.0,6.0,1,1095,供应商E,3,晴,17,正常,0,1
2026-07-09,P050,创可贴,应急用品,4,5.0,2.8,1,1095,供应商E,3,晴,17,正常,0,1
2026-07-10,P001,矿泉水,饮料,27,2.0,1.1,1,365,供应商A,1,晴,13,正常,0,1
2026-07-10,P002,桶装水,饮料,8,8.0,5.2,1,365,供应商A,1,晴,13,正常,0,1
2026-07-10,P003,可乐,饮料,19,3.5,2.2,0,270,供应商A,1,晴,13,正常,0,1
2026-07-10,P004,雪碧,饮料,12,3.5,2.2,0,270,供应商A,1,晴,13,正常,0,1
2026-07-10,P005,橙汁,饮料,7,5.0,3.2,0,180,供应商A,2,晴,13,正常,0,1
2026-07-10,P006,牛奶,乳品,11,3.5,2.4,1,7,供应商B,1,晴,13,正常,0,1
2026-07-10,P007,酸奶,乳品,11,5.0,3.3,0,14,供应商B,1,晴,13,正常,0,1
2026-07-10,P008,鸡蛋,生鲜,11,12.0,8.5,1,20,供应商B,1,晴,13,正常,0,1
2026-07-10,P009,大米5kg,粮油,6,35.0,28.0,1,365,供应商C,2,晴,13,正常,0,1
2026-07-10,P010,食用油5L,粮油,4,65.0,53.0,1,540,供应商C,2,晴,13,正常,0,1
2026-07-10,P011,挂面,粮油,7,8.0,5.5,1,365,供应商C,2,晴,13,正常,0,1
2026-07-10,P012,面粉2.5kg,粮油,4,18.0,14.0,1,365,供应商C,2,晴,13,正常,0,1
2026-07-10,P013,食盐,调味,6,2.5,1.4,1,730,供应商C,2,晴,13,正常,0,1
2026-07-10,P014,酱油,调味,5,8.0,5.6,1,540,供应商C,2,晴,13,正常,0,1
2026-07-10,P015,食醋,调味,4,6.0,4.0,1,540,供应商C,2,晴,13,正常,0,1
2026-07-10,P016,方便面红烧,方便食品,17,5.0,3.4,1,180,供应商D,1,晴,13,正常,0,1
2026-07-10,P017,方便面香辣,方便食品,10,5.0,3.4,0,180,供应商D,1,晴,13,正常,0,1
2026-07-10,P018,火腿肠,方便食品,9,3.0,1.9,0,180,供应商D,1,晴,13,正常,0,1
2026-07-10,P019,八宝粥,方便食品,8,6.0,4.1,0,365,供应商D,1,晴,13,正常,0,1
2026-07-10,P020,榨菜,方便食品,6,2.0,1.2,0,365,供应商D,1,晴,13,正常,0,1
2026-07-10,P021,面包,烘焙,13,6.0,3.8,0,5,供应商B,1,晴,13,正常,0,1
2026-07-10,P022,蛋糕,烘焙,6,8.0,5.2,0,4,供应商B,1,晴,13,正常,0,1
2026-07-10,P023,饼干,零食,7,7.0,4.4,0,270,供应商D,1,晴,13,正常,0,1
2026-07-10,P024,薯片,零食,13,6.0,3.8,0,180,供应商D,1,晴,13,正常,0,1
2026-07-10,P025,瓜子,零食,8,8.0,5.0,0,240,供应商D,1,晴,13,正常,0,1
2026-07-10,P026,花生,零食,7,7.0,4.3,0,240,供应商D,1,晴,13,正常,0,1
2026-07-10,P027,巧克力,零食,5,8.0,5.2,0,300,供应商D,2,晴,13,正常,0,1
2026-07-10,P028,棒棒糖,零食,9,1.0,0.5,0,365,供应商D,2,晴,13,正常,0,1
2026-07-10,P029,冰淇淋,冷饮,17,5.0,3.0,0,180,供应商A,1,晴,13,正常,0,1
2026-07-10,P030,雪糕,冷饮,16,3.0,1.7,0,180,供应商A,1,晴,13,正常,0,1
2026-07-10,P031,纸巾,日用品,7,5.0,3.2,1,1095,供应商E,2,晴,13,正常,0,1
2026-07-10,P032,卷纸,日用品,7,18.0,13.0,1,1095,供应商E,2,晴,13,正常,0,1
2026-07-10,P033,洗衣液,日用品,3,25.0,18.0,0,1095,供应商E,3,晴,13,正常,0,1
2026-07-10,P034,洗洁精,日用品,6,12.0,8.0,0,1095,供应商E,3,晴,13,正常,0,1
2026-07-10,P035,牙膏,日用品,2,12.0,8.5,0,1095,供应商E,3,晴,13,正常,0,1
2026-07-10,P036,牙刷,日用品,5,6.0,3.5,0,1095,供应商E,3,晴,13,正常,0,1
2026-07-10,P037,香皂,日用品,6,5.0,3.0,0,1095,供应商E,3,晴,13,正常,0,1
2026-07-10,P038,垃圾袋,日用品,4,8.0,5.0,0,1095,供应商E,3,晴,13,正常,0,1
2026-07-10,P039,电池,日用品,3,10.0,6.5,0,1095,供应商E,3,晴,13,正常,0,1
2026-07-10,P040,打火机,日用品,4,2.0,1.0,0,1095,供应商E,3,晴,13,正常,0,1
2026-07-10,P041,苹果,水果,9,8.0,5.0,0,10,供应商B,1,晴,13,正常,0,1
2026-07-10,P042,香蕉,水果,8,6.0,3.8,0,6,供应商B,1,晴,13,正常,0,1
2026-07-10,P043,橙子,水果,6,9.0,6.0,0,14,供应商B,1,晴,13,正常,0,1
2026-07-10,P044,西红柿,蔬菜,6,6.0,3.8,1,7,供应商B,1,晴,13,正常,0,1
2026-07-10,P045,土豆,蔬菜,9,5.0,3.0,1,30,供应商B,1,晴,13,正常,0,1
2026-07-10,P046,青菜,蔬菜,12,4.0,2.2,1,3,供应商B,1,晴,13,正常,0,1
2026-07-10,P047,火锅底料,调味,4,12.0,8.0,0,365,供应商C,2,晴,13,正常,0,1
2026-07-10,P048,速冻水饺,冷冻食品,4,18.0,12.5,0,180,供应商D,2,晴,13,正常,0,1
2026-07-10,P049,口罩10只,应急用品,5,10.0,6.0,1,1095,供应商E,3,晴,13,正常,0,1
2026-07-10,P050,创可贴,应急用品,3,5.0,2.8,1,1095,供应商E,3,晴,13,正常,0,1
2026-07-11,P001,矿泉水,饮料,22,2.0,1.1,1,365,供应商A,1,晴,14,正常,1,1
2026-07-11,P002,桶装水,饮料,4,8.0,5.2,1,365,供应商A,1,晴,14,正常,1,1
2026-07-11,P003,可乐,饮料,16,3.5,2.2,0,270,供应商A,1,晴,14,正常,1,1
2026-07-11,P004,雪碧,饮料,11,3.5,2.2,0,270,供应商A,1,晴,14,正常,1,1
2026-07-11,P005,橙汁,饮料,8,5.0,3.2,0,180,供应商A,2,晴,14,正常,1,1
2026-07-11,P006,牛奶,乳品,17,3.5,2.4,1,7,供应商B,1,晴,14,正常,1,1
2026-07-11,P007,酸奶,乳品,9,5.0,3.3,0,14,供应商B,1,晴,14,正常,1,1
2026-07-11,P008,鸡蛋,生鲜,14,12.0,8.5,1,20,供应商B,1,晴,14,正常,1,1
2026-07-11,P009,大米5kg,粮油,4,35.0,28.0,1,365,供应商C,2,晴,14,正常,1,1
2026-07-11,P010,食用油5L,粮油,3,65.0,53.0,1,540,供应商C,2,晴,14,正常,1,1
2026-07-11,P011,挂面,粮油,10,8.0,5.5,1,365,供应商C,2,晴,14,正常,1,1
2026-07-11,P012,面粉2.5kg,粮油,4,18.0,14.0,1,365,供应商C,2,晴,14,正常,1,1
2026-07-11,P013,食盐,调味,6,2.5,1.4,1,730,供应商C,2,晴,14,正常,1,1
2026-07-11,P014,酱油,调味,4,8.0,5.6,1,540,供应商C,2,晴,14,正常,1,1
2026-07-11,P015,食醋,调味,6,6.0,4.0,1,540,供应商C,2,晴,14,正常,1,1
2026-07-11,P016,方便面红烧,方便食品,15,5.0,3.4,1,180,供应商D,1,晴,14,正常,1,1
2026-07-11,P017,方便面香辣,方便食品,13,5.0,3.4,0,180,供应商D,1,晴,14,正常,1,1
2026-07-11,P018,火腿肠,方便食品,11,3.0,1.9,0,180,供应商D,1,晴,14,正常,1,1
2026-07-11,P019,八宝粥,方便食品,8,6.0,4.1,0,365,供应商D,1,晴,14,正常,1,1
2026-07-11,P020,榨菜,方便食品,7,2.0,1.2,0,365,供应商D,1,晴,14,正常,1,1
2026-07-11,P021,面包,烘焙,12,6.0,3.8,0,5,供应商B,1,晴,14,正常,1,1
2026-07-11,P022,蛋糕,烘焙,9,8.0,5.2,0,4,供应商B,1,晴,14,正常,1,1
2026-07-11,P023,饼干,零食,9,7.0,4.4,0,270,供应商D,1,晴,14,正常,1,1
2026-07-11,P024,薯片,零食,12,6.0,3.8,0,180,供应商D,1,晴,14,正常,1,1
2026-07-11,P025,瓜子,零食,6,8.0,5.0,0,240,供应商D,1,晴,14,正常,1,1
2026-07-11,P026,花生,零食,7,7.0,4.3,0,240,供应商D,1,晴,14,正常,1,1
2026-07-11,P027,巧克力,零食,5,8.0,5.2,0,300,供应商D,2,晴,14,正常,1,1
2026-07-11,P028,棒棒糖,零食,10,1.0,0.5,0,365,供应商D,2,晴,14,正常,1,1
2026-07-11,P029,冰淇淋,冷饮,13,5.0,3.0,0,180,供应商A,1,晴,14,正常,1,1
2026-07-11,P030,雪糕,冷饮,19,3.0,1.7,0,180,供应商A,1,晴,14,正常,1,1
2026-07-11,P031,纸巾,日用品,9,5.0,3.2,1,1095,供应商E,2,晴,14,正常,1,1
2026-07-11,P032,卷纸,日用品,5,18.0,13.0,1,1095,供应商E,2,晴,14,正常,1,1
2026-07-11,P033,洗衣液,日用品,3,25.0,18.0,0,1095,供应商E,3,晴,14,正常,1,1
2026-07-11,P034,洗洁精,日用品,5,12.0,8.0,0,1095,供应商E,3,晴,14,正常,1,1
2026-07-11,P035,牙膏,日用品,4,12.0,8.5,0,1095,供应商E,3,晴,14,正常,1,1
2026-07-11,P036,牙刷,日用品,4,6.0,3.5,0,1095,供应商E,3,晴,14,正常,1,1
2026-07-11,P037,香皂,日用品,3,5.0,3.0,0,1095,供应商E,3,晴,14,正常,1,1
2026-07-11,P038,垃圾袋,日用品,7,8.0,5.0,0,1095,供应商E,3,晴,14,正常,1,1
2026-07-11,P039,电池,日用品,5,10.0,6.5,0,1095,供应商E,3,晴,14,正常,1,1
2026-07-11,P040,打火机,日用品,6,2.0,1.0,0,1095,供应商E,3,晴,14,正常,1,1
2026-07-11,P041,苹果,水果,10,8.0,5.0,0,10,供应商B,1,晴,14,正常,1,1
2026-07-11,P042,香蕉,水果,7,6.0,3.8,0,6,供应商B,1,晴,14,正常,1,1
2026-07-11,P043,橙子,水果,4,9.0,6.0,0,14,供应商B,1,晴,14,正常,1,1
2026-07-11,P044,西红柿,蔬菜,8,6.0,3.8,1,7,供应商B,1,晴,14,正常,1,1
2026-07-11,P045,土豆,蔬菜,6,5.0,3.0,1,30,供应商B,1,晴,14,正常,1,1
2026-07-11,P046,青菜,蔬菜,11,4.0,2.2,1,3,供应商B,1,晴,14,正常,1,1
2026-07-11,P047,火锅底料,调味,5,12.0,8.0,0,365,供应商C,2,晴,14,正常,1,1
2026-07-11,P048,速冻水饺,冷冻食品,7,18.0,12.5,0,180,供应商D,2,晴,14,正常,1,1
2026-07-11,P049,口罩10只,应急用品,2,10.0,6.0,1,1095,供应商E,3,晴,14,正常,1,1
2026-07-11,P050,创可贴,应急用品,4,5.0,2.8,1,1095,供应商E,3,晴,14,正常,1,1
2026-07-12,P001,矿泉水,饮料,26,2.0,1.1,1,365,供应商A,1,晴,18,正常,1,1
2026-07-12,P002,桶装水,饮料,7,8.0,5.2,1,365,供应商A,1,晴,18,正常,1,1
2026-07-12,P003,可乐,饮料,16,3.5,2.2,0,270,供应商A,1,晴,18,正常,1,1
2026-07-12,P004,雪碧,饮料,17,3.5,2.2,0,270,供应商A,1,晴,18,正常,1,1
2026-07-12,P005,橙汁,饮料,9,5.0,3.2,0,180,供应商A,2,晴,18,正常,1,1
2026-07-12,P006,牛奶,乳品,20,3.5,2.4,1,7,供应商B,1,晴,18,正常,1,1
2026-07-12,P007,酸奶,乳品,9,5.0,3.3,0,14,供应商B,1,晴,18,正常,1,1
2026-07-12,P008,鸡蛋,生鲜,15,12.0,8.5,1,20,供应商B,1,晴,18,正常,1,1
2026-07-12,P009,大米5kg,粮油,4,35.0,28.0,1,365,供应商C,2,晴,18,正常,1,1
2026-07-12,P010,食用油5L,粮油,3,65.0,53.0,1,540,供应商C,2,晴,18,正常,1,1
2026-07-12,P011,挂面,粮油,8,8.0,5.5,1,365,供应商C,2,晴,18,正常,1,1
2026-07-12,P012,面粉2.5kg,粮油,4,18.0,14.0,1,365,供应商C,2,晴,18,正常,1,1
2026-07-12,P013,食盐,调味,2,2.5,1.4,1,730,供应商C,2,晴,18,正常,1,1
2026-07-12,P014,酱油,调味,2,8.0,5.6,1,540,供应商C,2,晴,18,正常,1,1
2026-07-12,P015,食醋,调味,6,6.0,4.0,1,540,供应商C,2,晴,18,正常,1,1
2026-07-12,P016,方便面红烧,方便食品,20,5.0,3.4,1,180,供应商D,1,晴,18,正常,1,1
2026-07-12,P017,方便面香辣,方便食品,14,5.0,3.4,0,180,供应商D,1,晴,18,正常,1,1
2026-07-12,P018,火腿肠,方便食品,11,3.0,1.9,0,180,供应商D,1,晴,18,正常,1,1
2026-07-12,P019,八宝粥,方便食品,6,6.0,4.1,0,365,供应商D,1,晴,18,正常,1,1
2026-07-12,P020,榨菜,方便食品,6,2.0,1.2,0,365,供应商D,1,晴,18,正常,1,1
2026-07-12,P021,面包,烘焙,13,6.0,3.8,0,5,供应商B,1,晴,18,正常,1,1
2026-07-12,P022,蛋糕,烘焙,6,8.0,5.2,0,4,供应商B,1,晴,18,正常,1,1
2026-07-12,P023,饼干,零食,13,7.0,4.4,0,270,供应商D,1,晴,18,正常,1,1
2026-07-12,P024,薯片,零食,15,6.0,3.8,0,180,供应商D,1,晴,18,正常,1,1
2026-07-12,P025,瓜子,零食,7,8.0,5.0,0,240,供应商D,1,晴,18,正常,1,1
2026-07-12,P026,花生,零食,7,7.0,4.3,0,240,供应商D,1,晴,18,正常,1,1
2026-07-12,P027,巧克力,零食,4,8.0,5.2,0,300,供应商D,2,晴,18,正常,1,1
2026-07-12,P028,棒棒糖,零食,12,1.0,0.5,0,365,供应商D,2,晴,18,正常,1,1
2026-07-12,P029,冰淇淋,冷饮,16,5.0,3.0,0,180,供应商A,1,晴,18,正常,1,1
2026-07-12,P030,雪糕,冷饮,18,3.0,1.7,0,180,供应商A,1,晴,18,正常,1,1
2026-07-12,P031,纸巾,日用品,9,5.0,3.2,1,1095,供应商E,2,晴,18,正常,1,1
2026-07-12,P032,卷纸,日用品,5,18.0,13.0,1,1095,供应商E,2,晴,18,正常,1,1
2026-07-12,P033,洗衣液,日用品,3,25.0,18.0,0,1095,供应商E,3,晴,18,正常,1,1
2026-07-12,P034,洗洁精,日用品,3,12.0,8.0,0,1095,供应商E,3,晴,18,正常,1,1
2026-07-12,P035,牙膏,日用品,6,12.0,8.5,0,1095,供应商E,3,晴,18,正常,1,1
2026-07-12,P036,牙刷,日用品,4,6.0,3.5,0,1095,供应商E,3,晴,18,正常,1,1
2026-07-12,P037,香皂,日用品,6,5.0,3.0,0,1095,供应商E,3,晴,18,正常,1,1
2026-07-12,P038,垃圾袋,日用品,4,8.0,5.0,0,1095,供应商E,3,晴,18,正常,1,1
2026-07-12,P039,电池,日用品,3,10.0,6.5,0,1095,供应商E,3,晴,18,正常,1,1
2026-07-12,P040,打火机,日用品,4,2.0,1.0,0,1095,供应商E,3,晴,18,正常,1,1
2026-07-12,P041,苹果,水果,10,8.0,5.0,0,10,供应商B,1,晴,18,正常,1,1
2026-07-12,P042,香蕉,水果,9,6.0,3.8,0,6,供应商B,1,晴,18,正常,1,1
2026-07-12,P043,橙子,水果,6,9.0,6.0,0,14,供应商B,1,晴,18,正常,1,1
2026-07-12,P044,西红柿,蔬菜,9,6.0,3.8,1,7,供应商B,1,晴,18,正常,1,1
2026-07-12,P045,土豆,蔬菜,8,5.0,3.0,1,30,供应商B,1,晴,18,正常,1,1
2026-07-12,P046,青菜,蔬菜,8,4.0,2.2,1,3,供应商B,1,晴,18,正常,1,1
2026-07-12,P047,火锅底料,调味,4,12.0,8.0,0,365,供应商C,2,晴,18,正常,1,1
2026-07-12,P048,速冻水饺,冷冻食品,6,18.0,12.5,0,180,供应商D,2,晴,18,正常,1,1
2026-07-12,P049,口罩10只,应急用品,3,10.0,6.0,1,1095,供应商E,3,晴,18,正常,1,1
2026-07-12,P050,创可贴,应急用品,3,5.0,2.8,1,1095,供应商E,3,晴,18,正常,1,1
2026-07-13,P001,矿泉水,饮料,25,2.0,1.1,1,365,供应商A,1,晴,19,正常,0,1
2026-07-13,P002,桶装水,饮料,6,8.0,5.2,1,365,供应商A,1,晴,19,正常,0,1
2026-07-13,P003,可乐,饮料,13,3.5,2.2,0,270,供应商A,1,晴,19,正常,0,1
2026-07-13,P004,雪碧,饮料,13,3.5,2.2,0,270,供应商A,1,晴,19,正常,0,1
2026-07-13,P005,橙汁,饮料,9,5.0,3.2,0,180,供应商A,2,晴,19,正常,0,1
2026-07-13,P006,牛奶,乳品,12,3.5,2.4,1,7,供应商B,1,晴,19,正常,0,1
2026-07-13,P007,酸奶,乳品,8,5.0,3.3,0,14,供应商B,1,晴,19,正常,0,1
2026-07-13,P008,鸡蛋,生鲜,9,12.0,8.5,1,20,供应商B,1,晴,19,正常,0,1
2026-07-13,P009,大米5kg,粮油,5,35.0,28.0,1,365,供应商C,2,晴,19,正常,0,1
2026-07-13,P010,食用油5L,粮油,3,65.0,53.0,1,540,供应商C,2,晴,19,正常,0,1
2026-07-13,P011,挂面,粮油,6,8.0,5.5,1,365,供应商C,2,晴,19,正常,0,1
2026-07-13,P012,面粉2.5kg,粮油,4,18.0,14.0,1,365,供应商C,2,晴,19,正常,0,1
2026-07-13,P013,食盐,调味,4,2.5,1.4,1,730,供应商C,2,晴,19,正常,0,1
2026-07-13,P014,酱油,调味,4,8.0,5.6,1,540,供应商C,2,晴,19,正常,0,1
2026-07-13,P015,食醋,调味,2,6.0,4.0,1,540,供应商C,2,晴,19,正常,0,1
2026-07-13,P016,方便面红烧,方便食品,12,5.0,3.4,1,180,供应商D,1,晴,19,正常,0,1
2026-07-13,P017,方便面香辣,方便食品,12,5.0,3.4,0,180,供应商D,1,晴,19,正常,0,1
2026-07-13,P018,火腿肠,方便食品,9,3.0,1.9,0,180,供应商D,1,晴,19,正常,0,1
2026-07-13,P019,八宝粥,方便食品,8,6.0,4.1,0,365,供应商D,1,晴,19,正常,0,1
2026-07-13,P020,榨菜,方便食品,5,2.0,1.2,0,365,供应商D,1,晴,19,正常,0,1
2026-07-13,P021,面包,烘焙,13,6.0,3.8,0,5,供应商B,1,晴,19,正常,0,1
2026-07-13,P022,蛋糕,烘焙,6,8.0,5.2,0,4,供应商B,1,晴,19,正常,0,1
2026-07-13,P023,饼干,零食,9,7.0,4.4,0,270,供应商D,1,晴,19,正常,0,1
2026-07-13,P024,薯片,零食,10,6.0,3.8,0,180,供应商D,1,晴,19,正常,0,1
2026-07-13,P025,瓜子,零食,9,8.0,5.0,0,240,供应商D,1,晴,19,正常,0,1
2026-07-13,P026,花生,零食,7,7.0,4.3,0,240,供应商D,1,晴,19,正常,0,1
2026-07-13,P027,巧克力,零食,4,8.0,5.2,0,300,供应商D,2,晴,19,正常,0,1
2026-07-13,P028,棒棒糖,零食,10,1.0,0.5,0,365,供应商D,2,晴,19,正常,0,1
2026-07-13,P029,冰淇淋,冷饮,19,5.0,3.0,0,180,供应商A,1,晴,19,正常,0,1
2026-07-13,P030,雪糕,冷饮,13,3.0,1.7,0,180,供应商A,1,晴,19,正常,0,1
2026-07-13,P031,纸巾,日用品,7,5.0,3.2,1,1095,供应商E,2,晴,19,正常,0,1
2026-07-13,P032,卷纸,日用品,5,18.0,13.0,1,1095,供应商E,2,晴,19,正常,0,1
2026-07-13,P033,洗衣液,日用品,2,25.0,18.0,0,1095,供应商E,3,晴,19,正常,0,1
2026-07-13,P034,洗洁精,日用品,4,12.0,8.0,0,1095,供应商E,3,晴,19,正常,0,1
2026-07-13,P035,牙膏,日用品,2,12.0,8.5,0,1095,供应商E,3,晴,19,正常,0,1
2026-07-13,P036,牙刷,日用品,6,6.0,3.5,0,1095,供应商E,3,晴,19,正常,0,1
2026-07-13,P037,香皂,日用品,2,5.0,3.0,0,1095,供应商E,3,晴,19,正常,0,1
2026-07-13,P038,垃圾袋,日用品,4,8.0,5.0,0,1095,供应商E,3,晴,19,正常,0,1
2026-07-13,P039,电池,日用品,4,10.0,6.5,0,1095,供应商E,3,晴,19,正常,0,1
2026-07-13,P040,打火机,日用品,5,2.0,1.0,0,1095,供应商E,3,晴,19,正常,0,1
2026-07-13,P041,苹果,水果,7,8.0,5.0,0,10,供应商B,1,晴,19,正常,0,1
2026-07-13,P042,香蕉,水果,7,6.0,3.8,0,6,供应商B,1,晴,19,正常,0,1
2026-07-13,P043,橙子,水果,6,9.0,6.0,0,14,供应商B,1,晴,19,正常,0,1
2026-07-13,P044,西红柿,蔬菜,7,6.0,3.8,1,7,供应商B,1,晴,19,正常,0,1
2026-07-13,P045,土豆,蔬菜,7,5.0,3.0,1,30,供应商B,1,晴,19,正常,0,1
2026-07-13,P046,青菜,蔬菜,8,4.0,2.2,1,3,供应商B,1,晴,19,正常,0,1
2026-07-13,P047,火锅底料,调味,5,12.0,8.0,0,365,供应商C,2,晴,19,正常,0,1
2026-07-13,P048,速冻水饺,冷冻食品,5,18.0,12.5,0,180,供应商D,2,晴,19,正常,0,1
2026-07-13,P049,口罩10只,应急用品,3,10.0,6.0,1,1095,供应商E,3,晴,19,正常,0,1
2026-07-13,P050,创可贴,应急用品,5,5.0,2.8,1,1095,供应商E,3,晴,19,正常,0,1
2026-07-14,P001,矿泉水,饮料,35,2.0,1.1,1,365,供应商A,1,晴,35,高温,0,1
2026-07-14,P002,桶装水,饮料,8,8.0,5.2,1,365,供应商A,1,晴,35,高温,0,1
2026-07-14,P003,可乐,饮料,23,3.5,2.2,0,270,供应商A,1,晴,35,高温,0,1
2026-07-14,P004,雪碧,饮料,20,3.5,2.2,0,270,供应商A,1,晴,35,高温,0,1
2026-07-14,P005,橙汁,饮料,12,5.0,3.2,0,180,供应商A,2,晴,35,高温,0,1
2026-07-14,P006,牛奶,乳品,12,3.5,2.4,1,7,供应商B,1,晴,35,高温,0,1
2026-07-14,P007,酸奶,乳品,6,5.0,3.3,0,14,供应商B,1,晴,35,高温,0,1
2026-07-14,P008,鸡蛋,生鲜,11,12.0,8.5,1,20,供应商B,1,晴,35,高温,0,1
2026-07-14,P009,大米5kg,粮油,4,35.0,28.0,1,365,供应商C,2,晴,35,高温,0,1
2026-07-14,P010,食用油5L,粮油,3,65.0,53.0,1,540,供应商C,2,晴,35,高温,0,1
2026-07-14,P011,挂面,粮油,8,8.0,5.5,1,365,供应商C,2,晴,35,高温,0,1
2026-07-14,P012,面粉2.5kg,粮油,6,18.0,14.0,1,365,供应商C,2,晴,35,高温,0,1
2026-07-14,P013,食盐,调味,6,2.5,1.4,1,730,供应商C,2,晴,35,高温,0,1
2026-07-14,P014,酱油,调味,7,8.0,5.6,1,540,供应商C,2,晴,35,高温,0,1
2026-07-14,P015,食醋,调味,5,6.0,4.0,1,540,供应商C,2,晴,35,高温,0,1
2026-07-14,P016,方便面红烧,方便食品,18,5.0,3.4,1,180,供应商D,1,晴,35,高温,0,1
2026-07-14,P017,方便面香辣,方便食品,12,5.0,3.4,0,180,供应商D,1,晴,35,高温,0,1
2026-07-14,P018,火腿肠,方便食品,11,3.0,1.9,0,180,供应商D,1,晴,35,高温,0,1
2026-07-14,P019,八宝粥,方便食品,7,6.0,4.1,0,365,供应商D,1,晴,35,高温,0,1
2026-07-14,P020,榨菜,方便食品,5,2.0,1.2,0,365,供应商D,1,晴,35,高温,0,1
2026-07-14,P021,面包,烘焙,11,6.0,3.8,0,5,供应商B,1,晴,35,高温,0,1
2026-07-14,P022,蛋糕,烘焙,6,8.0,5.2,0,4,供应商B,1,晴,35,高温,0,1
2026-07-14,P023,饼干,零食,10,7.0,4.4,0,270,供应商D,1,晴,35,高温,0,1
2026-07-14,P024,薯片,零食,9,6.0,3.8,0,180,供应商D,1,晴,35,高温,0,1
2026-07-14,P025,瓜子,零食,6,8.0,5.0,0,240,供应商D,1,晴,35,高温,0,1
2026-07-14,P026,花生,零食,3,7.0,4.3,0,240,供应商D,1,晴,35,高温,0,1
2026-07-14,P027,巧克力,零食,7,8.0,5.2,0,300,供应商D,2,晴,35,高温,0,1
2026-07-14,P028,棒棒糖,零食,9,1.0,0.5,0,365,供应商D,2,晴,35,高温,0,1
2026-07-14,P029,冰淇淋,冷饮,23,5.0,3.0,0,180,供应商A,1,晴,35,高温,0,1
2026-07-14,P030,雪糕,冷饮,32,3.0,1.7,0,180,供应商A,1,晴,35,高温,0,1
2026-07-14,P031,纸巾,日用品,8,5.0,3.2,1,1095,供应商E,2,晴,35,高温,0,1
2026-07-14,P032,卷纸,日用品,7,18.0,13.0,1,1095,供应商E,2,晴,35,高温,0,1
2026-07-14,P033,洗衣液,日用品,2,25.0,18.0,0,1095,供应商E,3,晴,35,高温,0,1
2026-07-14,P034,洗洁精,日用品,7,12.0,8.0,0,1095,供应商E,3,晴,35,高温,0,1
2026-07-14,P035,牙膏,日用品,5,12.0,8.5,0,1095,供应商E,3,晴,35,高温,0,1
2026-07-14,P036,牙刷,日用品,4,6.0,3.5,0,1095,供应商E,3,晴,35,高温,0,1
2026-07-14,P037,香皂,日用品,6,5.0,3.0,0,1095,供应商E,3,晴,35,高温,0,1
2026-07-14,P038,垃圾袋,日用品,3,8.0,5.0,0,1095,供应商E,3,晴,35,高温,0,1
2026-07-14,P039,电池,日用品,3,10.0,6.5,0,1095,供应商E,3,晴,35,高温,0,1
2026-07-14,P040,打火机,日用品,7,2.0,1.0,0,1095,供应商E,3,晴,35,高温,0,1
2026-07-14,P041,苹果,水果,6,8.0,5.0,0,10,供应商B,1,晴,35,高温,0,1
2026-07-14,P042,香蕉,水果,10,6.0,3.8,0,6,供应商B,1,晴,35,高温,0,1
2026-07-14,P043,橙子,水果,7,9.0,6.0,0,14,供应商B,1,晴,35,高温,0,1
2026-07-14,P044,西红柿,蔬菜,11,6.0,3.8,1,7,供应商B,1,晴,35,高温,0,1
2026-07-14,P045,土豆,蔬菜,5,5.0,3.0,1,30,供应商B,1,晴,35,高温,0,1
2026-07-14,P046,青菜,蔬菜,13,4.0,2.2,1,3,供应商B,1,晴,35,高温,0,1
2026-07-14,P047,火锅底料,调味,3,12.0,8.0,0,365,供应商C,2,晴,35,高温,0,1
2026-07-14,P048,速冻水饺,冷冻食品,4,18.0,12.5,0,180,供应商D,2,晴,35,高温,0,1
2026-07-14,P049,口罩10只,应急用品,2,10.0,6.0,1,1095,供应商E,3,晴,35,高温,0,1
2026-07-14,P050,创可贴,应急用品,2,5.0,2.8,1,1095,供应商E,3,晴,35,高温,0,1
2026-07-15,P001,矿泉水,饮料,40,2.0,1.1,1,365,供应商A,1,晴,36,高温,0,1
2026-07-15,P002,桶装水,饮料,8,8.0,5.2,1,365,供应商A,1,晴,36,高温,0,1
2026-07-15,P003,可乐,饮料,28,3.5,2.2,0,270,供应商A,1,晴,36,高温,0,1
2026-07-15,P004,雪碧,饮料,18,3.5,2.2,0,270,供应商A,1,晴,36,高温,0,1
2026-07-15,P005,橙汁,饮料,10,5.0,3.2,0,180,供应商A,2,晴,36,高温,0,1
2026-07-15,P006,牛奶,乳品,13,3.5,2.4,1,7,供应商B,1,晴,36,高温,0,1
2026-07-15,P007,酸奶,乳品,9,5.0,3.3,0,14,供应商B,1,晴,36,高温,0,1
2026-07-15,P008,鸡蛋,生鲜,11,12.0,8.5,1,20,供应商B,1,晴,36,高温,0,1
2026-07-15,P009,大米5kg,粮油,4,35.0,28.0,1,365,供应商C,2,晴,36,高温,0,1
2026-07-15,P010,食用油5L,粮油,4,65.0,53.0,1,540,供应商C,2,晴,36,高温,0,1
2026-07-15,P011,挂面,粮油,8,8.0,5.5,1,365,供应商C,2,晴,36,高温,0,1
2026-07-15,P012,面粉2.5kg,粮油,4,18.0,14.0,1,365,供应商C,2,晴,36,高温,0,1
2026-07-15,P013,食盐,调味,4,2.5,1.4,1,730,供应商C,2,晴,36,高温,0,1
2026-07-15,P014,酱油,调味,5,8.0,5.6,1,540,供应商C,2,晴,36,高温,0,1
2026-07-15,P015,食醋,调味,5,6.0,4.0,1,540,供应商C,2,晴,36,高温,0,1
2026-07-15,P016,方便面红烧,方便食品,11,5.0,3.4,1,180,供应商D,1,晴,36,高温,0,1
2026-07-15,P017,方便面香辣,方便食品,8,5.0,3.4,0,180,供应商D,1,晴,36,高温,0,1
2026-07-15,P018,火腿肠,方便食品,8,3.0,1.9,0,180,供应商D,1,晴,36,高温,0,1
2026-07-15,P019,八宝粥,方便食品,6,6.0,4.1,0,365,供应商D,1,晴,36,高温,0,1
2026-07-15,P020,榨菜,方便食品,5,2.0,1.2,0,365,供应商D,1,晴,36,高温,0,1
2026-07-15,P021,面包,烘焙,12,6.0,3.8,0,5,供应商B,1,晴,36,高温,0,1
2026-07-15,P022,蛋糕,烘焙,5,8.0,5.2,0,4,供应商B,1,晴,36,高温,0,1
2026-07-15,P023,饼干,零食,7,7.0,4.4,0,270,供应商D,1,晴,36,高温,0,1
2026-07-15,P024,薯片,零食,9,6.0,3.8,0,180,供应商D,1,晴,36,高温,0,1
2026-07-15,P025,瓜子,零食,6,8.0,5.0,0,240,供应商D,1,晴,36,高温,0,1
2026-07-15,P026,花生,零食,4,7.0,4.3,0,240,供应商D,1,晴,36,高温,0,1
2026-07-15,P027,巧克力,零食,4,8.0,5.2,0,300,供应商D,2,晴,36,高温,0,1
2026-07-15,P028,棒棒糖,零食,8,1.0,0.5,0,365,供应商D,2,晴,36,高温,0,1
2026-07-15,P029,冰淇淋,冷饮,20,5.0,3.0,0,180,供应商A,1,晴,36,高温,0,1
2026-07-15,P030,雪糕,冷饮,27,3.0,1.7,0,180,供应商A,1,晴,36,高温,0,1
2026-07-15,P031,纸巾,日用品,7,5.0,3.2,1,1095,供应商E,2,晴,36,高温,0,1
2026-07-15,P032,卷纸,日用品,7,18.0,13.0,1,1095,供应商E,2,晴,36,高温,0,1
2026-07-15,P033,洗衣液,日用品,4,25.0,18.0,0,1095,供应商E,3,晴,36,高温,0,1
2026-07-15,P034,洗洁精,日用品,3,12.0,8.0,0,1095,供应商E,3,晴,36,高温,0,1
2026-07-15,P035,牙膏,日用品,4,12.0,8.5,0,1095,供应商E,3,晴,36,高温,0,1
2026-07-15,P036,牙刷,日用品,4,6.0,3.5,0,1095,供应商E,3,晴,36,高温,0,1
2026-07-15,P037,香皂,日用品,5,5.0,3.0,0,1095,供应商E,3,晴,36,高温,0,1
2026-07-15,P038,垃圾袋,日用品,3,8.0,5.0,0,1095,供应商E,3,晴,36,高温,0,1
2026-07-15,P039,电池,日用品,4,10.0,6.5,0,1095,供应商E,3,晴,36,高温,0,1
2026-07-15,P040,打火机,日用品,5,2.0,1.0,0,1095,供应商E,3,晴,36,高温,0,1
2026-07-15,P041,苹果,水果,10,8.0,5.0,0,10,供应商B,1,晴,36,高温,0,1
2026-07-15,P042,香蕉,水果,11,6.0,3.8,0,6,供应商B,1,晴,36,高温,0,1
2026-07-15,P043,橙子,水果,6,9.0,6.0,0,14,供应商B,1,晴,36,高温,0,1
2026-07-15,P044,西红柿,蔬菜,8,6.0,3.8,1,7,供应商B,1,晴,36,高温,0,1
2026-07-15,P045,土豆,蔬菜,8,5.0,3.0,1,30,供应商B,1,晴,36,高温,0,1
2026-07-15,P046,青菜,蔬菜,10,4.0,2.2,1,3,供应商B,1,晴,36,高温,0,1
2026-07-15,P047,火锅底料,调味,6,12.0,8.0,0,365,供应商C,2,晴,36,高温,0,1
2026-07-15,P048,速冻水饺,冷冻食品,5,18.0,12.5,0,180,供应商D,2,晴,36,高温,0,1
2026-07-15,P049,口罩10只,应急用品,3,10.0,6.0,1,1095,供应商E,3,晴,36,高温,0,1
2026-07-15,P050,创可贴,应急用品,2,5.0,2.8,1,1095,供应商E,3,晴,36,高温,0,1
2026-07-16,P001,矿泉水,饮料,30,2.0,1.1,1,365,供应商A,1,晴,38,高温,0,1
2026-07-16,P002,桶装水,饮料,10,8.0,5.2,1,365,供应商A,1,晴,38,高温,0,1
2026-07-16,P003,可乐,饮料,22,3.5,2.2,0,270,供应商A,1,晴,38,高温,0,1
2026-07-16,P004,雪碧,饮料,24,3.5,2.2,0,270,供应商A,1,晴,38,高温,0,1
2026-07-16,P005,橙汁,饮料,10,5.0,3.2,0,180,供应商A,2,晴,38,高温,0,1
2026-07-16,P006,牛奶,乳品,14,3.5,2.4,1,7,供应商B,1,晴,38,高温,0,1
2026-07-16,P007,酸奶,乳品,11,5.0,3.3,0,14,供应商B,1,晴,38,高温,0,1
2026-07-16,P008,鸡蛋,生鲜,8,12.0,8.5,1,20,供应商B,1,晴,38,高温,0,1
2026-07-16,P009,大米5kg,粮油,6,35.0,28.0,1,365,供应商C,2,晴,38,高温,0,1
2026-07-16,P010,食用油5L,粮油,2,65.0,53.0,1,540,供应商C,2,晴,38,高温,0,1
2026-07-16,P011,挂面,粮油,7,8.0,5.5,1,365,供应商C,2,晴,38,高温,0,1
2026-07-16,P012,面粉2.5kg,粮油,5,18.0,14.0,1,365,供应商C,2,晴,38,高温,0,1
2026-07-16,P013,食盐,调味,6,2.5,1.4,1,730,供应商C,2,晴,38,高温,0,1
2026-07-16,P014,酱油,调味,5,8.0,5.6,1,540,供应商C,2,晴,38,高温,0,1
2026-07-16,P015,食醋,调味,5,6.0,4.0,1,540,供应商C,2,晴,38,高温,0,1
2026-07-16,P016,方便面红烧,方便食品,15,5.0,3.4,1,180,供应商D,1,晴,38,高温,0,1
2026-07-16,P017,方便面香辣,方便食品,12,5.0,3.4,0,180,供应商D,1,晴,38,高温,0,1
2026-07-16,P018,火腿肠,方便食品,10,3.0,1.9,0,180,供应商D,1,晴,38,高温,0,1
2026-07-16,P019,八宝粥,方便食品,9,6.0,4.1,0,365,供应商D,1,晴,38,高温,0,1
2026-07-16,P020,榨菜,方便食品,7,2.0,1.2,0,365,供应商D,1,晴,38,高温,0,1
2026-07-16,P021,面包,烘焙,8,6.0,3.8,0,5,供应商B,1,晴,38,高温,0,1
2026-07-16,P022,蛋糕,烘焙,10,8.0,5.2,0,4,供应商B,1,晴,38,高温,0,1
2026-07-16,P023,饼干,零食,8,7.0,4.4,0,270,供应商D,1,晴,38,高温,0,1
2026-07-16,P024,薯片,零食,12,6.0,3.8,0,180,供应商D,1,晴,38,高温,0,1
2026-07-16,P025,瓜子,零食,6,8.0,5.0,0,240,供应商D,1,晴,38,高温,0,1
2026-07-16,P026,花生,零食,7,7.0,4.3,0,240,供应商D,1,晴,38,高温,0,1
2026-07-16,P027,巧克力,零食,4,8.0,5.2,0,300,供应商D,2,晴,38,高温,0,1
2026-07-16,P028,棒棒糖,零食,10,1.0,0.5,0,365,供应商D,2,晴,38,高温,0,1
2026-07-16,P029,冰淇淋,冷饮,21,5.0,3.0,0,180,供应商A,1,晴,38,高温,0,1
2026-07-16,P030,雪糕,冷饮,33,3.0,1.7,0,180,供应商A,1,晴,38,高温,0,1
2026-07-16,P031,纸巾,日用品,9,5.0,3.2,1,1095,供应商E,2,晴,38,高温,0,1
2026-07-16,P032,卷纸,日用品,6,18.0,13.0,1,1095,供应商E,2,晴,38,高温,0,1
2026-07-16,P033,洗衣液,日用品,0,25.0,18.0,0,1095,供应商E,3,晴,38,高温,0,1
2026-07-16,P034,洗洁精,日用品,4,12.0,8.0,0,1095,供应商E,3,晴,38,高温,0,1
2026-07-16,P035,牙膏,日用品,4,12.0,8.5,0,1095,供应商E,3,晴,38,高温,0,1
2026-07-16,P036,牙刷,日用品,4,6.0,3.5,0,1095,供应商E,3,晴,38,高温,0,1
2026-07-16,P037,香皂,日用品,5,5.0,3.0,0,1095,供应商E,3,晴,38,高温,0,1
2026-07-16,P038,垃圾袋,日用品,4,8.0,5.0,0,1095,供应商E,3,晴,38,高温,0,1
2026-07-16,P039,电池,日用品,3,10.0,6.5,0,1095,供应商E,3,晴,38,高温,0,1
2026-07-16,P040,打火机,日用品,6,2.0,1.0,0,1095,供应商E,3,晴,38,高温,0,1
2026-07-16,P041,苹果,水果,5,8.0,5.0,0,10,供应商B,1,晴,38,高温,0,1
2026-07-16,P042,香蕉,水果,10,6.0,3.8,0,6,供应商B,1,晴,38,高温,0,1
2026-07-16,P043,橙子,水果,6,9.0,6.0,0,14,供应商B,1,晴,38,高温,0,1
2026-07-16,P044,西红柿,蔬菜,7,6.0,3.8,1,7,供应商B,1,晴,38,高温,0,1
2026-07-16,P045,土豆,蔬菜,7,5.0,3.0,1,30,供应商B,1,晴,38,高温,0,1
2026-07-16,P046,青菜,蔬菜,12,4.0,2.2,1,3,供应商B,1,晴,38,高温,0,1
2026-07-16,P047,火锅底料,调味,5,12.0,8.0,0,365,供应商C,2,晴,38,高温,0,1
2026-07-16,P048,速冻水饺,冷冻食品,5,18.0,12.5,0,180,供应商D,2,晴,38,高温,0,1
2026-07-16,P049,口罩10只,应急用品,4,10.0,6.0,1,1095,供应商E,3,晴,38,高温,0,1
2026-07-16,P050,创可贴,应急用品,4,5.0,2.8,1,1095,供应商E,3,晴,38,高温,0,1
2026-07-17,P001,矿泉水,饮料,37,2.0,1.1,1,365,供应商A,1,晴,38,高温,0,1
2026-07-17,P002,桶装水,饮料,8,8.0,5.2,1,365,供应商A,1,晴,38,高温,0,1
2026-07-17,P003,可乐,饮料,22,3.5,2.2,0,270,供应商A,1,晴,38,高温,0,1
2026-07-17,P004,雪碧,饮料,23,3.5,2.2,0,270,供应商A,1,晴,38,高温,0,1
2026-07-17,P005,橙汁,饮料,12,5.0,3.2,0,180,供应商A,2,晴,38,高温,0,1
2026-07-17,P006,牛奶,乳品,12,3.5,2.4,1,7,供应商B,1,晴,38,高温,0,1
2026-07-17,P007,酸奶,乳品,7,5.0,3.3,0,14,供应商B,1,晴,38,高温,0,1
2026-07-17,P008,鸡蛋,生鲜,14,12.0,8.5,1,20,供应商B,1,晴,38,高温,0,1
2026-07-17,P009,大米5kg,粮油,3,35.0,28.0,1,365,供应商C,2,晴,38,高温,0,1
2026-07-17,P010,食用油5L,粮油,3,65.0,53.0,1,540,供应商C,2,晴,38,高温,0,1
2026-07-17,P011,挂面,粮油,8,8.0,5.5,1,365,供应商C,2,晴,38,高温,0,1
2026-07-17,P012,面粉2.5kg,粮油,2,18.0,14.0,1,365,供应商C,2,晴,38,高温,0,1
2026-07-17,P013,食盐,调味,5,2.5,1.4,1,730,供应商C,2,晴,38,高温,0,1
2026-07-17,P014,酱油,调味,5,8.0,5.6,1,540,供应商C,2,晴,38,高温,0,1
2026-07-17,P015,食醋,调味,4,6.0,4.0,1,540,供应商C,2,晴,38,高温,0,1
2026-07-17,P016,方便面红烧,方便食品,17,5.0,3.4,1,180,供应商D,1,晴,38,高温,0,1
2026-07-17,P017,方便面香辣,方便食品,7,5.0,3.4,0,180,供应商D,1,晴,38,高温,0,1
2026-07-17,P018,火腿肠,方便食品,10,3.0,1.9,0,180,供应商D,1,晴,38,高温,0,1
2026-07-17,P019,八宝粥,方便食品,8,6.0,4.1,0,365,供应商D,1,晴,38,高温,0,1
2026-07-17,P020,榨菜,方便食品,5,2.0,1.2,0,365,供应商D,1,晴,38,高温,0,1
2026-07-17,P021,面包,烘焙,11,6.0,3.8,0,5,供应商B,1,晴,38,高温,0,1
2026-07-17,P022,蛋糕,烘焙,7,8.0,5.2,0,4,供应商B,1,晴,38,高温,0,1
2026-07-17,P023,饼干,零食,9,7.0,4.4,0,270,供应商D,1,晴,38,高温,0,1
2026-07-17,P024,薯片,零食,11,6.0,3.8,0,180,供应商D,1,晴,38,高温,0,1
2026-07-17,P025,瓜子,零食,7,8.0,5.0,0,240,供应商D,1,晴,38,高温,0,1
2026-07-17,P026,花生,零食,5,7.0,4.3,0,240,供应商D,1,晴,38,高温,0,1
2026-07-17,P027,巧克力,零食,6,8.0,5.2,0,300,供应商D,2,晴,38,高温,0,1
2026-07-17,P028,棒棒糖,零食,11,1.0,0.5,0,365,供应商D,2,晴,38,高温,0,1
2026-07-17,P029,冰淇淋,冷饮,22,5.0,3.0,0,180,供应商A,1,晴,38,高温,0,1
2026-07-17,P030,雪糕,冷饮,20,3.0,1.7,0,180,供应商A,1,晴,38,高温,0,1
2026-07-17,P031,纸巾,日用品,8,5.0,3.2,1,1095,供应商E,2,晴,38,高温,0,1
2026-07-17,P032,卷纸,日用品,5,18.0,13.0,1,1095,供应商E,2,晴,38,高温,0,1
2026-07-17,P033,洗衣液,日用品,2,25.0,18.0,0,1095,供应商E,3,晴,38,高温,0,1
2026-07-17,P034,洗洁精,日用品,4,12.0,8.0,0,1095,供应商E,3,晴,38,高温,0,1
2026-07-17,P035,牙膏,日用品,2,12.0,8.5,0,1095,供应商E,3,晴,38,高温,0,1
2026-07-17,P036,牙刷,日用品,5,6.0,3.5,0,1095,供应商E,3,晴,38,高温,0,1
2026-07-17,P037,香皂,日用品,4,5.0,3.0,0,1095,供应商E,3,晴,38,高温,0,1
2026-07-17,P038,垃圾袋,日用品,2,8.0,5.0,0,1095,供应商E,3,晴,38,高温,0,1
2026-07-17,P039,电池,日用品,3,10.0,6.5,0,1095,供应商E,3,晴,38,高温,0,1
2026-07-17,P040,打火机,日用品,5,2.0,1.0,0,1095,供应商E,3,晴,38,高温,0,1
2026-07-17,P041,苹果,水果,9,8.0,5.0,0,10,供应商B,1,晴,38,高温,0,1
2026-07-17,P042,香蕉,水果,8,6.0,3.8,0,6,供应商B,1,晴,38,高温,0,1
2026-07-17,P043,橙子,水果,5,9.0,6.0,0,14,供应商B,1,晴,38,高温,0,1
2026-07-17,P044,西红柿,蔬菜,7,6.0,3.8,1,7,供应商B,1,晴,38,高温,0,1
2026-07-17,P045,土豆,蔬菜,6,5.0,3.0,1,30,供应商B,1,晴,38,高温,0,1
2026-07-17,P046,青菜,蔬菜,10,4.0,2.2,1,3,供应商B,1,晴,38,高温,0,1
2026-07-17,P047,火锅底料,调味,4,12.0,8.0,0,365,供应商C,2,晴,38,高温,0,1
2026-07-17,P048,速冻水饺,冷冻食品,5,18.0,12.5,0,180,供应商D,2,晴,38,高温,0,1
2026-07-17,P049,口罩10只,应急用品,2,10.0,6.0,1,1095,供应商E,3,晴,38,高温,0,1
2026-07-17,P050,创可贴,应急用品,3,5.0,2.8,1,1095,供应商E,3,晴,38,高温,0,1
2026-07-18,P001,矿泉水,饮料,57,2.0,1.1,1,365,供应商A,1,晴,36,高温,1,1
2026-07-18,P002,桶装水,饮料,9,8.0,5.2,1,365,供应商A,1,晴,36,高温,1,1
2026-07-18,P003,可乐,饮料,25,3.5,2.2,0,270,供应商A,1,晴,36,高温,1,1
2026-07-18,P004,雪碧,饮料,34,3.5,2.2,0,270,供应商A,1,晴,36,高温,1,1
2026-07-18,P005,橙汁,饮料,15,5.0,3.2,0,180,供应商A,2,晴,36,高温,1,1
2026-07-18,P006,牛奶,乳品,12,3.5,2.4,1,7,供应商B,1,晴,36,高温,1,1
2026-07-18,P007,酸奶,乳品,11,5.0,3.3,0,14,供应商B,1,晴,36,高温,1,1
2026-07-18,P008,鸡蛋,生鲜,11,12.0,8.5,1,20,供应商B,1,晴,36,高温,1,1
2026-07-18,P009,大米5kg,粮油,5,35.0,28.0,1,365,供应商C,2,晴,36,高温,1,1
2026-07-18,P010,食用油5L,粮油,3,65.0,53.0,1,540,供应商C,2,晴,36,高温,1,1
2026-07-18,P011,挂面,粮油,7,8.0,5.5,1,365,供应商C,2,晴,36,高温,1,1
2026-07-18,P012,面粉2.5kg,粮油,6,18.0,14.0,1,365,供应商C,2,晴,36,高温,1,1
2026-07-18,P013,食盐,调味,6,2.5,1.4,1,730,供应商C,2,晴,36,高温,1,1
2026-07-18,P014,酱油,调味,7,8.0,5.6,1,540,供应商C,2,晴,36,高温,1,1
2026-07-18,P015,食醋,调味,5,6.0,4.0,1,540,供应商C,2,晴,36,高温,1,1
2026-07-18,P016,方便面红烧,方便食品,14,5.0,3.4,1,180,供应商D,1,晴,36,高温,1,1
2026-07-18,P017,方便面香辣,方便食品,11,5.0,3.4,0,180,供应商D,1,晴,36,高温,1,1
2026-07-18,P018,火腿肠,方便食品,12,3.0,1.9,0,180,供应商D,1,晴,36,高温,1,1
2026-07-18,P019,八宝粥,方便食品,7,6.0,4.1,0,365,供应商D,1,晴,36,高温,1,1
2026-07-18,P020,榨菜,方便食品,8,2.0,1.2,0,365,供应商D,1,晴,36,高温,1,1
2026-07-18,P021,面包,烘焙,14,6.0,3.8,0,5,供应商B,1,晴,36,高温,1,1
2026-07-18,P022,蛋糕,烘焙,7,8.0,5.2,0,4,供应商B,1,晴,36,高温,1,1
2026-07-18,P023,饼干,零食,10,7.0,4.4,0,270,供应商D,1,晴,36,高温,1,1
2026-07-18,P024,薯片,零食,11,6.0,3.8,0,180,供应商D,1,晴,36,高温,1,1
2026-07-18,P025,瓜子,零食,5,8.0,5.0,0,240,供应商D,1,晴,36,高温,1,1
2026-07-18,P026,花生,零食,6,7.0,4.3,0,240,供应商D,1,晴,36,高温,1,1
2026-07-18,P027,巧克力,零食,6,8.0,5.2,0,300,供应商D,2,晴,36,高温,1,1
2026-07-18,P028,棒棒糖,零食,9,1.0,0.5,0,365,供应商D,2,晴,36,高温,1,1
2026-07-18,P029,冰淇淋,冷饮,25,5.0,3.0,0,180,供应商A,1,晴,36,高温,1,1
2026-07-18,P030,雪糕,冷饮,29,3.0,1.7,0,180,供应商A,1,晴,36,高温,1,1
2026-07-18,P031,纸巾,日用品,10,5.0,3.2,1,1095,供应商E,2,晴,36,高温,1,1
2026-07-18,P032,卷纸,日用品,6,18.0,13.0,1,1095,供应商E,2,晴,36,高温,1,1
2026-07-18,P033,洗衣液,日用品,4,25.0,18.0,0,1095,供应商E,3,晴,36,高温,1,1
2026-07-18,P034,洗洁精,日用品,3,12.0,8.0,0,1095,供应商E,3,晴,36,高温,1,1
2026-07-18,P035,牙膏,日用品,7,12.0,8.5,0,1095,供应商E,3,晴,36,高温,1,1
2026-07-18,P036,牙刷,日用品,4,6.0,3.5,0,1095,供应商E,3,晴,36,高温,1,1
2026-07-18,P037,香皂,日用品,4,5.0,3.0,0,1095,供应商E,3,晴,36,高温,1,1
2026-07-18,P038,垃圾袋,日用品,4,8.0,5.0,0,1095,供应商E,3,晴,36,高温,1,1
2026-07-18,P039,电池,日用品,3,10.0,6.5,0,1095,供应商E,3,晴,36,高温,1,1
2026-07-18,P040,打火机,日用品,7,2.0,1.0,0,1095,供应商E,3,晴,36,高温,1,1
2026-07-18,P041,苹果,水果,11,8.0,5.0,0,10,供应商B,1,晴,36,高温,1,1
2026-07-18,P042,香蕉,水果,11,6.0,3.8,0,6,供应商B,1,晴,36,高温,1,1
2026-07-18,P043,橙子,水果,6,9.0,6.0,0,14,供应商B,1,晴,36,高温,1,1
2026-07-18,P044,西红柿,蔬菜,10,6.0,3.8,1,7,供应商B,1,晴,36,高温,1,1
2026-07-18,P045,土豆,蔬菜,8,5.0,3.0,1,30,供应商B,1,晴,36,高温,1,1
2026-07-18,P046,青菜,蔬菜,11,4.0,2.2,1,3,供应商B,1,晴,36,高温,1,1
2026-07-18,P047,火锅底料,调味,5,12.0,8.0,0,365,供应商C,2,晴,36,高温,1,1
2026-07-18,P048,速冻水饺,冷冻食品,5,18.0,12.5,0,180,供应商D,2,晴,36,高温,1,1
2026-07-18,P049,口罩10只,应急用品,4,10.0,6.0,1,1095,供应商E,3,晴,36,高温,1,1
2026-07-18,P050,创可贴,应急用品,4,5.0,2.8,1,1095,供应商E,3,晴,36,高温,1,1
2026-07-19,P001,矿泉水,饮料,29,2.0,1.1,1,365,供应商A,1,晴,13,正常,1,1
2026-07-19,P002,桶装水,饮料,6,8.0,5.2,1,365,供应商A,1,晴,13,正常,1,1
2026-07-19,P003,可乐,饮料,20,3.5,2.2,0,270,供应商A,1,晴,13,正常,1,1
2026-07-19,P004,雪碧,饮料,12,3.5,2.2,0,270,供应商A,1,晴,13,正常,1,1
2026-07-19,P005,橙汁,饮料,8,5.0,3.2,0,180,供应商A,2,晴,13,正常,1,1
2026-07-19,P006,牛奶,乳品,14,3.5,2.4,1,7,供应商B,1,晴,13,正常,1,1
2026-07-19,P007,酸奶,乳品,8,5.0,3.3,0,14,供应商B,1,晴,13,正常,1,1
2026-07-19,P008,鸡蛋,生鲜,15,12.0,8.5,1,20,供应商B,1,晴,13,正常,1,1
2026-07-19,P009,大米5kg,粮油,3,35.0,28.0,1,365,供应商C,2,晴,13,正常,1,1
2026-07-19,P010,食用油5L,粮油,2,65.0,53.0,1,540,供应商C,2,晴,13,正常,1,1
2026-07-19,P011,挂面,粮油,9,8.0,5.5,1,365,供应商C,2,晴,13,正常,1,1
2026-07-19,P012,面粉2.5kg,粮油,4,18.0,14.0,1,365,供应商C,2,晴,13,正常,1,1
2026-07-19,P013,食盐,调味,5,2.5,1.4,1,730,供应商C,2,晴,13,正常,1,1
2026-07-19,P014,酱油,调味,4,8.0,5.6,1,540,供应商C,2,晴,13,正常,1,1
2026-07-19,P015,食醋,调味,5,6.0,4.0,1,540,供应商C,2,晴,13,正常,1,1
2026-07-19,P016,方便面红烧,方便食品,19,5.0,3.4,1,180,供应商D,1,晴,13,正常,1,1
2026-07-19,P017,方便面香辣,方便食品,12,5.0,3.4,0,180,供应商D,1,晴,13,正常,1,1
2026-07-19,P018,火腿肠,方便食品,12,3.0,1.9,0,180,供应商D,1,晴,13,正常,1,1
2026-07-19,P019,八宝粥,方便食品,8,6.0,4.1,0,365,供应商D,1,晴,13,正常,1,1
2026-07-19,P020,榨菜,方便食品,6,2.0,1.2,0,365,供应商D,1,晴,13,正常,1,1
2026-07-19,P021,面包,烘焙,11,6.0,3.8,0,5,供应商B,1,晴,13,正常,1,1
2026-07-19,P022,蛋糕,烘焙,9,8.0,5.2,0,4,供应商B,1,晴,13,正常,1,1
2026-07-19,P023,饼干,零食,11,7.0,4.4,0,270,供应商D,1,晴,13,正常,1,1
2026-07-19,P024,薯片,零食,10,6.0,3.8,0,180,供应商D,1,晴,13,正常,1,1
2026-07-19,P025,瓜子,零食,7,8.0,5.0,0,240,供应商D,1,晴,13,正常,1,1
2026-07-19,P026,花生,零食,6,7.0,4.3,0,240,供应商D,1,晴,13,正常,1,1
2026-07-19,P027,巧克力,零食,4,8.0,5.2,0,300,供应商D,2,晴,13,正常,1,1
2026-07-19,P028,棒棒糖,零食,10,1.0,0.5,0,365,供应商D,2,晴,13,正常,1,1
2026-07-19,P029,冰淇淋,冷饮,14,5.0,3.0,0,180,供应商A,1,晴,13,正常,1,1
2026-07-19,P030,雪糕,冷饮,16,3.0,1.7,0,180,供应商A,1,晴,13,正常,1,1
2026-07-19,P031,纸巾,日用品,7,5.0,3.2,1,1095,供应商E,2,晴,13,正常,1,1
2026-07-19,P032,卷纸,日用品,4,18.0,13.0,1,1095,供应商E,2,晴,13,正常,1,1
2026-07-19,P033,洗衣液,日用品,3,25.0,18.0,0,1095,供应商E,3,晴,13,正常,1,1
2026-07-19,P034,洗洁精,日用品,4,12.0,8.0,0,1095,供应商E,3,晴,13,正常,1,1
2026-07-19,P035,牙膏,日用品,3,12.0,8.5,0,1095,供应商E,3,晴,13,正常,1,1
2026-07-19,P036,牙刷,日用品,5,6.0,3.5,0,1095,供应商E,3,晴,13,正常,1,1
2026-07-19,P037,香皂,日用品,4,5.0,3.0,0,1095,供应商E,3,晴,13,正常,1,1
2026-07-19,P038,垃圾袋,日用品,5,8.0,5.0,0,1095,供应商E,3,晴,13,正常,1,1
2026-07-19,P039,电池,日用品,3,10.0,6.5,0,1095,供应商E,3,晴,13,正常,1,1
2026-07-19,P040,打火机,日用品,5,2.0,1.0,0,1095,供应商E,3,晴,13,正常,1,1
2026-07-19,P041,苹果,水果,9,8.0,5.0,0,10,供应商B,1,晴,13,正常,1,1
2026-07-19,P042,香蕉,水果,8,6.0,3.8,0,6,供应商B,1,晴,13,正常,1,1
2026-07-19,P043,橙子,水果,7,9.0,6.0,0,14,供应商B,1,晴,13,正常,1,1
2026-07-19,P044,西红柿,蔬菜,7,6.0,3.8,1,7,供应商B,1,晴,13,正常,1,1
2026-07-19,P045,土豆,蔬菜,9,5.0,3.0,1,30,供应商B,1,晴,13,正常,1,1
2026-07-19,P046,青菜,蔬菜,10,4.0,2.2,1,3,供应商B,1,晴,13,正常,1,1
2026-07-19,P047,火锅底料,调味,6,12.0,8.0,0,365,供应商C,2,晴,13,正常,1,1
2026-07-19,P048,速冻水饺,冷冻食品,4,18.0,12.5,0,180,供应商D,2,晴,13,正常,1,1
2026-07-19,P049,口罩10只,应急用品,2,10.0,6.0,1,1095,供应商E,3,晴,13,正常,1,1
2026-07-19,P050,创可贴,应急用品,4,5.0,2.8,1,1095,供应商E,3,晴,13,正常,1,1
2026-07-20,P001,矿泉水,饮料,28,2.0,1.1,1,365,供应商A,1,晴,12,正常,0,1
2026-07-20,P002,桶装水,饮料,8,8.0,5.2,1,365,供应商A,1,晴,12,正常,0,1
2026-07-20,P003,可乐,饮料,16,3.5,2.2,0,270,供应商A,1,晴,12,正常,0,1
2026-07-20,P004,雪碧,饮料,17,3.5,2.2,0,270,供应商A,1,晴,12,正常,0,1
2026-07-20,P005,橙汁,饮料,8,5.0,3.2,0,180,供应商A,2,晴,12,正常,0,1
2026-07-20,P006,牛奶,乳品,16,3.5,2.4,1,7,供应商B,1,晴,12,正常,0,1
2026-07-20,P007,酸奶,乳品,8,5.0,3.3,0,14,供应商B,1,晴,12,正常,0,1
2026-07-20,P008,鸡蛋,生鲜,13,12.0,8.5,1,20,供应商B,1,晴,12,正常,0,1
2026-07-20,P009,大米5kg,粮油,1,35.0,28.0,1,365,供应商C,2,晴,12,正常,0,1
2026-07-20,P010,食用油5L,粮油,2,65.0,53.0,1,540,供应商C,2,晴,12,正常,0,1
2026-07-20,P011,挂面,粮油,8,8.0,5.5,1,365,供应商C,2,晴,12,正常,0,1
2026-07-20,P012,面粉2.5kg,粮油,2,18.0,14.0,1,365,供应商C,2,晴,12,正常,0,1
2026-07-20,P013,食盐,调味,6,2.5,1.4,1,730,供应商C,2,晴,12,正常,0,1
2026-07-20,P014,酱油,调味,6,8.0,5.6,1,540,供应商C,2,晴,12,正常,0,1
2026-07-20,P015,食醋,调味,3,6.0,4.0,1,540,供应商C,2,晴,12,正常,0,1
2026-07-20,P016,方便面红烧,方便食品,13,5.0,3.4,1,180,供应商D,1,晴,12,正常,0,1
2026-07-20,P017,方便面香辣,方便食品,9,5.0,3.4,0,180,供应商D,1,晴,12,正常,0,1
2026-07-20,P018,火腿肠,方便食品,8,3.0,1.9,0,180,供应商D,1,晴,12,正常,0,1
2026-07-20,P019,八宝粥,方便食品,7,6.0,4.1,0,365,供应商D,1,晴,12,正常,0,1
2026-07-20,P020,榨菜,方便食品,6,2.0,1.2,0,365,供应商D,1,晴,12,正常,0,1
2026-07-20,P021,面包,烘焙,11,6.0,3.8,0,5,供应商B,1,晴,12,正常,0,1
2026-07-20,P022,蛋糕,烘焙,9,8.0,5.2,0,4,供应商B,1,晴,12,正常,0,1
2026-07-20,P023,饼干,零食,8,7.0,4.4,0,270,供应商D,1,晴,12,正常,0,1
2026-07-20,P024,薯片,零食,12,6.0,3.8,0,180,供应商D,1,晴,12,正常,0,1
2026-07-20,P025,瓜子,零食,5,8.0,5.0,0,240,供应商D,1,晴,12,正常,0,1
2026-07-20,P026,花生,零食,6,7.0,4.3,0,240,供应商D,1,晴,12,正常,0,1
2026-07-20,P027,巧克力,零食,6,8.0,5.2,0,300,供应商D,2,晴,12,正常,0,1
2026-07-20,P028,棒棒糖,零食,11,1.0,0.5,0,365,供应商D,2,晴,12,正常,0,1
2026-07-20,P029,冰淇淋,冷饮,13,5.0,3.0,0,180,供应商A,1,晴,12,正常,0,1
2026-07-20,P030,雪糕,冷饮,19,3.0,1.7,0,180,供应商A,1,晴,12,正常,0,1
2026-07-20,P031,纸巾,日用品,9,5.0,3.2,1,1095,供应商E,2,晴,12,正常,0,1
2026-07-20,P032,卷纸,日用品,4,18.0,13.0,1,1095,供应商E,2,晴,12,正常,0,1
2026-07-20,P033,洗衣液,日用品,4,25.0,18.0,0,1095,供应商E,3,晴,12,正常,0,1
2026-07-20,P034,洗洁精,日用品,6,12.0,8.0,0,1095,供应商E,3,晴,12,正常,0,1
2026-07-20,P035,牙膏,日用品,5,12.0,8.5,0,1095,供应商E,3,晴,12,正常,0,1
2026-07-20,P036,牙刷,日用品,5,6.0,3.5,0,1095,供应商E,3,晴,12,正常,0,1
2026-07-20,P037,香皂,日用品,5,5.0,3.0,0,1095,供应商E,3,晴,12,正常,0,1
2026-07-20,P038,垃圾袋,日用品,2,8.0,5.0,0,1095,供应商E,3,晴,12,正常,0,1
2026-07-20,P039,电池,日用品,4,10.0,6.5,0,1095,供应商E,3,晴,12,正常,0,1
2026-07-20,P040,打火机,日用品,4,2.0,1.0,0,1095,供应商E,3,晴,12,正常,0,1
2026-07-20,P041,苹果,水果,7,8.0,5.0,0,10,供应商B,1,晴,12,正常,0,1
2026-07-20,P042,香蕉,水果,12,6.0,3.8,0,6,供应商B,1,晴,12,正常,0,1
2026-07-20,P043,橙子,水果,6,9.0,6.0,0,14,供应商B,1,晴,12,正常,0,1
2026-07-20,P044,西红柿,蔬菜,7,6.0,3.8,1,7,供应商B,1,晴,12,正常,0,1
2026-07-20,P045,土豆,蔬菜,8,5.0,3.0,1,30,供应商B,1,晴,12,正常,0,1
2026-07-20,P046,青菜,蔬菜,8,4.0,2.2,1,3,供应商B,1,晴,12,正常,0,1
2026-07-20,P047,火锅底料,调味,3,12.0,8.0,0,365,供应商C,2,晴,12,正常,0,1
2026-07-20,P048,速冻水饺,冷冻食品,6,18.0,12.5,0,180,供应商D,2,晴,12,正常,0,1
2026-07-20,P049,口罩10只,应急用品,3,10.0,6.0,1,1095,供应商E,3,晴,12,正常,0,1
2026-07-20,P050,创可贴,应急用品,1,5.0,2.8,1,1095,供应商E,3,晴,12,正常,0,1
2026-07-21,P001,矿泉水,饮料,26,2.0,1.1,1,365,供应商A,1,晴,13,正常,0,1
2026-07-21,P002,桶装水,饮料,6,8.0,5.2,1,365,供应商A,1,晴,13,正常,0,1
2026-07-21,P003,可乐,饮料,20,3.5,2.2,0,270,供应商A,1,晴,13,正常,0,1
2026-07-21,P004,雪碧,饮料,12,3.5,2.2,0,270,供应商A,1,晴,13,正常,0,1
2026-07-21,P005,橙汁,饮料,9,5.0,3.2,0,180,供应商A,2,晴,13,正常,0,1
2026-07-21,P006,牛奶,乳品,18,3.5,2.4,1,7,供应商B,1,晴,13,正常,0,1
2026-07-21,P007,酸奶,乳品,8,5.0,3.3,0,14,供应商B,1,晴,13,正常,0,1
2026-07-21,P008,鸡蛋,生鲜,12,12.0,8.5,1,20,供应商B,1,晴,13,正常,0,1
2026-07-21,P009,大米5kg,粮油,4,35.0,28.0,1,365,供应商C,2,晴,13,正常,0,1
2026-07-21,P010,食用油5L,粮油,2,65.0,53.0,1,540,供应商C,2,晴,13,正常,0,1
2026-07-21,P011,挂面,粮油,7,8.0,5.5,1,365,供应商C,2,晴,13,正常,0,1
2026-07-21,P012,面粉2.5kg,粮油,4,18.0,14.0,1,365,供应商C,2,晴,13,正常,0,1
2026-07-21,P013,食盐,调味,5,2.5,1.4,1,730,供应商C,2,晴,13,正常,0,1
2026-07-21,P014,酱油,调味,5,8.0,5.6,1,540,供应商C,2,晴,13,正常,0,1
2026-07-21,P015,食醋,调味,4,6.0,4.0,1,540,供应商C,2,晴,13,正常,0,1
2026-07-21,P016,方便面红烧,方便食品,15,5.0,3.4,1,180,供应商D,1,晴,13,正常,0,1
2026-07-21,P017,方便面香辣,方便食品,9,5.0,3.4,0,180,供应商D,1,晴,13,正常,0,1
2026-07-21,P018,火腿肠,方便食品,9,3.0,1.9,0,180,供应商D,1,晴,13,正常,0,1
2026-07-21,P019,八宝粥,方便食品,7,6.0,4.1,0,365,供应商D,1,晴,13,正常,0,1
2026-07-21,P020,榨菜,方便食品,6,2.0,1.2,0,365,供应商D,1,晴,13,正常,0,1
2026-07-21,P021,面包,烘焙,11,6.0,3.8,0,5,供应商B,1,晴,13,正常,0,1
2026-07-21,P022,蛋糕,烘焙,7,8.0,5.2,0,4,供应商B,1,晴,13,正常,0,1
2026-07-21,P023,饼干,零食,6,7.0,4.4,0,270,供应商D,1,晴,13,正常,0,1
2026-07-21,P024,薯片,零食,9,6.0,3.8,0,180,供应商D,1,晴,13,正常,0,1
2026-07-21,P025,瓜子,零食,6,8.0,5.0,0,240,供应商D,1,晴,13,正常,0,1
2026-07-21,P026,花生,零食,5,7.0,4.3,0,240,供应商D,1,晴,13,正常,0,1
2026-07-21,P027,巧克力,零食,7,8.0,5.2,0,300,供应商D,2,晴,13,正常,0,1
2026-07-21,P028,棒棒糖,零食,9,1.0,0.5,0,365,供应商D,2,晴,13,正常,0,1
2026-07-21,P029,冰淇淋,冷饮,14,5.0,3.0,0,180,供应商A,1,晴,13,正常,0,1
2026-07-21,P030,雪糕,冷饮,16,3.0,1.7,0,180,供应商A,1,晴,13,正常,0,1
2026-07-21,P031,纸巾,日用品,8,5.0,3.2,1,1095,供应商E,2,晴,13,正常,0,1
2026-07-21,P032,卷纸,日用品,4,18.0,13.0,1,1095,供应商E,2,晴,13,正常,0,1
2026-07-21,P033,洗衣液,日用品,3,25.0,18.0,0,1095,供应商E,3,晴,13,正常,0,1
2026-07-21,P034,洗洁精,日用品,3,12.0,8.0,0,1095,供应商E,3,晴,13,正常,0,1
2026-07-21,P035,牙膏,日用品,4,12.0,8.5,0,1095,供应商E,3,晴,13,正常,0,1
2026-07-21,P036,牙刷,日用品,1,6.0,3.5,0,1095,供应商E,3,晴,13,正常,0,1
2026-07-21,P037,香皂,日用品,3,5.0,3.0,0,1095,供应商E,3,晴,13,正常,0,1
2026-07-21,P038,垃圾袋,日用品,6,8.0,5.0,0,1095,供应商E,3,晴,13,正常,0,1
2026-07-21,P039,电池,日用品,4,10.0,6.5,0,1095,供应商E,3,晴,13,正常,0,1
2026-07-21,P040,打火机,日用品,7,2.0,1.0,0,1095,供应商E,3,晴,13,正常,0,1
2026-07-21,P041,苹果,水果,10,8.0,5.0,0,10,供应商B,1,晴,13,正常,0,1
2026-07-21,P042,香蕉,水果,10,6.0,3.8,0,6,供应商B,1,晴,13,正常,0,1
2026-07-21,P043,橙子,水果,5,9.0,6.0,0,14,供应商B,1,晴,13,正常,0,1
2026-07-21,P044,西红柿,蔬菜,7,6.0,3.8,1,7,供应商B,1,晴,13,正常,0,1
2026-07-21,P045,土豆,蔬菜,8,5.0,3.0,1,30,供应商B,1,晴,13,正常,0,1
2026-07-21,P046,青菜,蔬菜,10,4.0,2.2,1,3,供应商B,1,晴,13,正常,0,1
2026-07-21,P047,火锅底料,调味,7,12.0,8.0,0,365,供应商C,2,晴,13,正常,0,1
2026-07-21,P048,速冻水饺,冷冻食品,5,18.0,12.5,0,180,供应商D,2,晴,13,正常,0,1
2026-07-21,P049,口罩10只,应急用品,5,10.0,6.0,1,1095,供应商E,3,晴,13,正常,0,1
2026-07-21,P050,创可贴,应急用品,3,5.0,2.8,1,1095,供应商E,3,晴,13,正常,0,1
2026-07-22,P001,矿泉水,饮料,29,2.0,1.1,1,365,供应商A,1,晴,17,正常,0,1
2026-07-22,P002,桶装水,饮料,8,8.0,5.2,1,365,供应商A,1,晴,17,正常,0,1
2026-07-22,P003,可乐,饮料,13,3.5,2.2,0,270,供应商A,1,晴,17,正常,0,1
2026-07-22,P004,雪碧,饮料,12,3.5,2.2,0,270,供应商A,1,晴,17,正常,0,1
2026-07-22,P005,橙汁,饮料,7,5.0,3.2,0,180,供应商A,2,晴,17,正常,0,1
2026-07-22,P006,牛奶,乳品,11,3.5,2.4,1,7,供应商B,1,晴,17,正常,0,1
2026-07-22,P007,酸奶,乳品,10,5.0,3.3,0,14,供应商B,1,晴,17,正常,0,1
2026-07-22,P008,鸡蛋,生鲜,12,12.0,8.5,1,20,供应商B,1,晴,17,正常,0,1
2026-07-22,P009,大米5kg,粮油,4,35.0,28.0,1,365,供应商C,2,晴,17,正常,0,1
2026-07-22,P010,食用油5L,粮油,4,65.0,53.0,1,540,供应商C,2,晴,17,正常,0,1
2026-07-22,P011,挂面,粮油,5,8.0,5.5,1,365,供应商C,2,晴,17,正常,0,1
2026-07-22,P012,面粉2.5kg,粮油,6,18.0,14.0,1,365,供应商C,2,晴,17,正常,0,1
2026-07-22,P013,食盐,调味,5,2.5,1.4,1,730,供应商C,2,晴,17,正常,0,1
2026-07-22,P014,酱油,调味,6,8.0,5.6,1,540,供应商C,2,晴,17,正常,0,1
2026-07-22,P015,食醋,调味,5,6.0,4.0,1,540,供应商C,2,晴,17,正常,0,1
2026-07-22,P016,方便面红烧,方便食品,18,5.0,3.4,1,180,供应商D,1,晴,17,正常,0,1
2026-07-22,P017,方便面香辣,方便食品,10,5.0,3.4,0,180,供应商D,1,晴,17,正常,0,1
2026-07-22,P018,火腿肠,方便食品,7,3.0,1.9,0,180,供应商D,1,晴,17,正常,0,1
2026-07-22,P019,八宝粥,方便食品,7,6.0,4.1,0,365,供应商D,1,晴,17,正常,0,1
2026-07-22,P020,榨菜,方便食品,6,2.0,1.2,0,365,供应商D,1,晴,17,正常,0,1
2026-07-22,P021,面包,烘焙,10,6.0,3.8,0,5,供应商B,1,晴,17,正常,0,1
2026-07-22,P022,蛋糕,烘焙,7,8.0,5.2,0,4,供应商B,1,晴,17,正常,0,1
2026-07-22,P023,饼干,零食,8,7.0,4.4,0,270,供应商D,1,晴,17,正常,0,1
2026-07-22,P024,薯片,零食,8,6.0,3.8,0,180,供应商D,1,晴,17,正常,0,1
2026-07-22,P025,瓜子,零食,7,8.0,5.0,0,240,供应商D,1,晴,17,正常,0,1
2026-07-22,P026,花生,零食,5,7.0,4.3,0,240,供应商D,1,晴,17,正常,0,1
2026-07-22,P027,巧克力,零食,5,8.0,5.2,0,300,供应商D,2,晴,17,正常,0,1
2026-07-22,P028,棒棒糖,零食,8,1.0,0.5,0,365,供应商D,2,晴,17,正常,0,1
2026-07-22,P029,冰淇淋,冷饮,17,5.0,3.0,0,180,供应商A,1,晴,17,正常,0,1
2026-07-22,P030,雪糕,冷饮,17,3.0,1.7,0,180,供应商A,1,晴,17,正常,0,1
2026-07-22,P031,纸巾,日用品,8,5.0,3.2,1,1095,供应商E,2,晴,17,正常,0,1
2026-07-22,P032,卷纸,日用品,4,18.0,13.0,1,1095,供应商E,2,晴,17,正常,0,1
2026-07-22,P033,洗衣液,日用品,4,25.0,18.0,0,1095,供应商E,3,晴,17,正常,0,1
2026-07-22,P034,洗洁精,日用品,6,12.0,8.0,0,1095,供应商E,3,晴,17,正常,0,1
2026-07-22,P035,牙膏,日用品,5,12.0,8.5,0,1095,供应商E,3,晴,17,正常,0,1
2026-07-22,P036,牙刷,日用品,5,6.0,3.5,0,1095,供应商E,3,晴,17,正常,0,1
2026-07-22,P037,香皂,日用品,5,5.0,3.0,0,1095,供应商E,3,晴,17,正常,0,1
2026-07-22,P038,垃圾袋,日用品,2,8.0,5.0,0,1095,供应商E,3,晴,17,正常,0,1
2026-07-22,P039,电池,日用品,2,10.0,6.5,0,1095,供应商E,3,晴,17,正常,0,1
2026-07-22,P040,打火机,日用品,5,2.0,1.0,0,1095,供应商E,3,晴,17,正常,0,1
2026-07-22,P041,苹果,水果,7,8.0,5.0,0,10,供应商B,1,晴,17,正常,0,1
2026-07-22,P042,香蕉,水果,7,6.0,3.8,0,6,供应商B,1,晴,17,正常,0,1
2026-07-22,P043,橙子,水果,4,9.0,6.0,0,14,供应商B,1,晴,17,正常,0,1
2026-07-22,P044,西红柿,蔬菜,6,6.0,3.8,1,7,供应商B,1,晴,17,正常,0,1
2026-07-22,P045,土豆,蔬菜,7,5.0,3.0,1,30,供应商B,1,晴,17,正常,0,1
2026-07-22,P046,青菜,蔬菜,10,4.0,2.2,1,3,供应商B,1,晴,17,正常,0,1
2026-07-22,P047,火锅底料,调味,3,12.0,8.0,0,365,供应商C,2,晴,17,正常,0,1
2026-07-22,P048,速冻水饺,冷冻食品,5,18.0,12.5,0,180,供应商D,2,晴,17,正常,0,1
2026-07-22,P049,口罩10只,应急用品,2,10.0,6.0,1,1095,供应商E,3,晴,17,正常,0,1
2026-07-22,P050,创可贴,应急用品,4,5.0,2.8,1,1095,供应商E,3,晴,17,正常,0,1
2026-07-23,P001,矿泉水,饮料,23,2.0,1.1,1,365,供应商A,1,晴,14,正常,0,1
2026-07-23,P002,桶装水,饮料,7,8.0,5.2,1,365,供应商A,1,晴,14,正常,0,1
2026-07-23,P003,可乐,饮料,17,3.5,2.2,0,270,供应商A,1,晴,14,正常,0,1
2026-07-23,P004,雪碧,饮料,10,3.5,2.2,0,270,供应商A,1,晴,14,正常,0,1
2026-07-23,P005,橙汁,饮料,8,5.0,3.2,0,180,供应商A,2,晴,14,正常,0,1
2026-07-23,P006,牛奶,乳品,11,3.5,2.4,1,7,供应商B,1,晴,14,正常,0,1
2026-07-23,P007,酸奶,乳品,9,5.0,3.3,0,14,供应商B,1,晴,14,正常,0,1
2026-07-23,P008,鸡蛋,生鲜,11,12.0,8.5,1,20,供应商B,1,晴,14,正常,0,1
2026-07-23,P009,大米5kg,粮油,4,35.0,28.0,1,365,供应商C,2,晴,14,正常,0,1
2026-07-23,P010,食用油5L,粮油,1,65.0,53.0,1,540,供应商C,2,晴,14,正常,0,1
2026-07-23,P011,挂面,粮油,7,8.0,5.5,1,365,供应商C,2,晴,14,正常,0,1
2026-07-23,P012,面粉2.5kg,粮油,5,18.0,14.0,1,365,供应商C,2,晴,14,正常,0,1
2026-07-23,P013,食盐,调味,6,2.5,1.4,1,730,供应商C,2,晴,14,正常,0,1
2026-07-23,P014,酱油,调味,4,8.0,5.6,1,540,供应商C,2,晴,14,正常,0,1
2026-07-23,P015,食醋,调味,4,6.0,4.0,1,540,供应商C,2,晴,14,正常,0,1
2026-07-23,P016,方便面红烧,方便食品,15,5.0,3.4,1,180,供应商D,1,晴,14,正常,0,1
2026-07-23,P017,方便面香辣,方便食品,12,5.0,3.4,0,180,供应商D,1,晴,14,正常,0,1
2026-07-23,P018,火腿肠,方便食品,8,3.0,1.9,0,180,供应商D,1,晴,14,正常,0,1
2026-07-23,P019,八宝粥,方便食品,6,6.0,4.1,0,365,供应商D,1,晴,14,正常,0,1
2026-07-23,P020,榨菜,方便食品,9,2.0,1.2,0,365,供应商D,1,晴,14,正常,0,1
2026-07-23,P021,面包,烘焙,11,6.0,3.8,0,5,供应商B,1,晴,14,正常,0,1
2026-07-23,P022,蛋糕,烘焙,5,8.0,5.2,0,4,供应商B,1,晴,14,正常,0,1
2026-07-23,P023,饼干,零食,8,7.0,4.4,0,270,供应商D,1,晴,14,正常,0,1
2026-07-23,P024,薯片,零食,6,6.0,3.8,0,180,供应商D,1,晴,14,正常,0,1
2026-07-23,P025,瓜子,零食,6,8.0,5.0,0,240,供应商D,1,晴,14,正常,0,1
2026-07-23,P026,花生,零食,7,7.0,4.3,0,240,供应商D,1,晴,14,正常,0,1
2026-07-23,P027,巧克力,零食,4,8.0,5.2,0,300,供应商D,2,晴,14,正常,0,1
2026-07-23,P028,棒棒糖,零食,8,1.0,0.5,0,365,供应商D,2,晴,14,正常,0,1
2026-07-23,P029,冰淇淋,冷饮,16,5.0,3.0,0,180,供应商A,1,晴,14,正常,0,1
2026-07-23,P030,雪糕,冷饮,12,3.0,1.7,0,180,供应商A,1,晴,14,正常,0,1
2026-07-23,P031,纸巾,日用品,6,5.0,3.2,1,1095,供应商E,2,晴,14,正常,0,1
2026-07-23,P032,卷纸,日用品,5,18.0,13.0,1,1095,供应商E,2,晴,14,正常,0,1
2026-07-23,P033,洗衣液,日用品,2,25.0,18.0,0,1095,供应商E,3,晴,14,正常,0,1
2026-07-23,P034,洗洁精,日用品,4,12.0,8.0,0,1095,供应商E,3,晴,14,正常,0,1
2026-07-23,P035,牙膏,日用品,2,12.0,8.5,0,1095,供应商E,3,晴,14,正常,0,1
2026-07-23,P036,牙刷,日用品,4,6.0,3.5,0,1095,供应商E,3,晴,14,正常,0,1
2026-07-23,P037,香皂,日用品,4,5.0,3.0,0,1095,供应商E,3,晴,14,正常,0,1
2026-07-23,P038,垃圾袋,日用品,5,8.0,5.0,0,1095,供应商E,3,晴,14,正常,0,1
2026-07-23,P039,电池,日用品,3,10.0,6.5,0,1095,供应商E,3,晴,14,正常,0,1
2026-07-23,P040,打火机,日用品,5,2.0,1.0,0,1095,供应商E,3,晴,14,正常,0,1
2026-07-23,P041,苹果,水果,6,8.0,5.0,0,10,供应商B,1,晴,14,正常,0,1
2026-07-23,P042,香蕉,水果,10,6.0,3.8,0,6,供应商B,1,晴,14,正常,0,1
2026-07-23,P043,橙子,水果,6,9.0,6.0,0,14,供应商B,1,晴,14,正常,0,1
2026-07-23,P044,西红柿,蔬菜,8,6.0,3.8,1,7,供应商B,1,晴,14,正常,0,1
2026-07-23,P045,土豆,蔬菜,8,5.0,3.0,1,30,供应商B,1,晴,14,正常,0,1
2026-07-23,P046,青菜,蔬菜,9,4.0,2.2,1,3,供应商B,1,晴,14,正常,0,1
2026-07-23,P047,火锅底料,调味,6,12.0,8.0,0,365,供应商C,2,晴,14,正常,0,1
2026-07-23,P048,速冻水饺,冷冻食品,7,18.0,12.5,0,180,供应商D,2,晴,14,正常,0,1
2026-07-23,P049,口罩10只,应急用品,4,10.0,6.0,1,1095,供应商E,3,晴,14,正常,0,1
2026-07-23,P050,创可贴,应急用品,2,5.0,2.8,1,1095,供应商E,3,晴,14,正常,0,1
2026-07-24,P001,矿泉水,饮料,16,2.0,1.1,1,365,供应商A,1,晴,13,正常,0,1
2026-07-24,P002,桶装水,饮料,7,8.0,5.2,1,365,供应商A,1,晴,13,正常,0,1
2026-07-24,P003,可乐,饮料,16,3.5,2.2,0,270,供应商A,1,晴,13,正常,0,1
2026-07-24,P004,雪碧,饮料,11,3.5,2.2,0,270,供应商A,1,晴,13,正常,0,1
2026-07-24,P005,橙汁,饮料,10,5.0,3.2,0,180,供应商A,2,晴,13,正常,0,1
2026-07-24,P006,牛奶,乳品,12,3.5,2.4,1,7,供应商B,1,晴,13,正常,0,1
2026-07-24,P007,酸奶,乳品,8,5.0,3.3,0,14,供应商B,1,晴,13,正常,0,1
2026-07-24,P008,鸡蛋,生鲜,13,12.0,8.5,1,20,供应商B,1,晴,13,正常,0,1
2026-07-24,P009,大米5kg,粮油,3,35.0,28.0,1,365,供应商C,2,晴,13,正常,0,1
2026-07-24,P010,食用油5L,粮油,3,65.0,53.0,1,540,供应商C,2,晴,13,正常,0,1
2026-07-24,P011,挂面,粮油,8,8.0,5.5,1,365,供应商C,2,晴,13,正常,0,1
2026-07-24,P012,面粉2.5kg,粮油,4,18.0,14.0,1,365,供应商C,2,晴,13,正常,0,1
2026-07-24,P013,食盐,调味,6,2.5,1.4,1,730,供应商C,2,晴,13,正常,0,1
2026-07-24,P014,酱油,调味,6,8.0,5.6,1,540,供应商C,2,晴,13,正常,0,1
2026-07-24,P015,食醋,调味,4,6.0,4.0,1,540,供应商C,2,晴,13,正常,0,1
2026-07-24,P016,方便面红烧,方便食品,9,5.0,3.4,1,180,供应商D,1,晴,13,正常,0,1
2026-07-24,P017,方便面香辣,方便食品,8,5.0,3.4,0,180,供应商D,1,晴,13,正常,0,1
2026-07-24,P018,火腿肠,方便食品,11,3.0,1.9,0,180,供应商D,1,晴,13,正常,0,1
2026-07-24,P019,八宝粥,方便食品,5,6.0,4.1,0,365,供应商D,1,晴,13,正常,0,1
2026-07-24,P020,榨菜,方便食品,6,2.0,1.2,0,365,供应商D,1,晴,13,正常,0,1
2026-07-24,P021,面包,烘焙,13,6.0,3.8,0,5,供应商B,1,晴,13,正常,0,1
2026-07-24,P022,蛋糕,烘焙,9,8.0,5.2,0,4,供应商B,1,晴,13,正常,0,1
2026-07-24,P023,饼干,零食,8,7.0,4.4,0,270,供应商D,1,晴,13,正常,0,1
2026-07-24,P024,薯片,零食,9,6.0,3.8,0,180,供应商D,1,晴,13,正常,0,1
2026-07-24,P025,瓜子,零食,6,8.0,5.0,0,240,供应商D,1,晴,13,正常,0,1
2026-07-24,P026,花生,零食,6,7.0,4.3,0,240,供应商D,1,晴,13,正常,0,1
2026-07-24,P027,巧克力,零食,5,8.0,5.2,0,300,供应商D,2,晴,13,正常,0,1
2026-07-24,P028,棒棒糖,零食,11,1.0,0.5,0,365,供应商D,2,晴,13,正常,0,1
2026-07-24,P029,冰淇淋,冷饮,12,5.0,3.0,0,180,供应商A,1,晴,13,正常,0,1
2026-07-24,P030,雪糕,冷饮,17,3.0,1.7,0,180,供应商A,1,晴,13,正常,0,1
2026-07-24,P031,纸巾,日用品,9,5.0,3.2,1,1095,供应商E,2,晴,13,正常,0,1
2026-07-24,P032,卷纸,日用品,5,18.0,13.0,1,1095,供应商E,2,晴,13,正常,0,1
2026-07-24,P033,洗衣液,日用品,4,25.0,18.0,0,1095,供应商E,3,晴,13,正常,0,1
2026-07-24,P034,洗洁精,日用品,4,12.0,8.0,0,1095,供应商E,3,晴,13,正常,0,1
2026-07-24,P035,牙膏,日用品,5,12.0,8.5,0,1095,供应商E,3,晴,13,正常,0,1
2026-07-24,P036,牙刷,日用品,4,6.0,3.5,0,1095,供应商E,3,晴,13,正常,0,1
2026-07-24,P037,香皂,日用品,4,5.0,3.0,0,1095,供应商E,3,晴,13,正常,0,1
2026-07-24,P038,垃圾袋,日用品,3,8.0,5.0,0,1095,供应商E,3,晴,13,正常,0,1
2026-07-24,P039,电池,日用品,2,10.0,6.5,0,1095,供应商E,3,晴,13,正常,0,1
2026-07-24,P040,打火机,日用品,6,2.0,1.0,0,1095,供应商E,3,晴,13,正常,0,1
2026-07-24,P041,苹果,水果,9,8.0,5.0,0,10,供应商B,1,晴,13,正常,0,1
2026-07-24,P042,香蕉,水果,8,6.0,3.8,0,6,供应商B,1,晴,13,正常,0,1
2026-07-24,P043,橙子,水果,6,9.0,6.0,0,14,供应商B,1,晴,13,正常,0,1
2026-07-24,P044,西红柿,蔬菜,5,6.0,3.8,1,7,供应商B,1,晴,13,正常,0,1
2026-07-24,P045,土豆,蔬菜,6,5.0,3.0,1,30,供应商B,1,晴,13,正常,0,1
2026-07-24,P046,青菜,蔬菜,12,4.0,2.2,1,3,供应商B,1,晴,13,正常,0,1
2026-07-24,P047,火锅底料,调味,4,12.0,8.0,0,365,供应商C,2,晴,13,正常,0,1
2026-07-24,P048,速冻水饺,冷冻食品,5,18.0,12.5,0,180,供应商D,2,晴,13,正常,0,1
2026-07-24,P049,口罩10只,应急用品,0,10.0,6.0,1,1095,供应商E,3,晴,13,正常,0,1
2026-07-24,P050,创可贴,应急用品,3,5.0,2.8,1,1095,供应商E,3,晴,13,正常,0,1
2026-07-25,P001,矿泉水,饮料,28,2.0,1.1,1,365,供应商A,1,晴,10,正常,1,1
2026-07-25,P002,桶装水,饮料,7,8.0,5.2,1,365,供应商A,1,晴,10,正常,1,1
2026-07-25,P003,可乐,饮料,20,3.5,2.2,0,270,供应商A,1,晴,10,正常,1,1
2026-07-25,P004,雪碧,饮料,14,3.5,2.2,0,270,供应商A,1,晴,10,正常,1,1
2026-07-25,P005,橙汁,饮料,9,5.0,3.2,0,180,供应商A,2,晴,10,正常,1,1
2026-07-25,P006,牛奶,乳品,12,3.5,2.4,1,7,供应商B,1,晴,10,正常,1,1
2026-07-25,P007,酸奶,乳品,10,5.0,3.3,0,14,供应商B,1,晴,10,正常,1,1
2026-07-25,P008,鸡蛋,生鲜,11,12.0,8.5,1,20,供应商B,1,晴,10,正常,1,1
2026-07-25,P009,大米5kg,粮油,2,35.0,28.0,1,365,供应商C,2,晴,10,正常,1,1
2026-07-25,P010,食用油5L,粮油,2,65.0,53.0,1,540,供应商C,2,晴,10,正常,1,1
2026-07-25,P011,挂面,粮油,10,8.0,5.5,1,365,供应商C,2,晴,10,正常,1,1
2026-07-25,P012,面粉2.5kg,粮油,4,18.0,14.0,1,365,供应商C,2,晴,10,正常,1,1
2026-07-25,P013,食盐,调味,6,2.5,1.4,1,730,供应商C,2,晴,10,正常,1,1
2026-07-25,P014,酱油,调味,5,8.0,5.6,1,540,供应商C,2,晴,10,正常,1,1
2026-07-25,P015,食醋,调味,2,6.0,4.0,1,540,供应商C,2,晴,10,正常,1,1
2026-07-25,P016,方便面红烧,方便食品,19,5.0,3.4,1,180,供应商D,1,晴,10,正常,1,1
2026-07-25,P017,方便面香辣,方便食品,7,5.0,3.4,0,180,供应商D,1,晴,10,正常,1,1
2026-07-25,P018,火腿肠,方便食品,10,3.0,1.9,0,180,供应商D,1,晴,10,正常,1,1
2026-07-25,P019,八宝粥,方便食品,8,6.0,4.1,0,365,供应商D,1,晴,10,正常,1,1
2026-07-25,P020,榨菜,方便食品,7,2.0,1.2,0,365,供应商D,1,晴,10,正常,1,1
2026-07-25,P021,面包,烘焙,12,6.0,3.8,0,5,供应商B,1,晴,10,正常,1,1
2026-07-25,P022,蛋糕,烘焙,5,8.0,5.2,0,4,供应商B,1,晴,10,正常,1,1
2026-07-25,P023,饼干,零食,9,7.0,4.4,0,270,供应商D,1,晴,10,正常,1,1
2026-07-25,P024,薯片,零食,10,6.0,3.8,0,180,供应商D,1,晴,10,正常,1,1
2026-07-25,P025,瓜子,零食,6,8.0,5.0,0,240,供应商D,1,晴,10,正常,1,1
2026-07-25,P026,花生,零食,8,7.0,4.3,0,240,供应商D,1,晴,10,正常,1,1
2026-07-25,P027,巧克力,零食,4,8.0,5.2,0,300,供应商D,2,晴,10,正常,1,1
2026-07-25,P028,棒棒糖,零食,10,1.0,0.5,0,365,供应商D,2,晴,10,正常,1,1
2026-07-25,P029,冰淇淋,冷饮,16,5.0,3.0,0,180,供应商A,1,晴,10,正常,1,1
2026-07-25,P030,雪糕,冷饮,22,3.0,1.7,0,180,供应商A,1,晴,10,正常,1,1
2026-07-25,P031,纸巾,日用品,9,5.0,3.2,1,1095,供应商E,2,晴,10,正常,1,1
2026-07-25,P032,卷纸,日用品,6,18.0,13.0,1,1095,供应商E,2,晴,10,正常,1,1
2026-07-25,P033,洗衣液,日用品,3,25.0,18.0,0,1095,供应商E,3,晴,10,正常,1,1
2026-07-25,P034,洗洁精,日用品,5,12.0,8.0,0,1095,供应商E,3,晴,10,正常,1,1
2026-07-25,P035,牙膏,日用品,3,12.0,8.5,0,1095,供应商E,3,晴,10,正常,1,1
2026-07-25,P036,牙刷,日用品,1,6.0,3.5,0,1095,供应商E,3,晴,10,正常,1,1
2026-07-25,P037,香皂,日用品,5,5.0,3.0,0,1095,供应商E,3,晴,10,正常,1,1
2026-07-25,P038,垃圾袋,日用品,5,8.0,5.0,0,1095,供应商E,3,晴,10,正常,1,1
2026-07-25,P039,电池,日用品,4,10.0,6.5,0,1095,供应商E,3,晴,10,正常,1,1
2026-07-25,P040,打火机,日用品,5,2.0,1.0,0,1095,供应商E,3,晴,10,正常,1,1
2026-07-25,P041,苹果,水果,11,8.0,5.0,0,10,供应商B,1,晴,10,正常,1,1
2026-07-25,P042,香蕉,水果,9,6.0,3.8,0,6,供应商B,1,晴,10,正常,1,1
2026-07-25,P043,橙子,水果,7,9.0,6.0,0,14,供应商B,1,晴,10,正常,1,1
2026-07-25,P044,西红柿,蔬菜,10,6.0,3.8,1,7,供应商B,1,晴,10,正常,1,1
2026-07-25,P045,土豆,蔬菜,10,5.0,3.0,1,30,供应商B,1,晴,10,正常,1,1
2026-07-25,P046,青菜,蔬菜,10,4.0,2.2,1,3,供应商B,1,晴,10,正常,1,1
2026-07-25,P047,火锅底料,调味,4,12.0,8.0,0,365,供应商C,2,晴,10,正常,1,1
2026-07-25,P048,速冻水饺,冷冻食品,4,18.0,12.5,0,180,供应商D,2,晴,10,正常,1,1
2026-07-25,P049,口罩10只,应急用品,5,10.0,6.0,1,1095,供应商E,3,晴,10,正常,1,1
2026-07-25,P050,创可贴,应急用品,4,5.0,2.8,1,1095,供应商E,3,晴,10,正常,1,1
2026-07-26,P001,矿泉水,饮料,28,2.0,1.1,1,365,供应商A,1,晴,8,正常,1,1
2026-07-26,P002,桶装水,饮料,10,8.0,5.2,1,365,供应商A,1,晴,8,正常,1,1
2026-07-26,P003,可乐,饮料,19,3.5,2.2,0,270,供应商A,1,晴,8,正常,1,1
2026-07-26,P004,雪碧,饮料,11,3.5,2.2,0,270,供应商A,1,晴,8,正常,1,1
2026-07-26,P005,橙汁,饮料,9,5.0,3.2,0,180,供应商A,2,晴,8,正常,1,1
2026-07-26,P006,牛奶,乳品,13,3.5,2.4,1,7,供应商B,1,晴,8,正常,1,1
2026-07-26,P007,酸奶,乳品,9,5.0,3.3,0,14,供应商B,1,晴,8,正常,1,1
2026-07-26,P008,鸡蛋,生鲜,12,12.0,8.5,1,20,供应商B,1,晴,8,正常,1,1
2026-07-26,P009,大米5kg,粮油,4,35.0,28.0,1,365,供应商C,2,晴,8,正常,1,1
2026-07-26,P010,食用油5L,粮油,2,65.0,53.0,1,540,供应商C,2,晴,8,正常,1,1
2026-07-26,P011,挂面,粮油,10,8.0,5.5,1,365,供应商C,2,晴,8,正常,1,1
2026-07-26,P012,面粉2.5kg,粮油,5,18.0,14.0,1,365,供应商C,2,晴,8,正常,1,1
2026-07-26,P013,食盐,调味,5,2.5,1.4,1,730,供应商C,2,晴,8,正常,1,1
2026-07-26,P014,酱油,调味,6,8.0,5.6,1,540,供应商C,2,晴,8,正常,1,1
2026-07-26,P015,食醋,调味,5,6.0,4.0,1,540,供应商C,2,晴,8,正常,1,1
2026-07-26,P016,方便面红烧,方便食品,17,5.0,3.4,1,180,供应商D,1,晴,8,正常,1,1
2026-07-26,P017,方便面香辣,方便食品,12,5.0,3.4,0,180,供应商D,1,晴,8,正常,1,1
2026-07-26,P018,火腿肠,方便食品,11,3.0,1.9,0,180,供应商D,1,晴,8,正常,1,1
2026-07-26,P019,八宝粥,方便食品,9,6.0,4.1,0,365,供应商D,1,晴,8,正常,1,1
2026-07-26,P020,榨菜,方便食品,8,2.0,1.2,0,365,供应商D,1,晴,8,正常,1,1
2026-07-26,P021,面包,烘焙,14,6.0,3.8,0,5,供应商B,1,晴,8,正常,1,1
2026-07-26,P022,蛋糕,烘焙,7,8.0,5.2,0,4,供应商B,1,晴,8,正常,1,1
2026-07-26,P023,饼干,零食,12,7.0,4.4,0,270,供应商D,1,晴,8,正常,1,1
2026-07-26,P024,薯片,零食,10,6.0,3.8,0,180,供应商D,1,晴,8,正常,1,1
2026-07-26,P025,瓜子,零食,7,8.0,5.0,0,240,供应商D,1,晴,8,正常,1,1
2026-07-26,P026,花生,零食,7,7.0,4.3,0,240,供应商D,1,晴,8,正常,1,1
2026-07-26,P027,巧克力,零食,5,8.0,5.2,0,300,供应商D,2,晴,8,正常,1,1
2026-07-26,P028,棒棒糖,零食,9,1.0,0.5,0,365,供应商D,2,晴,8,正常,1,1
2026-07-26,P029,冰淇淋,冷饮,15,5.0,3.0,0,180,供应商A,1,晴,8,正常,1,1
2026-07-26,P030,雪糕,冷饮,17,3.0,1.7,0,180,供应商A,1,晴,8,正常,1,1
2026-07-26,P031,纸巾,日用品,7,5.0,3.2,1,1095,供应商E,2,晴,8,正常,1,1
2026-07-26,P032,卷纸,日用品,5,18.0,13.0,1,1095,供应商E,2,晴,8,正常,1,1
2026-07-26,P033,洗衣液,日用品,4,25.0,18.0,0,1095,供应商E,3,晴,8,正常,1,1
2026-07-26,P034,洗洁精,日用品,6,12.0,8.0,0,1095,供应商E,3,晴,8,正常,1,1
2026-07-26,P035,牙膏,日用品,5,12.0,8.5,0,1095,供应商E,3,晴,8,正常,1,1
2026-07-26,P036,牙刷,日用品,1,6.0,3.5,0,1095,供应商E,3,晴,8,正常,1,1
2026-07-26,P037,香皂,日用品,5,5.0,3.0,0,1095,供应商E,3,晴,8,正常,1,1
2026-07-26,P038,垃圾袋,日用品,4,8.0,5.0,0,1095,供应商E,3,晴,8,正常,1,1
2026-07-26,P039,电池,日用品,4,10.0,6.5,0,1095,供应商E,3,晴,8,正常,1,1
2026-07-26,P040,打火机,日用品,5,2.0,1.0,0,1095,供应商E,3,晴,8,正常,1,1
2026-07-26,P041,苹果,水果,9,8.0,5.0,0,10,供应商B,1,晴,8,正常,1,1
2026-07-26,P042,香蕉,水果,10,6.0,3.8,0,6,供应商B,1,晴,8,正常,1,1
2026-07-26,P043,橙子,水果,7,9.0,6.0,0,14,供应商B,1,晴,8,正常,1,1
2026-07-26,P044,西红柿,蔬菜,11,6.0,3.8,1,7,供应商B,1,晴,8,正常,1,1
2026-07-26,P045,土豆,蔬菜,8,5.0,3.0,1,30,供应商B,1,晴,8,正常,1,1
2026-07-26,P046,青菜,蔬菜,13,4.0,2.2,1,3,供应商B,1,晴,8,正常,1,1
2026-07-26,P047,火锅底料,调味,6,12.0,8.0,0,365,供应商C,2,晴,8,正常,1,1
2026-07-26,P048,速冻水饺,冷冻食品,6,18.0,12.5,0,180,供应商D,2,晴,8,正常,1,1
2026-07-26,P049,口罩10只,应急用品,1,10.0,6.0,1,1095,供应商E,3,晴,8,正常,1,1
2026-07-26,P050,创可贴,应急用品,5,5.0,2.8,1,1095,供应商E,3,晴,8,正常,1,1
2026-07-27,P001,矿泉水,饮料,22,2.0,1.1,1,365,供应商A,1,晴,11,正常,0,1
2026-07-27,P002,桶装水,饮料,7,8.0,5.2,1,365,供应商A,1,晴,11,正常,0,1
2026-07-27,P003,可乐,饮料,14,3.5,2.2,0,270,供应商A,1,晴,11,正常,0,1
2026-07-27,P004,雪碧,饮料,11,3.5,2.2,0,270,供应商A,1,晴,11,正常,0,1
2026-07-27,P005,橙汁,饮料,11,5.0,3.2,0,180,供应商A,2,晴,11,正常,0,1
2026-07-27,P006,牛奶,乳品,12,3.5,2.4,1,7,供应商B,1,晴,11,正常,0,1
2026-07-27,P007,酸奶,乳品,11,5.0,3.3,0,14,供应商B,1,晴,11,正常,0,1
2026-07-27,P008,鸡蛋,生鲜,12,12.0,8.5,1,20,供应商B,1,晴,11,正常,0,1
2026-07-27,P009,大米5kg,粮油,3,35.0,28.0,1,365,供应商C,2,晴,11,正常,0,1
2026-07-27,P010,食用油5L,粮油,3,65.0,53.0,1,540,供应商C,2,晴,11,正常,0,1
2026-07-27,P011,挂面,粮油,5,8.0,5.5,1,365,供应商C,2,晴,11,正常,0,1
2026-07-27,P012,面粉2.5kg,粮油,4,18.0,14.0,1,365,供应商C,2,晴,11,正常,0,1
2026-07-27,P013,食盐,调味,4,2.5,1.4,1,730,供应商C,2,晴,11,正常,0,1
2026-07-27,P014,酱油,调味,5,8.0,5.6,1,540,供应商C,2,晴,11,正常,0,1
2026-07-27,P015,食醋,调味,5,6.0,4.0,1,540,供应商C,2,晴,11,正常,0,1
2026-07-27,P016,方便面红烧,方便食品,16,5.0,3.4,1,180,供应商D,1,晴,11,正常,0,1
2026-07-27,P017,方便面香辣,方便食品,8,5.0,3.4,0,180,供应商D,1,晴,11,正常,0,1
2026-07-27,P018,火腿肠,方便食品,11,3.0,1.9,0,180,供应商D,1,晴,11,正常,0,1
2026-07-27,P019,八宝粥,方便食品,7,6.0,4.1,0,365,供应商D,1,晴,11,正常,0,1
2026-07-27,P020,榨菜,方便食品,5,2.0,1.2,0,365,供应商D,1,晴,11,正常,0,1
2026-07-27,P021,面包,烘焙,13,6.0,3.8,0,5,供应商B,1,晴,11,正常,0,1
2026-07-27,P022,蛋糕,烘焙,7,8.0,5.2,0,4,供应商B,1,晴,11,正常,0,1
2026-07-27,P023,饼干,零食,7,7.0,4.4,0,270,供应商D,1,晴,11,正常,0,1
2026-07-27,P024,薯片,零食,13,6.0,3.8,0,180,供应商D,1,晴,11,正常,0,1
2026-07-27,P025,瓜子,零食,6,8.0,5.0,0,240,供应商D,1,晴,11,正常,0,1
2026-07-27,P026,花生,零食,6,7.0,4.3,0,240,供应商D,1,晴,11,正常,0,1
2026-07-27,P027,巧克力,零食,5,8.0,5.2,0,300,供应商D,2,晴,11,正常,0,1
2026-07-27,P028,棒棒糖,零食,11,1.0,0.5,0,365,供应商D,2,晴,11,正常,0,1
2026-07-27,P029,冰淇淋,冷饮,13,5.0,3.0,0,180,供应商A,1,晴,11,正常,0,1
2026-07-27,P030,雪糕,冷饮,13,3.0,1.7,0,180,供应商A,1,晴,11,正常,0,1
2026-07-27,P031,纸巾,日用品,7,5.0,3.2,1,1095,供应商E,2,晴,11,正常,0,1
2026-07-27,P032,卷纸,日用品,7,18.0,13.0,1,1095,供应商E,2,晴,11,正常,0,1
2026-07-27,P033,洗衣液,日用品,4,25.0,18.0,0,1095,供应商E,3,晴,11,正常,0,1
2026-07-27,P034,洗洁精,日用品,4,12.0,8.0,0,1095,供应商E,3,晴,11,正常,0,1
2026-07-27,P035,牙膏,日用品,6,12.0,8.5,0,1095,供应商E,3,晴,11,正常,0,1
2026-07-27,P036,牙刷,日用品,5,6.0,3.5,0,1095,供应商E,3,晴,11,正常,0,1
2026-07-27,P037,香皂,日用品,4,5.0,3.0,0,1095,供应商E,3,晴,11,正常,0,1
2026-07-27,P038,垃圾袋,日用品,4,8.0,5.0,0,1095,供应商E,3,晴,11,正常,0,1
2026-07-27,P039,电池,日用品,3,10.0,6.5,0,1095,供应商E,3,晴,11,正常,0,1
2026-07-27,P040,打火机,日用品,4,2.0,1.0,0,1095,供应商E,3,晴,11,正常,0,1
2026-07-27,P041,苹果,水果,8,8.0,5.0,0,10,供应商B,1,晴,11,正常,0,1
2026-07-27,P042,香蕉,水果,9,6.0,3.8,0,6,供应商B,1,晴,11,正常,0,1
2026-07-27,P043,橙子,水果,4,9.0,6.0,0,14,供应商B,1,晴,11,正常,0,1
2026-07-27,P044,西红柿,蔬菜,8,6.0,3.8,1,7,供应商B,1,晴,11,正常,0,1
2026-07-27,P045,土豆,蔬菜,7,5.0,3.0,1,30,供应商B,1,晴,11,正常,0,1
2026-07-27,P046,青菜,蔬菜,12,4.0,2.2,1,3,供应商B,1,晴,11,正常,0,1
2026-07-27,P047,火锅底料,调味,2,12.0,8.0,0,365,供应商C,2,晴,11,正常,0,1
2026-07-27,P048,速冻水饺,冷冻食品,5,18.0,12.5,0,180,供应商D,2,晴,11,正常,0,1
2026-07-27,P049,口罩10只,应急用品,2,10.0,6.0,1,1095,供应商E,3,晴,11,正常,0,1
2026-07-27,P050,创可贴,应急用品,4,5.0,2.8,1,1095,供应商E,3,晴,11,正常,0,1
2026-07-28,P001,矿泉水,饮料,24,2.0,1.1,1,365,供应商A,1,晴,12,正常,0,1
2026-07-28,P002,桶装水,饮料,8,8.0,5.2,1,365,供应商A,1,晴,12,正常,0,1
2026-07-28,P003,可乐,饮料,18,3.5,2.2,0,270,供应商A,1,晴,12,正常,0,1
2026-07-28,P004,雪碧,饮料,12,3.5,2.2,0,270,供应商A,1,晴,12,正常,0,1
2026-07-28,P005,橙汁,饮料,8,5.0,3.2,0,180,供应商A,2,晴,12,正常,0,1
2026-07-28,P006,牛奶,乳品,13,3.5,2.4,1,7,供应商B,1,晴,12,正常,0,1
2026-07-28,P007,酸奶,乳品,10,5.0,3.3,0,14,供应商B,1,晴,12,正常,0,1
2026-07-28,P008,鸡蛋,生鲜,9,12.0,8.5,1,20,供应商B,1,晴,12,正常,0,1
2026-07-28,P009,大米5kg,粮油,3,35.0,28.0,1,365,供应商C,2,晴,12,正常,0,1
2026-07-28,P010,食用油5L,粮油,4,65.0,53.0,1,540,供应商C,2,晴,12,正常,0,1
2026-07-28,P011,挂面,粮油,8,8.0,5.5,1,365,供应商C,2,晴,12,正常,0,1
2026-07-28,P012,面粉2.5kg,粮油,1,18.0,14.0,1,365,供应商C,2,晴,12,正常,0,1
2026-07-28,P013,食盐,调味,7,2.5,1.4,1,730,供应商C,2,晴,12,正常,0,1
2026-07-28,P014,酱油,调味,5,8.0,5.6,1,540,供应商C,2,晴,12,正常,0,1
2026-07-28,P015,食醋,调味,2,6.0,4.0,1,540,供应商C,2,晴,12,正常,0,1
2026-07-28,P016,方便面红烧,方便食品,8,5.0,3.4,1,180,供应商D,1,晴,12,正常,0,1
2026-07-28,P017,方便面香辣,方便食品,8,5.0,3.4,0,180,供应商D,1,晴,12,正常,0,1
2026-07-28,P018,火腿肠,方便食品,10,3.0,1.9,0,180,供应商D,1,晴,12,正常,0,1
2026-07-28,P019,八宝粥,方便食品,7,6.0,4.1,0,365,供应商D,1,晴,12,正常,0,1
2026-07-28,P020,榨菜,方便食品,7,2.0,1.2,0,365,供应商D,1,晴,12,正常,0,1
2026-07-28,P021,面包,烘焙,11,6.0,3.8,0,5,供应商B,1,晴,12,正常,0,1
2026-07-28,P022,蛋糕,烘焙,6,8.0,5.2,0,4,供应商B,1,晴,12,正常,0,1
2026-07-28,P023,饼干,零食,8,7.0,4.4,0,270,供应商D,1,晴,12,正常,0,1
2026-07-28,P024,薯片,零食,10,6.0,3.8,0,180,供应商D,1,晴,12,正常,0,1
2026-07-28,P025,瓜子,零食,6,8.0,5.0,0,240,供应商D,1,晴,12,正常,0,1
2026-07-28,P026,花生,零食,5,7.0,4.3,0,240,供应商D,1,晴,12,正常,0,1
2026-07-28,P027,巧克力,零食,6,8.0,5.2,0,300,供应商D,2,晴,12,正常,0,1
2026-07-28,P028,棒棒糖,零食,8,1.0,0.5,0,365,供应商D,2,晴,12,正常,0,1
2026-07-28,P029,冰淇淋,冷饮,12,5.0,3.0,0,180,供应商A,1,晴,12,正常,0,1
2026-07-28,P030,雪糕,冷饮,16,3.0,1.7,0,180,供应商A,1,晴,12,正常,0,1
2026-07-28,P031,纸巾,日用品,9,5.0,3.2,1,1095,供应商E,2,晴,12,正常,0,1
2026-07-28,P032,卷纸,日用品,5,18.0,13.0,1,1095,供应商E,2,晴,12,正常,0,1
2026-07-28,P033,洗衣液,日用品,2,25.0,18.0,0,1095,供应商E,3,晴,12,正常,0,1
2026-07-28,P034,洗洁精,日用品,5,12.0,8.0,0,1095,供应商E,3,晴,12,正常,0,1
2026-07-28,P035,牙膏,日用品,7,12.0,8.5,0,1095,供应商E,3,晴,12,正常,0,1
2026-07-28,P036,牙刷,日用品,4,6.0,3.5,0,1095,供应商E,3,晴,12,正常,0,1
2026-07-28,P037,香皂,日用品,5,5.0,3.0,0,1095,供应商E,3,晴,12,正常,0,1
2026-07-28,P038,垃圾袋,日用品,5,8.0,5.0,0,1095,供应商E,3,晴,12,正常,0,1
2026-07-28,P039,电池,日用品,2,10.0,6.5,0,1095,供应商E,3,晴,12,正常,0,1
2026-07-28,P040,打火机,日用品,5,2.0,1.0,0,1095,供应商E,3,晴,12,正常,0,1
2026-07-28,P041,苹果,水果,6,8.0,5.0,0,10,供应商B,1,晴,12,正常,0,1
2026-07-28,P042,香蕉,水果,9,6.0,3.8,0,6,供应商B,1,晴,12,正常,0,1
2026-07-28,P043,橙子,水果,5,9.0,6.0,0,14,供应商B,1,晴,12,正常,0,1
2026-07-28,P044,西红柿,蔬菜,7,6.0,3.8,1,7,供应商B,1,晴,12,正常,0,1
2026-07-28,P045,土豆,蔬菜,6,5.0,3.0,1,30,供应商B,1,晴,12,正常,0,1
2026-07-28,P046,青菜,蔬菜,10,4.0,2.2,1,3,供应商B,1,晴,12,正常,0,1
2026-07-28,P047,火锅底料,调味,5,12.0,8.0,0,365,供应商C,2,晴,12,正常,0,1
2026-07-28,P048,速冻水饺,冷冻食品,5,18.0,12.5,0,180,供应商D,2,晴,12,正常,0,1
2026-07-28,P049,口罩10只,应急用品,1,10.0,6.0,1,1095,供应商E,3,晴,12,正常,0,1
2026-07-28,P050,创可贴,应急用品,2,5.0,2.8,1,1095,供应商E,3,晴,12,正常,0,1
2026-07-29,P001,矿泉水,饮料,18,2.0,1.1,1,365,供应商A,1,晴,17,供应商D断供,0,1
2026-07-29,P002,桶装水,饮料,6,8.0,5.2,1,365,供应商A,1,晴,17,供应商D断供,0,1
2026-07-29,P003,可乐,饮料,17,3.5,2.2,0,270,供应商A,1,晴,17,供应商D断供,0,1
2026-07-29,P004,雪碧,饮料,14,3.5,2.2,0,270,供应商A,1,晴,17,供应商D断供,0,1
2026-07-29,P005,橙汁,饮料,7,5.0,3.2,0,180,供应商A,2,晴,17,供应商D断供,0,1
2026-07-29,P006,牛奶,乳品,15,3.5,2.4,1,7,供应商B,1,晴,17,供应商D断供,0,1
2026-07-29,P007,酸奶,乳品,8,5.0,3.3,0,14,供应商B,1,晴,17,供应商D断供,0,1
2026-07-29,P008,鸡蛋,生鲜,10,12.0,8.5,1,20,供应商B,1,晴,17,供应商D断供,0,1
2026-07-29,P009,大米5kg,粮油,5,35.0,28.0,1,365,供应商C,2,晴,17,供应商D断供,0,1
2026-07-29,P010,食用油5L,粮油,4,65.0,53.0,1,540,供应商C,2,晴,17,供应商D断供,0,1
2026-07-29,P011,挂面,粮油,8,8.0,5.5,1,365,供应商C,2,晴,17,供应商D断供,0,1
2026-07-29,P012,面粉2.5kg,粮油,3,18.0,14.0,1,365,供应商C,2,晴,17,供应商D断供,0,1
2026-07-29,P013,食盐,调味,6,2.5,1.4,1,730,供应商C,2,晴,17,供应商D断供,0,1
2026-07-29,P014,酱油,调味,4,8.0,5.6,1,540,供应商C,2,晴,17,供应商D断供,0,1
2026-07-29,P015,食醋,调味,5,6.0,4.0,1,540,供应商C,2,晴,17,供应商D断供,0,1
2026-07-29,P016,方便面红烧,方便食品,9,5.0,3.4,1,180,供应商D,1,晴,17,供应商D断供,0,0
2026-07-29,P017,方便面香辣,方便食品,6,5.0,3.4,0,180,供应商D,1,晴,17,供应商D断供,0,0
2026-07-29,P018,火腿肠,方便食品,4,3.0,1.9,0,180,供应商D,1,晴,17,供应商D断供,0,0
2026-07-29,P019,八宝粥,方便食品,5,6.0,4.1,0,365,供应商D,1,晴,17,供应商D断供,0,0
2026-07-29,P020,榨菜,方便食品,4,2.0,1.2,0,365,供应商D,1,晴,17,供应商D断供,0,0
2026-07-29,P021,面包,烘焙,11,6.0,3.8,0,5,供应商B,1,晴,17,供应商D断供,0,1
2026-07-29,P022,蛋糕,烘焙,9,8.0,5.2,0,4,供应商B,1,晴,17,供应商D断供,0,1
2026-07-29,P023,饼干,零食,5,7.0,4.4,0,270,供应商D,1,晴,17,供应商D断供,0,0
2026-07-29,P024,薯片,零食,6,6.0,3.8,0,180,供应商D,1,晴,17,供应商D断供,0,0
2026-07-29,P025,瓜子,零食,3,8.0,5.0,0,240,供应商D,1,晴,17,供应商D断供,0,0
2026-07-29,P026,花生,零食,3,7.0,4.3,0,240,供应商D,1,晴,17,供应商D断供,0,0
2026-07-29,P027,巧克力,零食,4,8.0,5.2,0,300,供应商D,2,晴,17,供应商D断供,0,0
2026-07-29,P028,棒棒糖,零食,7,1.0,0.5,0,365,供应商D,2,晴,17,供应商D断供,0,0
2026-07-29,P029,冰淇淋,冷饮,12,5.0,3.0,0,180,供应商A,1,晴,17,供应商D断供,0,1
2026-07-29,P030,雪糕,冷饮,15,3.0,1.7,0,180,供应商A,1,晴,17,供应商D断供,0,1
2026-07-29,P031,纸巾,日用品,7,5.0,3.2,1,1095,供应商E,2,晴,17,供应商D断供,0,1
2026-07-29,P032,卷纸,日用品,7,18.0,13.0,1,1095,供应商E,2,晴,17,供应商D断供,0,1
2026-07-29,P033,洗衣液,日用品,4,25.0,18.0,0,1095,供应商E,3,晴,17,供应商D断供,0,1
2026-07-29,P034,洗洁精,日用品,4,12.0,8.0,0,1095,供应商E,3,晴,17,供应商D断供,0,1
2026-07-29,P035,牙膏,日用品,2,12.0,8.5,0,1095,供应商E,3,晴,17,供应商D断供,0,1
2026-07-29,P036,牙刷,日用品,2,6.0,3.5,0,1095,供应商E,3,晴,17,供应商D断供,0,1
2026-07-29,P037,香皂,日用品,4,5.0,3.0,0,1095,供应商E,3,晴,17,供应商D断供,0,1
2026-07-29,P038,垃圾袋,日用品,5,8.0,5.0,0,1095,供应商E,3,晴,17,供应商D断供,0,1
2026-07-29,P039,电池,日用品,1,10.0,6.5,0,1095,供应商E,3,晴,17,供应商D断供,0,1
2026-07-29,P040,打火机,日用品,5,2.0,1.0,0,1095,供应商E,3,晴,17,供应商D断供,0,1
2026-07-29,P041,苹果,水果,10,8.0,5.0,0,10,供应商B,1,晴,17,供应商D断供,0,1
2026-07-29,P042,香蕉,水果,9,6.0,3.8,0,6,供应商B,1,晴,17,供应商D断供,0,1
2026-07-29,P043,橙子,水果,8,9.0,6.0,0,14,供应商B,1,晴,17,供应商D断供,0,1
2026-07-29,P044,西红柿,蔬菜,9,6.0,3.8,1,7,供应商B,1,晴,17,供应商D断供,0,1
2026-07-29,P045,土豆,蔬菜,6,5.0,3.0,1,30,供应商B,1,晴,17,供应商D断供,0,1
2026-07-29,P046,青菜,蔬菜,10,4.0,2.2,1,3,供应商B,1,晴,17,供应商D断供,0,1
2026-07-29,P047,火锅底料,调味,4,12.0,8.0,0,365,供应商C,2,晴,17,供应商D断供,0,1
2026-07-29,P048,速冻水饺,冷冻食品,3,18.0,12.5,0,180,供应商D,2,晴,17,供应商D断供,0,0
2026-07-29,P049,口罩10只,应急用品,2,10.0,6.0,1,1095,供应商E,3,晴,17,供应商D断供,0,1
2026-07-29,P050,创可贴,应急用品,5,5.0,2.8,1,1095,供应商E,3,晴,17,供应商D断供,0,1
2026-07-30,P001,矿泉水,饮料,20,2.0,1.1,1,365,供应商A,1,晴,12,供应商D断供,0,1
2026-07-30,P002,桶装水,饮料,7,8.0,5.2,1,365,供应商A,1,晴,12,供应商D断供,0,1
2026-07-30,P003,可乐,饮料,15,3.5,2.2,0,270,供应商A,1,晴,12,供应商D断供,0,1
2026-07-30,P004,雪碧,饮料,13,3.5,2.2,0,270,供应商A,1,晴,12,供应商D断供,0,1
2026-07-30,P005,橙汁,饮料,9,5.0,3.2,0,180,供应商A,2,晴,12,供应商D断供,0,1
2026-07-30,P006,牛奶,乳品,13,3.5,2.4,1,7,供应商B,1,晴,12,供应商D断供,0,1
2026-07-30,P007,酸奶,乳品,10,5.0,3.3,0,14,供应商B,1,晴,12,供应商D断供,0,1
2026-07-30,P008,鸡蛋,生鲜,8,12.0,8.5,1,20,供应商B,1,晴,12,供应商D断供,0,1
2026-07-30,P009,大米5kg,粮油,5,35.0,28.0,1,365,供应商C,2,晴,12,供应商D断供,0,1
2026-07-30,P010,食用油5L,粮油,0,65.0,53.0,1,540,供应商C,2,晴,12,供应商D断供,0,1
2026-07-30,P011,挂面,粮油,7,8.0,5.5,1,365,供应商C,2,晴,12,供应商D断供,0,1
2026-07-30,P012,面粉2.5kg,粮油,5,18.0,14.0,1,365,供应商C,2,晴,12,供应商D断供,0,1
2026-07-30,P013,食盐,调味,6,2.5,1.4,1,730,供应商C,2,晴,12,供应商D断供,0,1
2026-07-30,P014,酱油,调味,3,8.0,5.6,1,540,供应商C,2,晴,12,供应商D断供,0,1
2026-07-30,P015,食醋,调味,3,6.0,4.0,1,540,供应商C,2,晴,12,供应商D断供,0,1
2026-07-30,P016,方便面红烧,方便食品,8,5.0,3.4,1,180,供应商D,1,晴,12,供应商D断供,0,0
2026-07-30,P017,方便面香辣,方便食品,6,5.0,3.4,0,180,供应商D,1,晴,12,供应商D断供,0,0
2026-07-30,P018,火腿肠,方便食品,5,3.0,1.9,0,180,供应商D,1,晴,12,供应商D断供,0,0
2026-07-30,P019,八宝粥,方便食品,5,6.0,4.1,0,365,供应商D,1,晴,12,供应商D断供,0,0
2026-07-30,P020,榨菜,方便食品,4,2.0,1.2,0,365,供应商D,1,晴,12,供应商D断供,0,0
2026-07-30,P021,面包,烘焙,11,6.0,3.8,0,5,供应商B,1,晴,12,供应商D断供,0,1
2026-07-30,P022,蛋糕,烘焙,8,8.0,5.2,0,4,供应商B,1,晴,12,供应商D断供,0,1
2026-07-30,P023,饼干,零食,6,7.0,4.4,0,270,供应商D,1,晴,12,供应商D断供,0,0
2026-07-30,P024,薯片,零食,6,6.0,3.8,0,180,供应商D,1,晴,12,供应商D断供,0,0
2026-07-30,P025,瓜子,零食,3,8.0,5.0,0,240,供应商D,1,晴,12,供应商D断供,0,0
2026-07-30,P026,花生,零食,4,7.0,4.3,0,240,供应商D,1,晴,12,供应商D断供,0,0
2026-07-30,P027,巧克力,零食,3,8.0,5.2,0,300,供应商D,2,晴,12,供应商D断供,0,0
2026-07-30,P028,棒棒糖,零食,5,1.0,0.5,0,365,供应商D,2,晴,12,供应商D断供,0,0
2026-07-30,P029,冰淇淋,冷饮,15,5.0,3.0,0,180,供应商A,1,晴,12,供应商D断供,0,1
2026-07-30,P030,雪糕,冷饮,21,3.0,1.7,0,180,供应商A,1,晴,12,供应商D断供,0,1
2026-07-30,P031,纸巾,日用品,8,5.0,3.2,1,1095,供应商E,2,晴,12,供应商D断供,0,1
2026-07-30,P032,卷纸,日用品,6,18.0,13.0,1,1095,供应商E,2,晴,12,供应商D断供,0,1
2026-07-30,P033,洗衣液,日用品,1,25.0,18.0,0,1095,供应商E,3,晴,12,供应商D断供,0,1
2026-07-30,P034,洗洁精,日用品,4,12.0,8.0,0,1095,供应商E,3,晴,12,供应商D断供,0,1
2026-07-30,P035,牙膏,日用品,4,12.0,8.5,0,1095,供应商E,3,晴,12,供应商D断供,0,1
2026-07-30,P036,牙刷,日用品,5,6.0,3.5,0,1095,供应商E,3,晴,12,供应商D断供,0,1
2026-07-30,P037,香皂,日用品,3,5.0,3.0,0,1095,供应商E,3,晴,12,供应商D断供,0,1
2026-07-30,P038,垃圾袋,日用品,4,8.0,5.0,0,1095,供应商E,3,晴,12,供应商D断供,0,1
2026-07-30,P039,电池,日用品,4,10.0,6.5,0,1095,供应商E,3,晴,12,供应商D断供,0,1
2026-07-30,P040,打火机,日用品,5,2.0,1.0,0,1095,供应商E,3,晴,12,供应商D断供,0,1
2026-07-30,P041,苹果,水果,7,8.0,5.0,0,10,供应商B,1,晴,12,供应商D断供,0,1
2026-07-30,P042,香蕉,水果,13,6.0,3.8,0,6,供应商B,1,晴,12,供应商D断供,0,1
2026-07-30,P043,橙子,水果,5,9.0,6.0,0,14,供应商B,1,晴,12,供应商D断供,0,1
2026-07-30,P044,西红柿,蔬菜,8,6.0,3.8,1,7,供应商B,1,晴,12,供应商D断供,0,1
2026-07-30,P045,土豆,蔬菜,7,5.0,3.0,1,30,供应商B,1,晴,12,供应商D断供,0,1
2026-07-30,P046,青菜,蔬菜,10,4.0,2.2,1,3,供应商B,1,晴,12,供应商D断供,0,1
2026-07-30,P047,火锅底料,调味,4,12.0,8.0,0,365,供应商C,2,晴,12,供应商D断供,0,1
2026-07-30,P048,速冻水饺,冷冻食品,3,18.0,12.5,0,180,供应商D,2,晴,12,供应商D断供,0,0
2026-07-30,P049,口罩10只,应急用品,3,10.0,6.0,1,1095,供应商E,3,晴,12,供应商D断供,0,1
2026-07-30,P050,创可贴,应急用品,2,5.0,2.8,1,1095,供应商E,3,晴,12,供应商D断供,0,1
2026-07-31,P001,矿泉水,饮料,32,2.0,1.1,1,365,供应商A,1,晴,14,供应商D断供,0,1
2026-07-31,P002,桶装水,饮料,6,8.0,5.2,1,365,供应商A,1,晴,14,供应商D断供,0,1
2026-07-31,P003,可乐,饮料,18,3.5,2.2,0,270,供应商A,1,晴,14,供应商D断供,0,1
2026-07-31,P004,雪碧,饮料,12,3.5,2.2,0,270,供应商A,1,晴,14,供应商D断供,0,1
2026-07-31,P005,橙汁,饮料,8,5.0,3.2,0,180,供应商A,2,晴,14,供应商D断供,0,1
2026-07-31,P006,牛奶,乳品,13,3.5,2.4,1,7,供应商B,1,晴,14,供应商D断供,0,1
2026-07-31,P007,酸奶,乳品,7,5.0,3.3,0,14,供应商B,1,晴,14,供应商D断供,0,1
2026-07-31,P008,鸡蛋,生鲜,12,12.0,8.5,1,20,供应商B,1,晴,14,供应商D断供,0,1
2026-07-31,P009,大米5kg,粮油,4,35.0,28.0,1,365,供应商C,2,晴,14,供应商D断供,0,1
2026-07-31,P010,食用油5L,粮油,4,65.0,53.0,1,540,供应商C,2,晴,14,供应商D断供,0,1
2026-07-31,P011,挂面,粮油,6,8.0,5.5,1,365,供应商C,2,晴,14,供应商D断供,0,1
2026-07-31,P012,面粉2.5kg,粮油,3,18.0,14.0,1,365,供应商C,2,晴,14,供应商D断供,0,1
2026-07-31,P013,食盐,调味,4,2.5,1.4,1,730,供应商C,2,晴,14,供应商D断供,0,1
2026-07-31,P014,酱油,调味,7,8.0,5.6,1,540,供应商C,2,晴,14,供应商D断供,0,1
2026-07-31,P015,食醋,调味,3,6.0,4.0,1,540,供应商C,2,晴,14,供应商D断供,0,1
2026-07-31,P016,方便面红烧,方便食品,10,5.0,3.4,1,180,供应商D,1,晴,14,供应商D断供,0,0
2026-07-31,P017,方便面香辣,方便食品,8,5.0,3.4,0,180,供应商D,1,晴,14,供应商D断供,0,0
2026-07-31,P018,火腿肠,方便食品,6,3.0,1.9,0,180,供应商D,1,晴,14,供应商D断供,0,0
2026-07-31,P019,八宝粥,方便食品,3,6.0,4.1,0,365,供应商D,1,晴,14,供应商D断供,0,0
2026-07-31,P020,榨菜,方便食品,3,2.0,1.2,0,365,供应商D,1,晴,14,供应商D断供,0,0
2026-07-31,P021,面包,烘焙,14,6.0,3.8,0,5,供应商B,1,晴,14,供应商D断供,0,1
2026-07-31,P022,蛋糕,烘焙,5,8.0,5.2,0,4,供应商B,1,晴,14,供应商D断供,0,1
2026-07-31,P023,饼干,零食,6,7.0,4.4,0,270,供应商D,1,晴,14,供应商D断供,0,0
2026-07-31,P024,薯片,零食,6,6.0,3.8,0,180,供应商D,1,晴,14,供应商D断供,0,0
2026-07-31,P025,瓜子,零食,4,8.0,5.0,0,240,供应商D,1,晴,14,供应商D断供,0,0
2026-07-31,P026,花生,零食,5,7.0,4.3,0,240,供应商D,1,晴,14,供应商D断供,0,0
2026-07-31,P027,巧克力,零食,3,8.0,5.2,0,300,供应商D,2,晴,14,供应商D断供,0,0
2026-07-31,P028,棒棒糖,零食,5,1.0,0.5,0,365,供应商D,2,晴,14,供应商D断供,0,0
2026-07-31,P029,冰淇淋,冷饮,16,5.0,3.0,0,180,供应商A,1,晴,14,供应商D断供,0,1
2026-07-31,P030,雪糕,冷饮,15,3.0,1.7,0,180,供应商A,1,晴,14,供应商D断供,0,1
2026-07-31,P031,纸巾,日用品,4,5.0,3.2,1,1095,供应商E,2,晴,14,供应商D断供,0,1
2026-07-31,P032,卷纸,日用品,6,18.0,13.0,1,1095,供应商E,2,晴,14,供应商D断供,0,1
2026-07-31,P033,洗衣液,日用品,2,25.0,18.0,0,1095,供应商E,3,晴,14,供应商D断供,0,1
2026-07-31,P034,洗洁精,日用品,5,12.0,8.0,0,1095,供应商E,3,晴,14,供应商D断供,0,1
2026-07-31,P035,牙膏,日用品,6,12.0,8.5,0,1095,供应商E,3,晴,14,供应商D断供,0,1
2026-07-31,P036,牙刷,日用品,4,6.0,3.5,0,1095,供应商E,3,晴,14,供应商D断供,0,1
2026-07-31,P037,香皂,日用品,5,5.0,3.0,0,1095,供应商E,3,晴,14,供应商D断供,0,1
2026-07-31,P038,垃圾袋,日用品,4,8.0,5.0,0,1095,供应商E,3,晴,14,供应商D断供,0,1
2026-07-31,P039,电池,日用品,5,10.0,6.5,0,1095,供应商E,3,晴,14,供应商D断供,0,1
2026-07-31,P040,打火机,日用品,4,2.0,1.0,0,1095,供应商E,3,晴,14,供应商D断供,0,1
2026-07-31,P041,苹果,水果,8,8.0,5.0,0,10,供应商B,1,晴,14,供应商D断供,0,1
2026-07-31,P042,香蕉,水果,10,6.0,3.8,0,6,供应商B,1,晴,14,供应商D断供,0,1
2026-07-31,P043,橙子,水果,6,9.0,6.0,0,14,供应商B,1,晴,14,供应商D断供,0,1
2026-07-31,P044,西红柿,蔬菜,9,6.0,3.8,1,7,供应商B,1,晴,14,供应商D断供,0,1
2026-07-31,P045,土豆,蔬菜,6,5.0,3.0,1,30,供应商B,1,晴,14,供应商D断供,0,1
2026-07-31,P046,青菜,蔬菜,13,4.0,2.2,1,3,供应商B,1,晴,14,供应商D断供,0,1
2026-07-31,P047,火锅底料,调味,7,12.0,8.0,0,365,供应商C,2,晴,14,供应商D断供,0,1
2026-07-31,P048,速冻水饺,冷冻食品,3,18.0,12.5,0,180,供应商D,2,晴,14,供应商D断供,0,0
2026-07-31,P049,口罩10只,应急用品,4,10.0,6.0,1,1095,供应商E,3,晴,14,供应商D断供,0,1
2026-07-31,P050,创可贴,应急用品,4,5.0,2.8,1,1095,供应商E,3,晴,14,供应商D断供,0,1
2026-08-01,P001,矿泉水,饮料,21,2.0,1.1,1,365,供应商A,1,晴,10,正常,1,1
2026-08-01,P002,桶装水,饮料,5,8.0,5.2,1,365,供应商A,1,晴,10,正常,1,1
2026-08-01,P003,可乐,饮料,21,3.5,2.2,0,270,供应商A,1,晴,10,正常,1,1
2026-08-01,P004,雪碧,饮料,15,3.5,2.2,0,270,供应商A,1,晴,10,正常,1,1
2026-08-01,P005,橙汁,饮料,8,5.0,3.2,0,180,供应商A,2,晴,10,正常,1,1
2026-08-01,P006,牛奶,乳品,15,3.5,2.4,1,7,供应商B,1,晴,10,正常,1,1
2026-08-01,P007,酸奶,乳品,6,5.0,3.3,0,14,供应商B,1,晴,10,正常,1,1
2026-08-01,P008,鸡蛋,生鲜,13,12.0,8.5,1,20,供应商B,1,晴,10,正常,1,1
2026-08-01,P009,大米5kg,粮油,3,35.0,28.0,1,365,供应商C,2,晴,10,正常,1,1
2026-08-01,P010,食用油5L,粮油,4,65.0,53.0,1,540,供应商C,2,晴,10,正常,1,1
2026-08-01,P011,挂面,粮油,9,8.0,5.5,1,365,供应商C,2,晴,10,正常,1,1
2026-08-01,P012,面粉2.5kg,粮油,5,18.0,14.0,1,365,供应商C,2,晴,10,正常,1,1
2026-08-01,P013,食盐,调味,6,2.5,1.4,1,730,供应商C,2,晴,10,正常,1,1
2026-08-01,P014,酱油,调味,4,8.0,5.6,1,540,供应商C,2,晴,10,正常,1,1
2026-08-01,P015,食醋,调味,5,6.0,4.0,1,540,供应商C,2,晴,10,正常,1,1
2026-08-01,P016,方便面红烧,方便食品,18,5.0,3.4,1,180,供应商D,1,晴,10,正常,1,1
2026-08-01,P017,方便面香辣,方便食品,13,5.0,3.4,0,180,供应商D,1,晴,10,正常,1,1
2026-08-01,P018,火腿肠,方便食品,15,3.0,1.9,0,180,供应商D,1,晴,10,正常,1,1
2026-08-01,P019,八宝粥,方便食品,6,6.0,4.1,0,365,供应商D,1,晴,10,正常,1,1
2026-08-01,P020,榨菜,方便食品,6,2.0,1.2,0,365,供应商D,1,晴,10,正常,1,1
2026-08-01,P021,面包,烘焙,12,6.0,3.8,0,5,供应商B,1,晴,10,正常,1,1
2026-08-01,P022,蛋糕,烘焙,8,8.0,5.2,0,4,供应商B,1,晴,10,正常,1,1
2026-08-01,P023,饼干,零食,10,7.0,4.4,0,270,供应商D,1,晴,10,正常,1,1
2026-08-01,P024,薯片,零食,11,6.0,3.8,0,180,供应商D,1,晴,10,正常,1,1
2026-08-01,P025,瓜子,零食,8,8.0,5.0,0,240,供应商D,1,晴,10,正常,1,1
2026-08-01,P026,花生,零食,5,7.0,4.3,0,240,供应商D,1,晴,10,正常,1,1
2026-08-01,P027,巧克力,零食,4,8.0,5.2,0,300,供应商D,2,晴,10,正常,1,1
2026-08-01,P028,棒棒糖,零食,8,1.0,0.5,0,365,供应商D,2,晴,10,正常,1,1
2026-08-01,P029,冰淇淋,冷饮,15,5.0,3.0,0,180,供应商A,1,晴,10,正常,1,1
2026-08-01,P030,雪糕,冷饮,15,3.0,1.7,0,180,供应商A,1,晴,10,正常,1,1
2026-08-01,P031,纸巾,日用品,9,5.0,3.2,1,1095,供应商E,2,晴,10,正常,1,1
2026-08-01,P032,卷纸,日用品,5,18.0,13.0,1,1095,供应商E,2,晴,10,正常,1,1
2026-08-01,P033,洗衣液,日用品,2,25.0,18.0,0,1095,供应商E,3,晴,10,正常,1,1
2026-08-01,P034,洗洁精,日用品,5,12.0,8.0,0,1095,供应商E,3,晴,10,正常,1,1
2026-08-01,P035,牙膏,日用品,4,12.0,8.5,0,1095,供应商E,3,晴,10,正常,1,1
2026-08-01,P036,牙刷,日用品,6,6.0,3.5,0,1095,供应商E,3,晴,10,正常,1,1
2026-08-01,P037,香皂,日用品,4,5.0,3.0,0,1095,供应商E,3,晴,10,正常,1,1
2026-08-01,P038,垃圾袋,日用品,4,8.0,5.0,0,1095,供应商E,3,晴,10,正常,1,1
2026-08-01,P039,电池,日用品,3,10.0,6.5,0,1095,供应商E,3,晴,10,正常,1,1
2026-08-01,P040,打火机,日用品,5,2.0,1.0,0,1095,供应商E,3,晴,10,正常,1,1
2026-08-01,P041,苹果,水果,10,8.0,5.0,0,10,供应商B,1,晴,10,正常,1,1
2026-08-01,P042,香蕉,水果,9,6.0,3.8,0,6,供应商B,1,晴,10,正常,1,1
2026-08-01,P043,橙子,水果,7,9.0,6.0,0,14,供应商B,1,晴,10,正常,1,1
2026-08-01,P044,西红柿,蔬菜,8,6.0,3.8,1,7,供应商B,1,晴,10,正常,1,1
2026-08-01,P045,土豆,蔬菜,9,5.0,3.0,1,30,供应商B,1,晴,10,正常,1,1
2026-08-01,P046,青菜,蔬菜,10,4.0,2.2,1,3,供应商B,1,晴,10,正常,1,1
2026-08-01,P047,火锅底料,调味,5,12.0,8.0,0,365,供应商C,2,晴,10,正常,1,1
2026-08-01,P048,速冻水饺,冷冻食品,6,18.0,12.5,0,180,供应商D,2,晴,10,正常,1,1
2026-08-01,P049,口罩10只,应急用品,5,10.0,6.0,1,1095,供应商E,3,晴,10,正常,1,1
2026-08-01,P050,创可贴,应急用品,2,5.0,2.8,1,1095,供应商E,3,晴,10,正常,1,1
2026-08-02,P001,矿泉水,饮料,20,2.0,1.1,1,365,供应商A,1,晴,7,正常,1,1
2026-08-02,P002,桶装水,饮料,6,8.0,5.2,1,365,供应商A,1,晴,7,正常,1,1
2026-08-02,P003,可乐,饮料,14,3.5,2.2,0,270,供应商A,1,晴,7,正常,1,1
2026-08-02,P004,雪碧,饮料,11,3.5,2.2,0,270,供应商A,1,晴,7,正常,1,1
2026-08-02,P005,橙汁,饮料,10,5.0,3.2,0,180,供应商A,2,晴,7,正常,1,1
2026-08-02,P006,牛奶,乳品,15,3.5,2.4,1,7,供应商B,1,晴,7,正常,1,1
2026-08-02,P007,酸奶,乳品,9,5.0,3.3,0,14,供应商B,1,晴,7,正常,1,1
2026-08-02,P008,鸡蛋,生鲜,12,12.0,8.5,1,20,供应商B,1,晴,7,正常,1,1
2026-08-02,P009,大米5kg,粮油,4,35.0,28.0,1,365,供应商C,2,晴,7,正常,1,1
2026-08-02,P010,食用油5L,粮油,5,65.0,53.0,1,540,供应商C,2,晴,7,正常,1,1
2026-08-02,P011,挂面,粮油,7,8.0,5.5,1,365,供应商C,2,晴,7,正常,1,1
2026-08-02,P012,面粉2.5kg,粮油,3,18.0,14.0,1,365,供应商C,2,晴,7,正常,1,1
2026-08-02,P013,食盐,调味,6,2.5,1.4,1,730,供应商C,2,晴,7,正常,1,1
2026-08-02,P014,酱油,调味,5,8.0,5.6,1,540,供应商C,2,晴,7,正常,1,1
2026-08-02,P015,食醋,调味,7,6.0,4.0,1,540,供应商C,2,晴,7,正常,1,1
2026-08-02,P016,方便面红烧,方便食品,15,5.0,3.4,1,180,供应商D,1,晴,7,正常,1,1
2026-08-02,P017,方便面香辣,方便食品,12,5.0,3.4,0,180,供应商D,1,晴,7,正常,1,1
2026-08-02,P018,火腿肠,方便食品,13,3.0,1.9,0,180,供应商D,1,晴,7,正常,1,1
2026-08-02,P019,八宝粥,方便食品,7,6.0,4.1,0,365,供应商D,1,晴,7,正常,1,1
2026-08-02,P020,榨菜,方便食品,6,2.0,1.2,0,365,供应商D,1,晴,7,正常,1,1
2026-08-02,P021,面包,烘焙,15,6.0,3.8,0,5,供应商B,1,晴,7,正常,1,1
2026-08-02,P022,蛋糕,烘焙,8,8.0,5.2,0,4,供应商B,1,晴,7,正常,1,1
2026-08-02,P023,饼干,零食,8,7.0,4.4,0,270,供应商D,1,晴,7,正常,1,1
2026-08-02,P024,薯片,零食,9,6.0,3.8,0,180,供应商D,1,晴,7,正常,1,1
2026-08-02,P025,瓜子,零食,4,8.0,5.0,0,240,供应商D,1,晴,7,正常,1,1
2026-08-02,P026,花生,零食,7,7.0,4.3,0,240,供应商D,1,晴,7,正常,1,1
2026-08-02,P027,巧克力,零食,5,8.0,5.2,0,300,供应商D,2,晴,7,正常,1,1
2026-08-02,P028,棒棒糖,零食,10,1.0,0.5,0,365,供应商D,2,晴,7,正常,1,1
2026-08-02,P029,冰淇淋,冷饮,11,5.0,3.0,0,180,供应商A,1,晴,7,正常,1,1
2026-08-02,P030,雪糕,冷饮,15,3.0,1.7,0,180,供应商A,1,晴,7,正常,1,1
2026-08-02,P031,纸巾,日用品,8,5.0,3.2,1,1095,供应商E,2,晴,7,正常,1,1
2026-08-02,P032,卷纸,日用品,5,18.0,13.0,1,1095,供应商E,2,晴,7,正常,1,1
2026-08-02,P033,洗衣液,日用品,3,25.0,18.0,0,1095,供应商E,3,晴,7,正常,1,1
2026-08-02,P034,洗洁精,日用品,5,12.0,8.0,0,1095,供应商E,3,晴,7,正常,1,1
2026-08-02,P035,牙膏,日用品,7,12.0,8.5,0,1095,供应商E,3,晴,7,正常,1,1
2026-08-02,P036,牙刷,日用品,4,6.0,3.5,0,1095,供应商E,3,晴,7,正常,1,1
2026-08-02,P037,香皂,日用品,6,5.0,3.0,0,1095,供应商E,3,晴,7,正常,1,1
2026-08-02,P038,垃圾袋,日用品,3,8.0,5.0,0,1095,供应商E,3,晴,7,正常,1,1
2026-08-02,P039,电池,日用品,1,10.0,6.5,0,1095,供应商E,3,晴,7,正常,1,1
2026-08-02,P040,打火机,日用品,5,2.0,1.0,0,1095,供应商E,3,晴,7,正常,1,1
2026-08-02,P041,苹果,水果,7,8.0,5.0,0,10,供应商B,1,晴,7,正常,1,1
2026-08-02,P042,香蕉,水果,10,6.0,3.8,0,6,供应商B,1,晴,7,正常,1,1
2026-08-02,P043,橙子,水果,6,9.0,6.0,0,14,供应商B,1,晴,7,正常,1,1
2026-08-02,P044,西红柿,蔬菜,6,6.0,3.8,1,7,供应商B,1,晴,7,正常,1,1
2026-08-02,P045,土豆,蔬菜,10,5.0,3.0,1,30,供应商B,1,晴,7,正常,1,1
2026-08-02,P046,青菜,蔬菜,10,4.0,2.2,1,3,供应商B,1,晴,7,正常,1,1
2026-08-02,P047,火锅底料,调味,2,12.0,8.0,0,365,供应商C,2,晴,7,正常,1,1
2026-08-02,P048,速冻水饺,冷冻食品,7,18.0,12.5,0,180,供应商D,2,晴,7,正常,1,1
2026-08-02,P049,口罩10只,应急用品,2,10.0,6.0,1,1095,供应商E,3,晴,7,正常,1,1
2026-08-02,P050,创可贴,应急用品,5,5.0,2.8,1,1095,供应商E,3,晴,7,正常,1,1
2026-08-03,P001,矿泉水,饮料,21,2.0,1.1,1,365,供应商A,1,晴,8,正常,0,1
2026-08-03,P002,桶装水,饮料,5,8.0,5.2,1,365,供应商A,1,晴,8,正常,0,1
2026-08-03,P003,可乐,饮料,17,3.5,2.2,0,270,供应商A,1,晴,8,正常,0,1
2026-08-03,P004,雪碧,饮料,14,3.5,2.2,0,270,供应商A,1,晴,8,正常,0,1
2026-08-03,P005,橙汁,饮料,9,5.0,3.2,0,180,供应商A,2,晴,8,正常,0,1
2026-08-03,P006,牛奶,乳品,14,3.5,2.4,1,7,供应商B,1,晴,8,正常,0,1
2026-08-03,P007,酸奶,乳品,10,5.0,3.3,0,14,供应商B,1,晴,8,正常,0,1
2026-08-03,P008,鸡蛋,生鲜,13,12.0,8.5,1,20,供应商B,1,晴,8,正常,0,1
2026-08-03,P009,大米5kg,粮油,4,35.0,28.0,1,365,供应商C,2,晴,8,正常,0,1
2026-08-03,P010,食用油5L,粮油,3,65.0,53.0,1,540,供应商C,2,晴,8,正常,0,1
2026-08-03,P011,挂面,粮油,5,8.0,5.5,1,365,供应商C,2,晴,8,正常,0,1
2026-08-03,P012,面粉2.5kg,粮油,5,18.0,14.0,1,365,供应商C,2,晴,8,正常,0,1
2026-08-03,P013,食盐,调味,5,2.5,1.4,1,730,供应商C,2,晴,8,正常,0,1
2026-08-03,P014,酱油,调味,5,8.0,5.6,1,540,供应商C,2,晴,8,正常,0,1
2026-08-03,P015,食醋,调味,6,6.0,4.0,1,540,供应商C,2,晴,8,正常,0,1
2026-08-03,P016,方便面红烧,方便食品,12,5.0,3.4,1,180,供应商D,1,晴,8,正常,0,1
2026-08-03,P017,方便面香辣,方便食品,13,5.0,3.4,0,180,供应商D,1,晴,8,正常,0,1
2026-08-03,P018,火腿肠,方便食品,10,3.0,1.9,0,180,供应商D,1,晴,8,正常,0,1
2026-08-03,P019,八宝粥,方便食品,7,6.0,4.1,0,365,供应商D,1,晴,8,正常,0,1
2026-08-03,P020,榨菜,方便食品,6,2.0,1.2,0,365,供应商D,1,晴,8,正常,0,1
2026-08-03,P021,面包,烘焙,9,6.0,3.8,0,5,供应商B,1,晴,8,正常,0,1
2026-08-03,P022,蛋糕,烘焙,7,8.0,5.2,0,4,供应商B,1,晴,8,正常,0,1
2026-08-03,P023,饼干,零食,9,7.0,4.4,0,270,供应商D,1,晴,8,正常,0,1
2026-08-03,P024,薯片,零食,11,6.0,3.8,0,180,供应商D,1,晴,8,正常,0,1
2026-08-03,P025,瓜子,零食,6,8.0,5.0,0,240,供应商D,1,晴,8,正常,0,1
2026-08-03,P026,花生,零食,3,7.0,4.3,0,240,供应商D,1,晴,8,正常,0,1
2026-08-03,P027,巧克力,零食,3,8.0,5.2,0,300,供应商D,2,晴,8,正常,0,1
2026-08-03,P028,棒棒糖,零食,12,1.0,0.5,0,365,供应商D,2,晴,8,正常,0,1
2026-08-03,P029,冰淇淋,冷饮,12,5.0,3.0,0,180,供应商A,1,晴,8,正常,0,1
2026-08-03,P030,雪糕,冷饮,21,3.0,1.7,0,180,供应商A,1,晴,8,正常,0,1
2026-08-03,P031,纸巾,日用品,7,5.0,3.2,1,1095,供应商E,2,晴,8,正常,0,1
2026-08-03,P032,卷纸,日用品,5,18.0,13.0,1,1095,供应商E,2,晴,8,正常,0,1
2026-08-03,P033,洗衣液,日用品,4,25.0,18.0,0,1095,供应商E,3,晴,8,正常,0,1
2026-08-03,P034,洗洁精,日用品,3,12.0,8.0,0,1095,供应商E,3,晴,8,正常,0,1
2026-08-03,P035,牙膏,日用品,6,12.0,8.5,0,1095,供应商E,3,晴,8,正常,0,1
2026-08-03,P036,牙刷,日用品,4,6.0,3.5,0,1095,供应商E,3,晴,8,正常,0,1
2026-08-03,P037,香皂,日用品,5,5.0,3.0,0,1095,供应商E,3,晴,8,正常,0,1
2026-08-03,P038,垃圾袋,日用品,4,8.0,5.0,0,1095,供应商E,3,晴,8,正常,0,1
2026-08-03,P039,电池,日用品,4,10.0,6.5,0,1095,供应商E,3,晴,8,正常,0,1
2026-08-03,P040,打火机,日用品,7,2.0,1.0,0,1095,供应商E,3,晴,8,正常,0,1
2026-08-03,P041,苹果,水果,8,8.0,5.0,0,10,供应商B,1,晴,8,正常,0,1
2026-08-03,P042,香蕉,水果,11,6.0,3.8,0,6,供应商B,1,晴,8,正常,0,1
2026-08-03,P043,橙子,水果,5,9.0,6.0,0,14,供应商B,1,晴,8,正常,0,1
2026-08-03,P044,西红柿,蔬菜,9,6.0,3.8,1,7,供应商B,1,晴,8,正常,0,1
2026-08-03,P045,土豆,蔬菜,8,5.0,3.0,1,30,供应商B,1,晴,8,正常,0,1
2026-08-03,P046,青菜,蔬菜,8,4.0,2.2,1,3,供应商B,1,晴,8,正常,0,1
2026-08-03,P047,火锅底料,调味,4,12.0,8.0,0,365,供应商C,2,晴,8,正常,0,1
2026-08-03,P048,速冻水饺,冷冻食品,5,18.0,12.5,0,180,供应商D,2,晴,8,正常,0,1
2026-08-03,P049,口罩10只,应急用品,2,10.0,6.0,1,1095,供应商E,3,晴,8,正常,0,1
2026-08-03,P050,创可贴,应急用品,3,5.0,2.8,1,1095,供应商E,3,晴,8,正常,0,1
2026-08-04,P001,矿泉水,饮料,25,2.0,1.1,1,365,供应商A,1,晴,8,正常,0,1
2026-08-04,P002,桶装水,饮料,6,8.0,5.2,1,365,供应商A,1,晴,8,正常,0,1
2026-08-04,P003,可乐,饮料,16,3.5,2.2,0,270,供应商A,1,晴,8,正常,0,1
2026-08-04,P004,雪碧,饮料,13,3.5,2.2,0,270,供应商A,1,晴,8,正常,0,1
2026-08-04,P005,橙汁,饮料,8,5.0,3.2,0,180,供应商A,2,晴,8,正常,0,1
2026-08-04,P006,牛奶,乳品,14,3.5,2.4,1,7,供应商B,1,晴,8,正常,0,1
2026-08-04,P007,酸奶,乳品,8,5.0,3.3,0,14,供应商B,1,晴,8,正常,0,1
2026-08-04,P008,鸡蛋,生鲜,17,12.0,8.5,1,20,供应商B,1,晴,8,正常,0,1
2026-08-04,P009,大米5kg,粮油,2,35.0,28.0,1,365,供应商C,2,晴,8,正常,0,1
2026-08-04,P010,食用油5L,粮油,2,65.0,53.0,1,540,供应商C,2,晴,8,正常,0,1
2026-08-04,P011,挂面,粮油,6,8.0,5.5,1,365,供应商C,2,晴,8,正常,0,1
2026-08-04,P012,面粉2.5kg,粮油,6,18.0,14.0,1,365,供应商C,2,晴,8,正常,0,1
2026-08-04,P013,食盐,调味,3,2.5,1.4,1,730,供应商C,2,晴,8,正常,0,1
2026-08-04,P014,酱油,调味,6,8.0,5.6,1,540,供应商C,2,晴,8,正常,0,1
2026-08-04,P015,食醋,调味,4,6.0,4.0,1,540,供应商C,2,晴,8,正常,0,1
2026-08-04,P016,方便面红烧,方便食品,16,5.0,3.4,1,180,供应商D,1,晴,8,正常,0,1
2026-08-04,P017,方便面香辣,方便食品,12,5.0,3.4,0,180,供应商D,1,晴,8,正常,0,1
2026-08-04,P018,火腿肠,方便食品,12,3.0,1.9,0,180,供应商D,1,晴,8,正常,0,1
2026-08-04,P019,八宝粥,方便食品,6,6.0,4.1,0,365,供应商D,1,晴,8,正常,0,1
2026-08-04,P020,榨菜,方便食品,6,2.0,1.2,0,365,供应商D,1,晴,8,正常,0,1
2026-08-04,P021,面包,烘焙,8,6.0,3.8,0,5,供应商B,1,晴,8,正常,0,1
2026-08-04,P022,蛋糕,烘焙,7,8.0,5.2,0,4,供应商B,1,晴,8,正常,0,1
2026-08-04,P023,饼干,零食,8,7.0,4.4,0,270,供应商D,1,晴,8,正常,0,1
2026-08-04,P024,薯片,零食,10,6.0,3.8,0,180,供应商D,1,晴,8,正常,0,1
2026-08-04,P025,瓜子,零食,4,8.0,5.0,0,240,供应商D,1,晴,8,正常,0,1
2026-08-04,P026,花生,零食,6,7.0,4.3,0,240,供应商D,1,晴,8,正常,0,1
2026-08-04,P027,巧克力,零食,3,8.0,5.2,0,300,供应商D,2,晴,8,正常,0,1
2026-08-04,P028,棒棒糖,零食,9,1.0,0.5,0,365,供应商D,2,晴,8,正常,0,1
2026-08-04,P029,冰淇淋,冷饮,11,5.0,3.0,0,180,供应商A,1,晴,8,正常,0,1
2026-08-04,P030,雪糕,冷饮,15,3.0,1.7,0,180,供应商A,1,晴,8,正常,0,1
2026-08-04,P031,纸巾,日用品,9,5.0,3.2,1,1095,供应商E,2,晴,8,正常,0,1
2026-08-04,P032,卷纸,日用品,6,18.0,13.0,1,1095,供应商E,2,晴,8,正常,0,1
2026-08-04,P033,洗衣液,日用品,4,25.0,18.0,0,1095,供应商E,3,晴,8,正常,0,1
2026-08-04,P034,洗洁精,日用品,6,12.0,8.0,0,1095,供应商E,3,晴,8,正常,0,1
2026-08-04,P035,牙膏,日用品,3,12.0,8.5,0,1095,供应商E,3,晴,8,正常,0,1
2026-08-04,P036,牙刷,日用品,6,6.0,3.5,0,1095,供应商E,3,晴,8,正常,0,1
2026-08-04,P037,香皂,日用品,2,5.0,3.0,0,1095,供应商E,3,晴,8,正常,0,1
2026-08-04,P038,垃圾袋,日用品,5,8.0,5.0,0,1095,供应商E,3,晴,8,正常,0,1
2026-08-04,P039,电池,日用品,2,10.0,6.5,0,1095,供应商E,3,晴,8,正常,0,1
2026-08-04,P040,打火机,日用品,4,2.0,1.0,0,1095,供应商E,3,晴,8,正常,0,1
2026-08-04,P041,苹果,水果,9,8.0,5.0,0,10,供应商B,1,晴,8,正常,0,1
2026-08-04,P042,香蕉,水果,10,6.0,3.8,0,6,供应商B,1,晴,8,正常,0,1
2026-08-04,P043,橙子,水果,7,9.0,6.0,0,14,供应商B,1,晴,8,正常,0,1
2026-08-04,P044,西红柿,蔬菜,8,6.0,3.8,1,7,供应商B,1,晴,8,正常,0,1
2026-08-04,P045,土豆,蔬菜,7,5.0,3.0,1,30,供应商B,1,晴,8,正常,0,1
2026-08-04,P046,青菜,蔬菜,11,4.0,2.2,1,3,供应商B,1,晴,8,正常,0,1
2026-08-04,P047,火锅底料,调味,4,12.0,8.0,0,365,供应商C,2,晴,8,正常,0,1
2026-08-04,P048,速冻水饺,冷冻食品,6,18.0,12.5,0,180,供应商D,2,晴,8,正常,0,1
2026-08-04,P049,口罩10只,应急用品,3,10.0,6.0,1,1095,供应商E,3,晴,8,正常,0,1
2026-08-04,P050,创可贴,应急用品,4,5.0,2.8,1,1095,供应商E,3,晴,8,正常,0,1
2026-08-05,P001,矿泉水,饮料,18,2.0,1.1,1,365,供应商A,1,晴,17,正常,0,1
2026-08-05,P002,桶装水,饮料,6,8.0,5.2,1,365,供应商A,1,晴,17,正常,0,1
2026-08-05,P003,可乐,饮料,12,3.5,2.2,0,270,供应商A,1,晴,17,正常,0,1
2026-08-05,P004,雪碧,饮料,14,3.5,2.2,0,270,供应商A,1,晴,17,正常,0,1
2026-08-05,P005,橙汁,饮料,10,5.0,3.2,0,180,供应商A,2,晴,17,正常,0,1
2026-08-05,P006,牛奶,乳品,13,3.5,2.4,1,7,供应商B,1,晴,17,正常,0,1
2026-08-05,P007,酸奶,乳品,9,5.0,3.3,0,14,供应商B,1,晴,17,正常,0,1
2026-08-05,P008,鸡蛋,生鲜,13,12.0,8.5,1,20,供应商B,1,晴,17,正常,0,1
2026-08-05,P009,大米5kg,粮油,2,35.0,28.0,1,365,供应商C,2,晴,17,正常,0,1
2026-08-05,P010,食用油5L,粮油,2,65.0,53.0,1,540,供应商C,2,晴,17,正常,0,1
2026-08-05,P011,挂面,粮油,7,8.0,5.5,1,365,供应商C,2,晴,17,正常,0,1
2026-08-05,P012,面粉2.5kg,粮油,1,18.0,14.0,1,365,供应商C,2,晴,17,正常,0,1
2026-08-05,P013,食盐,调味,4,2.5,1.4,1,730,供应商C,2,晴,17,正常,0,1
2026-08-05,P014,酱油,调味,6,8.0,5.6,1,540,供应商C,2,晴,17,正常,0,1
2026-08-05,P015,食醋,调味,5,6.0,4.0,1,540,供应商C,2,晴,17,正常,0,1
2026-08-05,P016,方便面红烧,方便食品,16,5.0,3.4,1,180,供应商D,1,晴,17,正常,0,1
2026-08-05,P017,方便面香辣,方便食品,11,5.0,3.4,0,180,供应商D,1,晴,17,正常,0,1
2026-08-05,P018,火腿肠,方便食品,10,3.0,1.9,0,180,供应商D,1,晴,17,正常,0,1
2026-08-05,P019,八宝粥,方便食品,8,6.0,4.1,0,365,供应商D,1,晴,17,正常,0,1
2026-08-05,P020,榨菜,方便食品,6,2.0,1.2,0,365,供应商D,1,晴,17,正常,0,1
2026-08-05,P021,面包,烘焙,12,6.0,3.8,0,5,供应商B,1,晴,17,正常,0,1
2026-08-05,P022,蛋糕,烘焙,6,8.0,5.2,0,4,供应商B,1,晴,17,正常,0,1
2026-08-05,P023,饼干,零食,11,7.0,4.4,0,270,供应商D,1,晴,17,正常,0,1
2026-08-05,P024,薯片,零食,12,6.0,3.8,0,180,供应商D,1,晴,17,正常,0,1
2026-08-05,P025,瓜子,零食,8,8.0,5.0,0,240,供应商D,1,晴,17,正常,0,1
2026-08-05,P026,花生,零食,6,7.0,4.3,0,240,供应商D,1,晴,17,正常,0,1
2026-08-05,P027,巧克力,零食,4,8.0,5.2,0,300,供应商D,2,晴,17,正常,0,1
2026-08-05,P028,棒棒糖,零食,11,1.0,0.5,0,365,供应商D,2,晴,17,正常,0,1
2026-08-05,P029,冰淇淋,冷饮,15,5.0,3.0,0,180,供应商A,1,晴,17,正常,0,1
2026-08-05,P030,雪糕,冷饮,18,3.0,1.7,0,180,供应商A,1,晴,17,正常,0,1
2026-08-05,P031,纸巾,日用品,7,5.0,3.2,1,1095,供应商E,2,晴,17,正常,0,1
2026-08-05,P032,卷纸,日用品,6,18.0,13.0,1,1095,供应商E,2,晴,17,正常,0,1
2026-08-05,P033,洗衣液,日用品,2,25.0,18.0,0,1095,供应商E,3,晴,17,正常,0,1
2026-08-05,P034,洗洁精,日用品,5,12.0,8.0,0,1095,供应商E,3,晴,17,正常,0,1
2026-08-05,P035,牙膏,日用品,6,12.0,8.5,0,1095,供应商E,3,晴,17,正常,0,1
2026-08-05,P036,牙刷,日用品,6,6.0,3.5,0,1095,供应商E,3,晴,17,正常,0,1
2026-08-05,P037,香皂,日用品,5,5.0,3.0,0,1095,供应商E,3,晴,17,正常,0,1
2026-08-05,P038,垃圾袋,日用品,2,8.0,5.0,0,1095,供应商E,3,晴,17,正常,0,1
2026-08-05,P039,电池,日用品,3,10.0,6.5,0,1095,供应商E,3,晴,17,正常,0,1
2026-08-05,P040,打火机,日用品,8,2.0,1.0,0,1095,供应商E,3,晴,17,正常,0,1
2026-08-05,P041,苹果,水果,7,8.0,5.0,0,10,供应商B,1,晴,17,正常,0,1
2026-08-05,P042,香蕉,水果,9,6.0,3.8,0,6,供应商B,1,晴,17,正常,0,1
2026-08-05,P043,橙子,水果,8,9.0,6.0,0,14,供应商B,1,晴,17,正常,0,1
2026-08-05,P044,西红柿,蔬菜,9,6.0,3.8,1,7,供应商B,1,晴,17,正常,0,1
2026-08-05,P045,土豆,蔬菜,10,5.0,3.0,1,30,供应商B,1,晴,17,正常,0,1
2026-08-05,P046,青菜,蔬菜,9,4.0,2.2,1,3,供应商B,1,晴,17,正常,0,1
2026-08-05,P047,火锅底料,调味,3,12.0,8.0,0,365,供应商C,2,晴,17,正常,0,1
2026-08-05,P048,速冻水饺,冷冻食品,6,18.0,12.5,0,180,供应商D,2,晴,17,正常,0,1
2026-08-05,P049,口罩10只,应急用品,2,10.0,6.0,1,1095,供应商E,3,晴,17,正常,0,1
2026-08-05,P050,创可贴,应急用品,3,5.0,2.8,1,1095,供应商E,3,晴,17,正常,0,1
2026-08-06,P001,矿泉水,饮料,24,2.0,1.1,1,365,供应商A,1,晴,8,正常,0,1
2026-08-06,P002,桶装水,饮料,7,8.0,5.2,1,365,供应商A,1,晴,8,正常,0,1
2026-08-06,P003,可乐,饮料,18,3.5,2.2,0,270,供应商A,1,晴,8,正常,0,1
2026-08-06,P004,雪碧,饮料,14,3.5,2.2,0,270,供应商A,1,晴,8,正常,0,1
2026-08-06,P005,橙汁,饮料,7,5.0,3.2,0,180,供应商A,2,晴,8,正常,0,1
2026-08-06,P006,牛奶,乳品,17,3.5,2.4,1,7,供应商B,1,晴,8,正常,0,1
2026-08-06,P007,酸奶,乳品,15,5.0,3.3,0,14,供应商B,1,晴,8,正常,0,1
2026-08-06,P008,鸡蛋,生鲜,13,12.0,8.5,1,20,供应商B,1,晴,8,正常,0,1
2026-08-06,P009,大米5kg,粮油,4,35.0,28.0,1,365,供应商C,2,晴,8,正常,0,1
2026-08-06,P010,食用油5L,粮油,1,65.0,53.0,1,540,供应商C,2,晴,8,正常,0,1
2026-08-06,P011,挂面,粮油,6,8.0,5.5,1,365,供应商C,2,晴,8,正常,0,1
2026-08-06,P012,面粉2.5kg,粮油,4,18.0,14.0,1,365,供应商C,2,晴,8,正常,0,1
2026-08-06,P013,食盐,调味,4,2.5,1.4,1,730,供应商C,2,晴,8,正常,0,1
2026-08-06,P014,酱油,调味,5,8.0,5.6,1,540,供应商C,2,晴,8,正常,0,1
2026-08-06,P015,食醋,调味,6,6.0,4.0,1,540,供应商C,2,晴,8,正常,0,1
2026-08-06,P016,方便面红烧,方便食品,18,5.0,3.4,1,180,供应商D,1,晴,8,正常,0,1
2026-08-06,P017,方便面香辣,方便食品,10,5.0,3.4,0,180,供应商D,1,晴,8,正常,0,1
2026-08-06,P018,火腿肠,方便食品,8,3.0,1.9,0,180,供应商D,1,晴,8,正常,0,1
2026-08-06,P019,八宝粥,方便食品,9,6.0,4.1,0,365,供应商D,1,晴,8,正常,0,1
2026-08-06,P020,榨菜,方便食品,6,2.0,1.2,0,365,供应商D,1,晴,8,正常,0,1
2026-08-06,P021,面包,烘焙,9,6.0,3.8,0,5,供应商B,1,晴,8,正常,0,1
2026-08-06,P022,蛋糕,烘焙,8,8.0,5.2,0,4,供应商B,1,晴,8,正常,0,1
2026-08-06,P023,饼干,零食,10,7.0,4.4,0,270,供应商D,1,晴,8,正常,0,1
2026-08-06,P024,薯片,零食,6,6.0,3.8,0,180,供应商D,1,晴,8,正常,0,1
2026-08-06,P025,瓜子,零食,5,8.0,5.0,0,240,供应商D,1,晴,8,正常,0,1
2026-08-06,P026,花生,零食,6,7.0,4.3,0,240,供应商D,1,晴,8,正常,0,1
2026-08-06,P027,巧克力,零食,6,8.0,5.2,0,300,供应商D,2,晴,8,正常,0,1
2026-08-06,P028,棒棒糖,零食,8,1.0,0.5,0,365,供应商D,2,晴,8,正常,0,1
2026-08-06,P029,冰淇淋,冷饮,12,5.0,3.0,0,180,供应商A,1,晴,8,正常,0,1
2026-08-06,P030,雪糕,冷饮,19,3.0,1.7,0,180,供应商A,1,晴,8,正常,0,1
2026-08-06,P031,纸巾,日用品,7,5.0,3.2,1,1095,供应商E,2,晴,8,正常,0,1
2026-08-06,P032,卷纸,日用品,6,18.0,13.0,1,1095,供应商E,2,晴,8,正常,0,1
2026-08-06,P033,洗衣液,日用品,2,25.0,18.0,0,1095,供应商E,3,晴,8,正常,0,1
2026-08-06,P034,洗洁精,日用品,2,12.0,8.0,0,1095,供应商E,3,晴,8,正常,0,1
2026-08-06,P035,牙膏,日用品,5,12.0,8.5,0,1095,供应商E,3,晴,8,正常,0,1
2026-08-06,P036,牙刷,日用品,4,6.0,3.5,0,1095,供应商E,3,晴,8,正常,0,1
2026-08-06,P037,香皂,日用品,5,5.0,3.0,0,1095,供应商E,3,晴,8,正常,0,1
2026-08-06,P038,垃圾袋,日用品,3,8.0,5.0,0,1095,供应商E,3,晴,8,正常,0,1
2026-08-06,P039,电池,日用品,2,10.0,6.5,0,1095,供应商E,3,晴,8,正常,0,1
2026-08-06,P040,打火机,日用品,7,2.0,1.0,0,1095,供应商E,3,晴,8,正常,0,1
2026-08-06,P041,苹果,水果,6,8.0,5.0,0,10,供应商B,1,晴,8,正常,0,1
2026-08-06,P042,香蕉,水果,11,6.0,3.8,0,6,供应商B,1,晴,8,正常,0,1
2026-08-06,P043,橙子,水果,8,9.0,6.0,0,14,供应商B,1,晴,8,正常,0,1
2026-08-06,P044,西红柿,蔬菜,9,6.0,3.8,1,7,供应商B,1,晴,8,正常,0,1
2026-08-06,P045,土豆,蔬菜,6,5.0,3.0,1,30,供应商B,1,晴,8,正常,0,1
2026-08-06,P046,青菜,蔬菜,9,4.0,2.2,1,3,供应商B,1,晴,8,正常,0,1
2026-08-06,P047,火锅底料,调味,4,12.0,8.0,0,365,供应商C,2,晴,8,正常,0,1
2026-08-06,P048,速冻水饺,冷冻食品,3,18.0,12.5,0,180,供应商D,2,晴,8,正常,0,1
2026-08-06,P049,口罩10只,应急用品,2,10.0,6.0,1,1095,供应商E,3,晴,8,正常,0,1
2026-08-06,P050,创可贴,应急用品,4,5.0,2.8,1,1095,供应商E,3,晴,8,正常,0,1
2026-08-07,P001,矿泉水,饮料,26,2.0,1.1,1,365,供应商A,1,晴,13,正常,0,1
2026-08-07,P002,桶装水,饮料,5,8.0,5.2,1,365,供应商A,1,晴,13,正常,0,1
2026-08-07,P003,可乐,饮料,18,3.5,2.2,0,270,供应商A,1,晴,13,正常,0,1
2026-08-07,P004,雪碧,饮料,14,3.5,2.2,0,270,供应商A,1,晴,13,正常,0,1
2026-08-07,P005,橙汁,饮料,10,5.0,3.2,0,180,供应商A,2,晴,13,正常,0,1
2026-08-07,P006,牛奶,乳品,15,3.5,2.4,1,7,供应商B,1,晴,13,正常,0,1
2026-08-07,P007,酸奶,乳品,11,5.0,3.3,0,14,供应商B,1,晴,13,正常,0,1
2026-08-07,P008,鸡蛋,生鲜,13,12.0,8.5,1,20,供应商B,1,晴,13,正常,0,1
2026-08-07,P009,大米5kg,粮油,5,35.0,28.0,1,365,供应商C,2,晴,13,正常,0,1
2026-08-07,P010,食用油5L,粮油,1,65.0,53.0,1,540,供应商C,2,晴,13,正常,0,1
2026-08-07,P011,挂面,粮油,7,8.0,5.5,1,365,供应商C,2,晴,13,正常,0,1
2026-08-07,P012,面粉2.5kg,粮油,4,18.0,14.0,1,365,供应商C,2,晴,13,正常,0,1
2026-08-07,P013,食盐,调味,5,2.5,1.4,1,730,供应商C,2,晴,13,正常,0,1
2026-08-07,P014,酱油,调味,6,8.0,5.6,1,540,供应商C,2,晴,13,正常,0,1
2026-08-07,P015,食醋,调味,5,6.0,4.0,1,540,供应商C,2,晴,13,正常,0,1
2026-08-07,P016,方便面红烧,方便食品,16,5.0,3.4,1,180,供应商D,1,晴,13,正常,0,1
2026-08-07,P017,方便面香辣,方便食品,10,5.0,3.4,0,180,供应商D,1,晴,13,正常,0,1
2026-08-07,P018,火腿肠,方便食品,9,3.0,1.9,0,180,供应商D,1,晴,13,正常,0,1
2026-08-07,P019,八宝粥,方便食品,8,6.0,4.1,0,365,供应商D,1,晴,13,正常,0,1
2026-08-07,P020,榨菜,方便食品,6,2.0,1.2,0,365,供应商D,1,晴,13,正常,0,1
2026-08-07,P021,面包,烘焙,10,6.0,3.8,0,5,供应商B,1,晴,13,正常,0,1
2026-08-07,P022,蛋糕,烘焙,7,8.0,5.2,0,4,供应商B,1,晴,13,正常,0,1
2026-08-07,P023,饼干,零食,6,7.0,4.4,0,270,供应商D,1,晴,13,正常,0,1
2026-08-07,P024,薯片,零食,10,6.0,3.8,0,180,供应商D,1,晴,13,正常,0,1
2026-08-07,P025,瓜子,零食,6,8.0,5.0,0,240,供应商D,1,晴,13,正常,0,1
2026-08-07,P026,花生,零食,5,7.0,4.3,0,240,供应商D,1,晴,13,正常,0,1
2026-08-07,P027,巧克力,零食,7,8.0,5.2,0,300,供应商D,2,晴,13,正常,0,1
2026-08-07,P028,棒棒糖,零食,7,1.0,0.5,0,365,供应商D,2,晴,13,正常,0,1
2026-08-07,P029,冰淇淋,冷饮,16,5.0,3.0,0,180,供应商A,1,晴,13,正常,0,1
2026-08-07,P030,雪糕,冷饮,23,3.0,1.7,0,180,供应商A,1,晴,13,正常,0,1
2026-08-07,P031,纸巾,日用品,9,5.0,3.2,1,1095,供应商E,2,晴,13,正常,0,1
2026-08-07,P032,卷纸,日用品,5,18.0,13.0,1,1095,供应商E,2,晴,13,正常,0,1
2026-08-07,P033,洗衣液,日用品,2,25.0,18.0,0,1095,供应商E,3,晴,13,正常,0,1
2026-08-07,P034,洗洁精,日用品,2,12.0,8.0,0,1095,供应商E,3,晴,13,正常,0,1
2026-08-07,P035,牙膏,日用品,4,12.0,8.5,0,1095,供应商E,3,晴,13,正常,0,1
2026-08-07,P036,牙刷,日用品,3,6.0,3.5,0,1095,供应商E,3,晴,13,正常,0,1
2026-08-07,P037,香皂,日用品,3,5.0,3.0,0,1095,供应商E,3,晴,13,正常,0,1
2026-08-07,P038,垃圾袋,日用品,4,8.0,5.0,0,1095,供应商E,3,晴,13,正常,0,1
2026-08-07,P039,电池,日用品,3,10.0,6.5,0,1095,供应商E,3,晴,13,正常,0,1
2026-08-07,P040,打火机,日用品,6,2.0,1.0,0,1095,供应商E,3,晴,13,正常,0,1
2026-08-07,P041,苹果,水果,6,8.0,5.0,0,10,供应商B,1,晴,13,正常,0,1
2026-08-07,P042,香蕉,水果,8,6.0,3.8,0,6,供应商B,1,晴,13,正常,0,1
2026-08-07,P043,橙子,水果,6,9.0,6.0,0,14,供应商B,1,晴,13,正常,0,1
2026-08-07,P044,西红柿,蔬菜,8,6.0,3.8,1,7,供应商B,1,晴,13,正常,0,1
2026-08-07,P045,土豆,蔬菜,9,5.0,3.0,1,30,供应商B,1,晴,13,正常,0,1
2026-08-07,P046,青菜,蔬菜,10,4.0,2.2,1,3,供应商B,1,晴,13,正常,0,1
2026-08-07,P047,火锅底料,调味,2,12.0,8.0,0,365,供应商C,2,晴,13,正常,0,1
2026-08-07,P048,速冻水饺,冷冻食品,6,18.0,12.5,0,180,供应商D,2,晴,13,正常,0,1
2026-08-07,P049,口罩10只,应急用品,4,10.0,6.0,1,1095,供应商E,3,晴,13,正常,0,1
2026-08-07,P050,创可贴,应急用品,3,5.0,2.8,1,1095,供应商E,3,晴,13,正常,0,1
2026-08-08,P001,矿泉水,饮料,21,2.0,1.1,1,365,供应商A,1,晴,7,正常,1,1
2026-08-08,P002,桶装水,饮料,9,8.0,5.2,1,365,供应商A,1,晴,7,正常,1,1
2026-08-08,P003,可乐,饮料,15,3.5,2.2,0,270,供应商A,1,晴,7,正常,1,1
2026-08-08,P004,雪碧,饮料,16,3.5,2.2,0,270,供应商A,1,晴,7,正常,1,1
2026-08-08,P005,橙汁,饮料,9,5.0,3.2,0,180,供应商A,2,晴,7,正常,1,1
2026-08-08,P006,牛奶,乳品,17,3.5,2.4,1,7,供应商B,1,晴,7,正常,1,1
2026-08-08,P007,酸奶,乳品,13,5.0,3.3,0,14,供应商B,1,晴,7,正常,1,1
2026-08-08,P008,鸡蛋,生鲜,14,12.0,8.5,1,20,供应商B,1,晴,7,正常,1,1
2026-08-08,P009,大米5kg,粮油,4,35.0,28.0,1,365,供应商C,2,晴,7,正常,1,1
2026-08-08,P010,食用油5L,粮油,5,65.0,53.0,1,540,供应商C,2,晴,7,正常,1,1
2026-08-08,P011,挂面,粮油,7,8.0,5.5,1,365,供应商C,2,晴,7,正常,1,1
2026-08-08,P012,面粉2.5kg,粮油,5,18.0,14.0,1,365,供应商C,2,晴,7,正常,1,1
2026-08-08,P013,食盐,调味,4,2.5,1.4,1,730,供应商C,2,晴,7,正常,1,1
2026-08-08,P014,酱油,调味,4,8.0,5.6,1,540,供应商C,2,晴,7,正常,1,1
2026-08-08,P015,食醋,调味,4,6.0,4.0,1,540,供应商C,2,晴,7,正常,1,1
2026-08-08,P016,方便面红烧,方便食品,17,5.0,3.4,1,180,供应商D,1,晴,7,正常,1,1
2026-08-08,P017,方便面香辣,方便食品,8,5.0,3.4,0,180,供应商D,1,晴,7,正常,1,1
2026-08-08,P018,火腿肠,方便食品,12,3.0,1.9,0,180,供应商D,1,晴,7,正常,1,1
2026-08-08,P019,八宝粥,方便食品,7,6.0,4.1,0,365,供应商D,1,晴,7,正常,1,1
2026-08-08,P020,榨菜,方便食品,8,2.0,1.2,0,365,供应商D,1,晴,7,正常,1,1
2026-08-08,P021,面包,烘焙,12,6.0,3.8,0,5,供应商B,1,晴,7,正常,1,1
2026-08-08,P022,蛋糕,烘焙,6,8.0,5.2,0,4,供应商B,1,晴,7,正常,1,1
2026-08-08,P023,饼干,零食,10,7.0,4.4,0,270,供应商D,1,晴,7,正常,1,1
2026-08-08,P024,薯片,零食,9,6.0,3.8,0,180,供应商D,1,晴,7,正常,1,1
2026-08-08,P025,瓜子,零食,8,8.0,5.0,0,240,供应商D,1,晴,7,正常,1,1
2026-08-08,P026,花生,零食,7,7.0,4.3,0,240,供应商D,1,晴,7,正常,1,1
2026-08-08,P027,巧克力,零食,5,8.0,5.2,0,300,供应商D,2,晴,7,正常,1,1
2026-08-08,P028,棒棒糖,零食,11,1.0,0.5,0,365,供应商D,2,晴,7,正常,1,1
2026-08-08,P029,冰淇淋,冷饮,13,5.0,3.0,0,180,供应商A,1,晴,7,正常,1,1
2026-08-08,P030,雪糕,冷饮,15,3.0,1.7,0,180,供应商A,1,晴,7,正常,1,1
2026-08-08,P031,纸巾,日用品,9,5.0,3.2,1,1095,供应商E,2,晴,7,正常,1,1
2026-08-08,P032,卷纸,日用品,4,18.0,13.0,1,1095,供应商E,2,晴,7,正常,1,1
2026-08-08,P033,洗衣液,日用品,2,25.0,18.0,0,1095,供应商E,3,晴,7,正常,1,1
2026-08-08,P034,洗洁精,日用品,5,12.0,8.0,0,1095,供应商E,3,晴,7,正常,1,1
2026-08-08,P035,牙膏,日用品,5,12.0,8.5,0,1095,供应商E,3,晴,7,正常,1,1
2026-08-08,P036,牙刷,日用品,3,6.0,3.5,0,1095,供应商E,3,晴,7,正常,1,1
2026-08-08,P037,香皂,日用品,4,5.0,3.0,0,1095,供应商E,3,晴,7,正常,1,1
2026-08-08,P038,垃圾袋,日用品,3,8.0,5.0,0,1095,供应商E,3,晴,7,正常,1,1
2026-08-08,P039,电池,日用品,5,10.0,6.5,0,1095,供应商E,3,晴,7,正常,1,1
2026-08-08,P040,打火机,日用品,7,2.0,1.0,0,1095,供应商E,3,晴,7,正常,1,1
2026-08-08,P041,苹果,水果,8,8.0,5.0,0,10,供应商B,1,晴,7,正常,1,1
2026-08-08,P042,香蕉,水果,11,6.0,3.8,0,6,供应商B,1,晴,7,正常,1,1
2026-08-08,P043,橙子,水果,5,9.0,6.0,0,14,供应商B,1,晴,7,正常,1,1
2026-08-08,P044,西红柿,蔬菜,8,6.0,3.8,1,7,供应商B,1,晴,7,正常,1,1
2026-08-08,P045,土豆,蔬菜,8,5.0,3.0,1,30,供应商B,1,晴,7,正常,1,1
2026-08-08,P046,青菜,蔬菜,12,4.0,2.2,1,3,供应商B,1,晴,7,正常,1,1
2026-08-08,P047,火锅底料,调味,4,12.0,8.0,0,365,供应商C,2,晴,7,正常,1,1
2026-08-08,P048,速冻水饺,冷冻食品,6,18.0,12.5,0,180,供应商D,2,晴,7,正常,1,1
2026-08-08,P049,口罩10只,应急用品,3,10.0,6.0,1,1095,供应商E,3,晴,7,正常,1,1
2026-08-08,P050,创可贴,应急用品,3,5.0,2.8,1,1095,供应商E,3,晴,7,正常,1,1
2026-08-09,P001,矿泉水,饮料,25,2.0,1.1,1,365,供应商A,1,晴,13,正常,1,1
2026-08-09,P002,桶装水,饮料,6,8.0,5.2,1,365,供应商A,1,晴,13,正常,1,1
2026-08-09,P003,可乐,饮料,18,3.5,2.2,0,270,供应商A,1,晴,13,正常,1,1
2026-08-09,P004,雪碧,饮料,15,3.5,2.2,0,270,供应商A,1,晴,13,正常,1,1
2026-08-09,P005,橙汁,饮料,9,5.0,3.2,0,180,供应商A,2,晴,13,正常,1,1
2026-08-09,P006,牛奶,乳品,12,3.5,2.4,1,7,供应商B,1,晴,13,正常,1,1
2026-08-09,P007,酸奶,乳品,8,5.0,3.3,0,14,供应商B,1,晴,13,正常,1,1
2026-08-09,P008,鸡蛋,生鲜,14,12.0,8.5,1,20,供应商B,1,晴,13,正常,1,1
2026-08-09,P009,大米5kg,粮油,6,35.0,28.0,1,365,供应商C,2,晴,13,正常,1,1
2026-08-09,P010,食用油5L,粮油,3,65.0,53.0,1,540,供应商C,2,晴,13,正常,1,1
2026-08-09,P011,挂面,粮油,7,8.0,5.5,1,365,供应商C,2,晴,13,正常,1,1
2026-08-09,P012,面粉2.5kg,粮油,5,18.0,14.0,1,365,供应商C,2,晴,13,正常,1,1
2026-08-09,P013,食盐,调味,4,2.5,1.4,1,730,供应商C,2,晴,13,正常,1,1
2026-08-09,P014,酱油,调味,7,8.0,5.6,1,540,供应商C,2,晴,13,正常,1,1
2026-08-09,P015,食醋,调味,5,6.0,4.0,1,540,供应商C,2,晴,13,正常,1,1
2026-08-09,P016,方便面红烧,方便食品,15,5.0,3.4,1,180,供应商D,1,晴,13,正常,1,1
2026-08-09,P017,方便面香辣,方便食品,11,5.0,3.4,0,180,供应商D,1,晴,13,正常,1,1
2026-08-09,P018,火腿肠,方便食品,10,3.0,1.9,0,180,供应商D,1,晴,13,正常,1,1
2026-08-09,P019,八宝粥,方便食品,9,6.0,4.1,0,365,供应商D,1,晴,13,正常,1,1
2026-08-09,P020,榨菜,方便食品,6,2.0,1.2,0,365,供应商D,1,晴,13,正常,1,1
2026-08-09,P021,面包,烘焙,14,6.0,3.8,0,5,供应商B,1,晴,13,正常,1,1
2026-08-09,P022,蛋糕,烘焙,8,8.0,5.2,0,4,供应商B,1,晴,13,正常,1,1
2026-08-09,P023,饼干,零食,9,7.0,4.4,0,270,供应商D,1,晴,13,正常,1,1
2026-08-09,P024,薯片,零食,11,6.0,3.8,0,180,供应商D,1,晴,13,正常,1,1
2026-08-09,P025,瓜子,零食,7,8.0,5.0,0,240,供应商D,1,晴,13,正常,1,1
2026-08-09,P026,花生,零食,5,7.0,4.3,0,240,供应商D,1,晴,13,正常,1,1
2026-08-09,P027,巧克力,零食,6,8.0,5.2,0,300,供应商D,2,晴,13,正常,1,1
2026-08-09,P028,棒棒糖,零食,10,1.0,0.5,0,365,供应商D,2,晴,13,正常,1,1
2026-08-09,P029,冰淇淋,冷饮,16,5.0,3.0,0,180,供应商A,1,晴,13,正常,1,1
2026-08-09,P030,雪糕,冷饮,19,3.0,1.7,0,180,供应商A,1,晴,13,正常,1,1
2026-08-09,P031,纸巾,日用品,9,5.0,3.2,1,1095,供应商E,2,晴,13,正常,1,1
2026-08-09,P032,卷纸,日用品,7,18.0,13.0,1,1095,供应商E,2,晴,13,正常,1,1
2026-08-09,P033,洗衣液,日用品,2,25.0,18.0,0,1095,供应商E,3,晴,13,正常,1,1
2026-08-09,P034,洗洁精,日用品,4,12.0,8.0,0,1095,供应商E,3,晴,13,正常,1,1
2026-08-09,P035,牙膏,日用品,5,12.0,8.5,0,1095,供应商E,3,晴,13,正常,1,1
2026-08-09,P036,牙刷,日用品,5,6.0,3.5,0,1095,供应商E,3,晴,13,正常,1,1
2026-08-09,P037,香皂,日用品,5,5.0,3.0,0,1095,供应商E,3,晴,13,正常,1,1
2026-08-09,P038,垃圾袋,日用品,8,8.0,5.0,0,1095,供应商E,3,晴,13,正常,1,1
2026-08-09,P039,电池,日用品,4,10.0,6.5,0,1095,供应商E,3,晴,13,正常,1,1
2026-08-09,P040,打火机,日用品,7,2.0,1.0,0,1095,供应商E,3,晴,13,正常,1,1
2026-08-09,P041,苹果,水果,8,8.0,5.0,0,10,供应商B,1,晴,13,正常,1,1
2026-08-09,P042,香蕉,水果,8,6.0,3.8,0,6,供应商B,1,晴,13,正常,1,1
2026-08-09,P043,橙子,水果,6,9.0,6.0,0,14,供应商B,1,晴,13,正常,1,1
2026-08-09,P044,西红柿,蔬菜,10,6.0,3.8,1,7,供应商B,1,晴,13,正常,1,1
2026-08-09,P045,土豆,蔬菜,8,5.0,3.0,1,30,供应商B,1,晴,13,正常,1,1
2026-08-09,P046,青菜,蔬菜,12,4.0,2.2,1,3,供应商B,1,晴,13,正常,1,1
2026-08-09,P047,火锅底料,调味,4,12.0,8.0,0,365,供应商C,2,晴,13,正常,1,1
2026-08-09,P048,速冻水饺,冷冻食品,5,18.0,12.5,0,180,供应商D,2,晴,13,正常,1,1
2026-08-09,P049,口罩10只,应急用品,3,10.0,6.0,1,1095,供应商E,3,晴,13,正常,1,1
2026-08-09,P050,创可贴,应急用品,4,5.0,2.8,1,1095,供应商E,3,晴,13,正常,1,1
2026-08-10,P001,矿泉水,饮料,27,2.0,1.1,1,365,供应商A,1,晴,11,正常,0,1
2026-08-10,P002,桶装水,饮料,5,8.0,5.2,1,365,供应商A,1,晴,11,正常,0,1
2026-08-10,P003,可乐,饮料,18,3.5,2.2,0,270,供应商A,1,晴,11,正常,0,1
2026-08-10,P004,雪碧,饮料,12,3.5,2.2,0,270,供应商A,1,晴,11,正常,0,1
2026-08-10,P005,橙汁,饮料,9,5.0,3.2,0,180,供应商A,2,晴,11,正常,0,1
2026-08-10,P006,牛奶,乳品,14,3.5,2.4,1,7,供应商B,1,晴,11,正常,0,1
2026-08-10,P007,酸奶,乳品,11,5.0,3.3,0,14,供应商B,1,晴,11,正常,0,1
2026-08-10,P008,鸡蛋,生鲜,11,12.0,8.5,1,20,供应商B,1,晴,11,正常,0,1
2026-08-10,P009,大米5kg,粮油,4,35.0,28.0,1,365,供应商C,2,晴,11,正常,0,1
2026-08-10,P010,食用油5L,粮油,4,65.0,53.0,1,540,供应商C,2,晴,11,正常,0,1
2026-08-10,P011,挂面,粮油,6,8.0,5.5,1,365,供应商C,2,晴,11,正常,0,1
2026-08-10,P012,面粉2.5kg,粮油,4,18.0,14.0,1,365,供应商C,2,晴,11,正常,0,1
2026-08-10,P013,食盐,调味,5,2.5,1.4,1,730,供应商C,2,晴,11,正常,0,1
2026-08-10,P014,酱油,调味,4,8.0,5.6,1,540,供应商C,2,晴,11,正常,0,1
2026-08-10,P015,食醋,调味,3,6.0,4.0,1,540,供应商C,2,晴,11,正常,0,1
2026-08-10,P016,方便面红烧,方便食品,18,5.0,3.4,1,180,供应商D,1,晴,11,正常,0,1
2026-08-10,P017,方便面香辣,方便食品,9,5.0,3.4,0,180,供应商D,1,晴,11,正常,0,1
2026-08-10,P018,火腿肠,方便食品,11,3.0,1.9,0,180,供应商D,1,晴,11,正常,0,1
2026-08-10,P019,八宝粥,方便食品,7,6.0,4.1,0,365,供应商D,1,晴,11,正常,0,1
2026-08-10,P020,榨菜,方便食品,4,2.0,1.2,0,365,供应商D,1,晴,11,正常,0,1
2026-08-10,P021,面包,烘焙,13,6.0,3.8,0,5,供应商B,1,晴,11,正常,0,1
2026-08-10,P022,蛋糕,烘焙,5,8.0,5.2,0,4,供应商B,1,晴,11,正常,0,1
2026-08-10,P023,饼干,零食,10,7.0,4.4,0,270,供应商D,1,晴,11,正常,0,1
2026-08-10,P024,薯片,零食,9,6.0,3.8,0,180,供应商D,1,晴,11,正常,0,1
2026-08-10,P025,瓜子,零食,6,8.0,5.0,0,240,供应商D,1,晴,11,正常,0,1
2026-08-10,P026,花生,零食,4,7.0,4.3,0,240,供应商D,1,晴,11,正常,0,1
2026-08-10,P027,巧克力,零食,5,8.0,5.2,0,300,供应商D,2,晴,11,正常,0,1
2026-08-10,P028,棒棒糖,零食,10,1.0,0.5,0,365,供应商D,2,晴,11,正常,0,1
2026-08-10,P029,冰淇淋,冷饮,12,5.0,3.0,0,180,供应商A,1,晴,11,正常,0,1
2026-08-10,P030,雪糕,冷饮,15,3.0,1.7,0,180,供应商A,1,晴,11,正常,0,1
2026-08-10,P031,纸巾,日用品,9,5.0,3.2,1,1095,供应商E,2,晴,11,正常,0,1
2026-08-10,P032,卷纸,日用品,6,18.0,13.0,1,1095,供应商E,2,晴,11,正常,0,1
2026-08-10,P033,洗衣液,日用品,0,25.0,18.0,0,1095,供应商E,3,晴,11,正常,0,1
2026-08-10,P034,洗洁精,日用品,6,12.0,8.0,0,1095,供应商E,3,晴,11,正常,0,1
2026-08-10,P035,牙膏,日用品,5,12.0,8.5,0,1095,供应商E,3,晴,11,正常,0,1
2026-08-10,P036,牙刷,日用品,5,6.0,3.5,0,1095,供应商E,3,晴,11,正常,0,1
2026-08-10,P037,香皂,日用品,4,5.0,3.0,0,1095,供应商E,3,晴,11,正常,0,1
2026-08-10,P038,垃圾袋,日用品,2,8.0,5.0,0,1095,供应商E,3,晴,11,正常,0,1
2026-08-10,P039,电池,日用品,4,10.0,6.5,0,1095,供应商E,3,晴,11,正常,0,1
2026-08-10,P040,打火机,日用品,4,2.0,1.0,0,1095,供应商E,3,晴,11,正常,0,1
2026-08-10,P041,苹果,水果,9,8.0,5.0,0,10,供应商B,1,晴,11,正常,0,1
2026-08-10,P042,香蕉,水果,9,6.0,3.8,0,6,供应商B,1,晴,11,正常,0,1
2026-08-10,P043,橙子,水果,6,9.0,6.0,0,14,供应商B,1,晴,11,正常,0,1
2026-08-10,P044,西红柿,蔬菜,7,6.0,3.8,1,7,供应商B,1,晴,11,正常,0,1
2026-08-10,P045,土豆,蔬菜,8,5.0,3.0,1,30,供应商B,1,晴,11,正常,0,1
2026-08-10,P046,青菜,蔬菜,8,4.0,2.2,1,3,供应商B,1,晴,11,正常,0,1
2026-08-10,P047,火锅底料,调味,7,12.0,8.0,0,365,供应商C,2,晴,11,正常,0,1
2026-08-10,P048,速冻水饺,冷冻食品,8,18.0,12.5,0,180,供应商D,2,晴,11,正常,0,1
2026-08-10,P049,口罩10只,应急用品,5,10.0,6.0,1,1095,供应商E,3,晴,11,正常,0,1
2026-08-10,P050,创可贴,应急用品,5,5.0,2.8,1,1095,供应商E,3,晴,11,正常,0,1
2026-08-11,P001,矿泉水,饮料,24,2.0,1.1,1,365,供应商A,1,晴,9,正常,0,1
2026-08-11,P002,桶装水,饮料,7,8.0,5.2,1,365,供应商A,1,晴,9,正常,0,1
2026-08-11,P003,可乐,饮料,16,3.5,2.2,0,270,供应商A,1,晴,9,正常,0,1
2026-08-11,P004,雪碧,饮料,10,3.5,2.2,0,270,供应商A,1,晴,9,正常,0,1
2026-08-11,P005,橙汁,饮料,10,5.0,3.2,0,180,供应商A,2,晴,9,正常,0,1
2026-08-11,P006,牛奶,乳品,17,3.5,2.4,1,7,供应商B,1,晴,9,正常,0,1
2026-08-11,P007,酸奶,乳品,9,5.0,3.3,0,14,供应商B,1,晴,9,正常,0,1
2026-08-11,P008,鸡蛋,生鲜,10,12.0,8.5,1,20,供应商B,1,晴,9,正常,0,1
2026-08-11,P009,大米5kg,粮油,3,35.0,28.0,1,365,供应商C,2,晴,9,正常,0,1
2026-08-11,P010,食用油5L,粮油,1,65.0,53.0,1,540,供应商C,2,晴,9,正常,0,1
2026-08-11,P011,挂面,粮油,8,8.0,5.5,1,365,供应商C,2,晴,9,正常,0,1
2026-08-11,P012,面粉2.5kg,粮油,2,18.0,14.0,1,365,供应商C,2,晴,9,正常,0,1
2026-08-11,P013,食盐,调味,5,2.5,1.4,1,730,供应商C,2,晴,9,正常,0,1
2026-08-11,P014,酱油,调味,4,8.0,5.6,1,540,供应商C,2,晴,9,正常,0,1
2026-08-11,P015,食醋,调味,2,6.0,4.0,1,540,供应商C,2,晴,9,正常,0,1
2026-08-11,P016,方便面红烧,方便食品,16,5.0,3.4,1,180,供应商D,1,晴,9,正常,0,1
2026-08-11,P017,方便面香辣,方便食品,9,5.0,3.4,0,180,供应商D,1,晴,9,正常,0,1
2026-08-11,P018,火腿肠,方便食品,11,3.0,1.9,0,180,供应商D,1,晴,9,正常,0,1
2026-08-11,P019,八宝粥,方便食品,5,6.0,4.1,0,365,供应商D,1,晴,9,正常,0,1
2026-08-11,P020,榨菜,方便食品,5,2.0,1.2,0,365,供应商D,1,晴,9,正常,0,1
2026-08-11,P021,面包,烘焙,7,6.0,3.8,0,5,供应商B,1,晴,9,正常,0,1
2026-08-11,P022,蛋糕,烘焙,4,8.0,5.2,0,4,供应商B,1,晴,9,正常,0,1
2026-08-11,P023,饼干,零食,12,7.0,4.4,0,270,供应商D,1,晴,9,正常,0,1
2026-08-11,P024,薯片,零食,13,6.0,3.8,0,180,供应商D,1,晴,9,正常,0,1
2026-08-11,P025,瓜子,零食,6,8.0,5.0,0,240,供应商D,1,晴,9,正常,0,1
2026-08-11,P026,花生,零食,5,7.0,4.3,0,240,供应商D,1,晴,9,正常,0,1
2026-08-11,P027,巧克力,零食,5,8.0,5.2,0,300,供应商D,2,晴,9,正常,0,1
2026-08-11,P028,棒棒糖,零食,10,1.0,0.5,0,365,供应商D,2,晴,9,正常,0,1
2026-08-11,P029,冰淇淋,冷饮,13,5.0,3.0,0,180,供应商A,1,晴,9,正常,0,1
2026-08-11,P030,雪糕,冷饮,18,3.0,1.7,0,180,供应商A,1,晴,9,正常,0,1
2026-08-11,P031,纸巾,日用品,8,5.0,3.2,1,1095,供应商E,2,晴,9,正常,0,1
2026-08-11,P032,卷纸,日用品,4,18.0,13.0,1,1095,供应商E,2,晴,9,正常,0,1
2026-08-11,P033,洗衣液,日用品,2,25.0,18.0,0,1095,供应商E,3,晴,9,正常,0,1
2026-08-11,P034,洗洁精,日用品,4,12.0,8.0,0,1095,供应商E,3,晴,9,正常,0,1
2026-08-11,P035,牙膏,日用品,3,12.0,8.5,0,1095,供应商E,3,晴,9,正常,0,1
2026-08-11,P036,牙刷,日用品,5,6.0,3.5,0,1095,供应商E,3,晴,9,正常,0,1
2026-08-11,P037,香皂,日用品,3,5.0,3.0,0,1095,供应商E,3,晴,9,正常,0,1
2026-08-11,P038,垃圾袋,日用品,4,8.0,5.0,0,1095,供应商E,3,晴,9,正常,0,1
2026-08-11,P039,电池,日用品,5,10.0,6.5,0,1095,供应商E,3,晴,9,正常,0,1
2026-08-11,P040,打火机,日用品,5,2.0,1.0,0,1095,供应商E,3,晴,9,正常,0,1
2026-08-11,P041,苹果,水果,9,8.0,5.0,0,10,供应商B,1,晴,9,正常,0,1
2026-08-11,P042,香蕉,水果,6,6.0,3.8,0,6,供应商B,1,晴,9,正常,0,1
2026-08-11,P043,橙子,水果,5,9.0,6.0,0,14,供应商B,1,晴,9,正常,0,1
2026-08-11,P044,西红柿,蔬菜,8,6.0,3.8,1,7,供应商B,1,晴,9,正常,0,1
2026-08-11,P045,土豆,蔬菜,9,5.0,3.0,1,30,供应商B,1,晴,9,正常,0,1
2026-08-11,P046,青菜,蔬菜,7,4.0,2.2,1,3,供应商B,1,晴,9,正常,0,1
2026-08-11,P047,火锅底料,调味,4,12.0,8.0,0,365,供应商C,2,晴,9,正常,0,1
2026-08-11,P048,速冻水饺,冷冻食品,7,18.0,12.5,0,180,供应商D,2,晴,9,正常,0,1
2026-08-11,P049,口罩10只,应急用品,2,10.0,6.0,1,1095,供应商E,3,晴,9,正常,0,1
2026-08-11,P050,创可贴,应急用品,3,5.0,2.8,1,1095,供应商E,3,晴,9,正常,0,1
2026-08-12,P001,矿泉水,饮料,25,2.0,1.1,1,365,供应商A,1,晴,10,正常,0,1
2026-08-12,P002,桶装水,饮料,6,8.0,5.2,1,365,供应商A,1,晴,10,正常,0,1
2026-08-12,P003,可乐,饮料,20,3.5,2.2,0,270,供应商A,1,晴,10,正常,0,1
2026-08-12,P004,雪碧,饮料,14,3.5,2.2,0,270,供应商A,1,晴,10,正常,0,1
2026-08-12,P005,橙汁,饮料,10,5.0,3.2,0,180,供应商A,2,晴,10,正常,0,1
2026-08-12,P006,牛奶,乳品,13,3.5,2.4,1,7,供应商B,1,晴,10,正常,0,1
2026-08-12,P007,酸奶,乳品,8,5.0,3.3,0,14,供应商B,1,晴,10,正常,0,1
2026-08-12,P008,鸡蛋,生鲜,12,12.0,8.5,1,20,供应商B,1,晴,10,正常,0,1
2026-08-12,P009,大米5kg,粮油,3,35.0,28.0,1,365,供应商C,2,晴,10,正常,0,1
2026-08-12,P010,食用油5L,粮油,4,65.0,53.0,1,540,供应商C,2,晴,10,正常,0,1
2026-08-12,P011,挂面,粮油,7,8.0,5.5,1,365,供应商C,2,晴,10,正常,0,1
2026-08-12,P012,面粉2.5kg,粮油,3,18.0,14.0,1,365,供应商C,2,晴,10,正常,0,1
2026-08-12,P013,食盐,调味,6,2.5,1.4,1,730,供应商C,2,晴,10,正常,0,1
2026-08-12,P014,酱油,调味,4,8.0,5.6,1,540,供应商C,2,晴,10,正常,0,1
2026-08-12,P015,食醋,调味,5,6.0,4.0,1,540,供应商C,2,晴,10,正常,0,1
2026-08-12,P016,方便面红烧,方便食品,14,5.0,3.4,1,180,供应商D,1,晴,10,正常,0,1
2026-08-12,P017,方便面香辣,方便食品,12,5.0,3.4,0,180,供应商D,1,晴,10,正常,0,1
2026-08-12,P018,火腿肠,方便食品,9,3.0,1.9,0,180,供应商D,1,晴,10,正常,0,1
2026-08-12,P019,八宝粥,方便食品,8,6.0,4.1,0,365,供应商D,1,晴,10,正常,0,1
2026-08-12,P020,榨菜,方便食品,6,2.0,1.2,0,365,供应商D,1,晴,10,正常,0,1
2026-08-12,P021,面包,烘焙,13,6.0,3.8,0,5,供应商B,1,晴,10,正常,0,1
2026-08-12,P022,蛋糕,烘焙,7,8.0,5.2,0,4,供应商B,1,晴,10,正常,0,1
2026-08-12,P023,饼干,零食,7,7.0,4.4,0,270,供应商D,1,晴,10,正常,0,1
2026-08-12,P024,薯片,零食,12,6.0,3.8,0,180,供应商D,1,晴,10,正常,0,1
2026-08-12,P025,瓜子,零食,6,8.0,5.0,0,240,供应商D,1,晴,10,正常,0,1
2026-08-12,P026,花生,零食,7,7.0,4.3,0,240,供应商D,1,晴,10,正常,0,1
2026-08-12,P027,巧克力,零食,6,8.0,5.2,0,300,供应商D,2,晴,10,正常,0,1
2026-08-12,P028,棒棒糖,零食,8,1.0,0.5,0,365,供应商D,2,晴,10,正常,0,1
2026-08-12,P029,冰淇淋,冷饮,12,5.0,3.0,0,180,供应商A,1,晴,10,正常,0,1
2026-08-12,P030,雪糕,冷饮,19,3.0,1.7,0,180,供应商A,1,晴,10,正常,0,1
2026-08-12,P031,纸巾,日用品,8,5.0,3.2,1,1095,供应商E,2,晴,10,正常,0,1
2026-08-12,P032,卷纸,日用品,6,18.0,13.0,1,1095,供应商E,2,晴,10,正常,0,1
2026-08-12,P033,洗衣液,日用品,3,25.0,18.0,0,1095,供应商E,3,晴,10,正常,0,1
2026-08-12,P034,洗洁精,日用品,5,12.0,8.0,0,1095,供应商E,3,晴,10,正常,0,1
2026-08-12,P035,牙膏,日用品,5,12.0,8.5,0,1095,供应商E,3,晴,10,正常,0,1
2026-08-12,P036,牙刷,日用品,4,6.0,3.5,0,1095,供应商E,3,晴,10,正常,0,1
2026-08-12,P037,香皂,日用品,4,5.0,3.0,0,1095,供应商E,3,晴,10,正常,0,1
2026-08-12,P038,垃圾袋,日用品,4,8.0,5.0,0,1095,供应商E,3,晴,10,正常,0,1
2026-08-12,P039,电池,日用品,4,10.0,6.5,0,1095,供应商E,3,晴,10,正常,0,1
2026-08-12,P040,打火机,日用品,5,2.0,1.0,0,1095,供应商E,3,晴,10,正常,0,1
2026-08-12,P041,苹果,水果,9,8.0,5.0,0,10,供应商B,1,晴,10,正常,0,1
2026-08-12,P042,香蕉,水果,9,6.0,3.8,0,6,供应商B,1,晴,10,正常,0,1
2026-08-12,P043,橙子,水果,6,9.0,6.0,0,14,供应商B,1,晴,10,正常,0,1
2026-08-12,P044,西红柿,蔬菜,10,6.0,3.8,1,7,供应商B,1,晴,10,正常,0,1
2026-08-12,P045,土豆,蔬菜,8,5.0,3.0,1,30,供应商B,1,晴,10,正常,0,1
2026-08-12,P046,青菜,蔬菜,10,4.0,2.2,1,3,供应商B,1,晴,10,正常,0,1
2026-08-12,P047,火锅底料,调味,4,12.0,8.0,0,365,供应商C,2,晴,10,正常,0,1
2026-08-12,P048,速冻水饺,冷冻食品,4,18.0,12.5,0,180,供应商D,2,晴,10,正常,0,1
2026-08-12,P049,口罩10只,应急用品,3,10.0,6.0,1,1095,供应商E,3,晴,10,正常,0,1
2026-08-12,P050,创可贴,应急用品,3,5.0,2.8,1,1095,供应商E,3,晴,10,正常,0,1
2026-08-13,P001,矿泉水,饮料,27,2.0,1.1,1,365,供应商A,1,晴,8,正常,0,1
2026-08-13,P002,桶装水,饮料,7,8.0,5.2,1,365,供应商A,1,晴,8,正常,0,1
2026-08-13,P003,可乐,饮料,13,3.5,2.2,0,270,供应商A,1,晴,8,正常,0,1
2026-08-13,P004,雪碧,饮料,15,3.5,2.2,0,270,供应商A,1,晴,8,正常,0,1
2026-08-13,P005,橙汁,饮料,8,5.0,3.2,0,180,供应商A,2,晴,8,正常,0,1
2026-08-13,P006,牛奶,乳品,12,3.5,2.4,1,7,供应商B,1,晴,8,正常,0,1
2026-08-13,P007,酸奶,乳品,11,5.0,3.3,0,14,供应商B,1,晴,8,正常,0,1
2026-08-13,P008,鸡蛋,生鲜,15,12.0,8.5,1,20,供应商B,1,晴,8,正常,0,1
2026-08-13,P009,大米5kg,粮油,4,35.0,28.0,1,365,供应商C,2,晴,8,正常,0,1
2026-08-13,P010,食用油5L,粮油,4,65.0,53.0,1,540,供应商C,2,晴,8,正常,0,1
2026-08-13,P011,挂面,粮油,8,8.0,5.5,1,365,供应商C,2,晴,8,正常,0,1
2026-08-13,P012,面粉2.5kg,粮油,6,18.0,14.0,1,365,供应商C,2,晴,8,正常,0,1
2026-08-13,P013,食盐,调味,6,2.5,1.4,1,730,供应商C,2,晴,8,正常,0,1
2026-08-13,P014,酱油,调味,3,8.0,5.6,1,540,供应商C,2,晴,8,正常,0,1
2026-08-13,P015,食醋,调味,6,6.0,4.0,1,540,供应商C,2,晴,8,正常,0,1
2026-08-13,P016,方便面红烧,方便食品,18,5.0,3.4,1,180,供应商D,1,晴,8,正常,0,1
2026-08-13,P017,方便面香辣,方便食品,9,5.0,3.4,0,180,供应商D,1,晴,8,正常,0,1
2026-08-13,P018,火腿肠,方便食品,8,3.0,1.9,0,180,供应商D,1,晴,8,正常,0,1
2026-08-13,P019,八宝粥,方便食品,8,6.0,4.1,0,365,供应商D,1,晴,8,正常,0,1
2026-08-13,P020,榨菜,方便食品,6,2.0,1.2,0,365,供应商D,1,晴,8,正常,0,1
2026-08-13,P021,面包,烘焙,13,6.0,3.8,0,5,供应商B,1,晴,8,正常,0,1
2026-08-13,P022,蛋糕,烘焙,8,8.0,5.2,0,4,供应商B,1,晴,8,正常,0,1
2026-08-13,P023,饼干,零食,8,7.0,4.4,0,270,供应商D,1,晴,8,正常,0,1
2026-08-13,P024,薯片,零食,8,6.0,3.8,0,180,供应商D,1,晴,8,正常,0,1
2026-08-13,P025,瓜子,零食,6,8.0,5.0,0,240,供应商D,1,晴,8,正常,0,1
2026-08-13,P026,花生,零食,5,7.0,4.3,0,240,供应商D,1,晴,8,正常,0,1
2026-08-13,P027,巧克力,零食,5,8.0,5.2,0,300,供应商D,2,晴,8,正常,0,1
2026-08-13,P028,棒棒糖,零食,7,1.0,0.5,0,365,供应商D,2,晴,8,正常,0,1
2026-08-13,P029,冰淇淋,冷饮,13,5.0,3.0,0,180,供应商A,1,晴,8,正常,0,1
2026-08-13,P030,雪糕,冷饮,19,3.0,1.7,0,180,供应商A,1,晴,8,正常,0,1
2026-08-13,P031,纸巾,日用品,9,5.0,3.2,1,1095,供应商E,2,晴,8,正常,0,1
2026-08-13,P032,卷纸,日用品,4,18.0,13.0,1,1095,供应商E,2,晴,8,正常,0,1
2026-08-13,P033,洗衣液,日用品,2,25.0,18.0,0,1095,供应商E,3,晴,8,正常,0,1
2026-08-13,P034,洗洁精,日用品,4,12.0,8.0,0,1095,供应商E,3,晴,8,正常,0,1
2026-08-13,P035,牙膏,日用品,5,12.0,8.5,0,1095,供应商E,3,晴,8,正常,0,1
2026-08-13,P036,牙刷,日用品,4,6.0,3.5,0,1095,供应商E,3,晴,8,正常,0,1
2026-08-13,P037,香皂,日用品,3,5.0,3.0,0,1095,供应商E,3,晴,8,正常,0,1
2026-08-13,P038,垃圾袋,日用品,4,8.0,5.0,0,1095,供应商E,3,晴,8,正常,0,1
2026-08-13,P039,电池,日用品,5,10.0,6.5,0,1095,供应商E,3,晴,8,正常,0,1
2026-08-13,P040,打火机,日用品,5,2.0,1.0,0,1095,供应商E,3,晴,8,正常,0,1
2026-08-13,P041,苹果,水果,6,8.0,5.0,0,10,供应商B,1,晴,8,正常,0,1
2026-08-13,P042,香蕉,水果,9,6.0,3.8,0,6,供应商B,1,晴,8,正常,0,1
2026-08-13,P043,橙子,水果,8,9.0,6.0,0,14,供应商B,1,晴,8,正常,0,1
2026-08-13,P044,西红柿,蔬菜,6,6.0,3.8,1,7,供应商B,1,晴,8,正常,0,1
2026-08-13,P045,土豆,蔬菜,7,5.0,3.0,1,30,供应商B,1,晴,8,正常,0,1
2026-08-13,P046,青菜,蔬菜,10,4.0,2.2,1,3,供应商B,1,晴,8,正常,0,1
2026-08-13,P047,火锅底料,调味,4,12.0,8.0,0,365,供应商C,2,晴,8,正常,0,1
2026-08-13,P048,速冻水饺,冷冻食品,5,18.0,12.5,0,180,供应商D,2,晴,8,正常,0,1
2026-08-13,P049,口罩10只,应急用品,4,10.0,6.0,1,1095,供应商E,3,晴,8,正常,0,1
2026-08-13,P050,创可贴,应急用品,3,5.0,2.8,1,1095,供应商E,3,晴,8,正常,0,1
2026-08-14,P001,矿泉水,饮料,29,2.0,1.1,1,365,供应商A,1,晴,11,正常,0,1
2026-08-14,P002,桶装水,饮料,6,8.0,5.2,1,365,供应商A,1,晴,11,正常,0,1
2026-08-14,P003,可乐,饮料,15,3.5,2.2,0,270,供应商A,1,晴,11,正常,0,1
2026-08-14,P004,雪碧,饮料,12,3.5,2.2,0,270,供应商A,1,晴,11,正常,0,1
2026-08-14,P005,橙汁,饮料,6,5.0,3.2,0,180,供应商A,2,晴,11,正常,0,1
2026-08-14,P006,牛奶,乳品,15,3.5,2.4,1,7,供应商B,1,晴,11,正常,0,1
2026-08-14,P007,酸奶,乳品,12,5.0,3.3,0,14,供应商B,1,晴,11,正常,0,1
2026-08-14,P008,鸡蛋,生鲜,13,12.0,8.5,1,20,供应商B,1,晴,11,正常,0,1
2026-08-14,P009,大米5kg,粮油,5,35.0,28.0,1,365,供应商C,2,晴,11,正常,0,1
2026-08-14,P010,食用油5L,粮油,3,65.0,53.0,1,540,供应商C,2,晴,11,正常,0,1
2026-08-14,P011,挂面,粮油,7,8.0,5.5,1,365,供应商C,2,晴,11,正常,0,1
2026-08-14,P012,面粉2.5kg,粮油,5,18.0,14.0,1,365,供应商C,2,晴,11,正常,0,1
2026-08-14,P013,食盐,调味,7,2.5,1.4,1,730,供应商C,2,晴,11,正常,0,1
2026-08-14,P014,酱油,调味,7,8.0,5.6,1,540,供应商C,2,晴,11,正常,0,1
2026-08-14,P015,食醋,调味,5,6.0,4.0,1,540,供应商C,2,晴,11,正常,0,1
2026-08-14,P016,方便面红烧,方便食品,15,5.0,3.4,1,180,供应商D,1,晴,11,正常,0,1
2026-08-14,P017,方便面香辣,方便食品,10,5.0,3.4,0,180,供应商D,1,晴,11,正常,0,1
2026-08-14,P018,火腿肠,方便食品,9,3.0,1.9,0,180,供应商D,1,晴,11,正常,0,1
2026-08-14,P019,八宝粥,方便食品,5,6.0,4.1,0,365,供应商D,1,晴,11,正常,0,1
2026-08-14,P020,榨菜,方便食品,5,2.0,1.2,0,365,供应商D,1,晴,11,正常,0,1
2026-08-14,P021,面包,烘焙,12,6.0,3.8,0,5,供应商B,1,晴,11,正常,0,1
2026-08-14,P022,蛋糕,烘焙,7,8.0,5.2,0,4,供应商B,1,晴,11,正常,0,1
2026-08-14,P023,饼干,零食,7,7.0,4.4,0,270,供应商D,1,晴,11,正常,0,1
2026-08-14,P024,薯片,零食,10,6.0,3.8,0,180,供应商D,1,晴,11,正常,0,1
2026-08-14,P025,瓜子,零食,6,8.0,5.0,0,240,供应商D,1,晴,11,正常,0,1
2026-08-14,P026,花生,零食,5,7.0,4.3,0,240,供应商D,1,晴,11,正常,0,1
2026-08-14,P027,巧克力,零食,5,8.0,5.2,0,300,供应商D,2,晴,11,正常,0,1
2026-08-14,P028,棒棒糖,零食,9,1.0,0.5,0,365,供应商D,2,晴,11,正常,0,1
2026-08-14,P029,冰淇淋,冷饮,13,5.0,3.0,0,180,供应商A,1,晴,11,正常,0,1
2026-08-14,P030,雪糕,冷饮,20,3.0,1.7,0,180,供应商A,1,晴,11,正常,0,1
2026-08-14,P031,纸巾,日用品,6,5.0,3.2,1,1095,供应商E,2,晴,11,正常,0,1
2026-08-14,P032,卷纸,日用品,3,18.0,13.0,1,1095,供应商E,2,晴,11,正常,0,1
2026-08-14,P033,洗衣液,日用品,3,25.0,18.0,0,1095,供应商E,3,晴,11,正常,0,1
2026-08-14,P034,洗洁精,日用品,4,12.0,8.0,0,1095,供应商E,3,晴,11,正常,0,1
2026-08-14,P035,牙膏,日用品,4,12.0,8.5,0,1095,供应商E,3,晴,11,正常,0,1
2026-08-14,P036,牙刷,日用品,3,6.0,3.5,0,1095,供应商E,3,晴,11,正常,0,1
2026-08-14,P037,香皂,日用品,3,5.0,3.0,0,1095,供应商E,3,晴,11,正常,0,1
2026-08-14,P038,垃圾袋,日用品,4,8.0,5.0,0,1095,供应商E,3,晴,11,正常,0,1
2026-08-14,P039,电池,日用品,2,10.0,6.5,0,1095,供应商E,3,晴,11,正常,0,1
2026-08-14,P040,打火机,日用品,7,2.0,1.0,0,1095,供应商E,3,晴,11,正常,0,1
2026-08-14,P041,苹果,水果,8,8.0,5.0,0,10,供应商B,1,晴,11,正常,0,1
2026-08-14,P042,香蕉,水果,9,6.0,3.8,0,6,供应商B,1,晴,11,正常,0,1
2026-08-14,P043,橙子,水果,9,9.0,6.0,0,14,供应商B,1,晴,11,正常,0,1
2026-08-14,P044,西红柿,蔬菜,8,6.0,3.8,1,7,供应商B,1,晴,11,正常,0,1
2026-08-14,P045,土豆,蔬菜,8,5.0,3.0,1,30,供应商B,1,晴,11,正常,0,1
2026-08-14,P046,青菜,蔬菜,11,4.0,2.2,1,3,供应商B,1,晴,11,正常,0,1
2026-08-14,P047,火锅底料,调味,5,12.0,8.0,0,365,供应商C,2,晴,11,正常,0,1
2026-08-14,P048,速冻水饺,冷冻食品,5,18.0,12.5,0,180,供应商D,2,晴,11,正常,0,1
2026-08-14,P049,口罩10只,应急用品,3,10.0,6.0,1,1095,供应商E,3,晴,11,正常,0,1
2026-08-14,P050,创可贴,应急用品,3,5.0,2.8,1,1095,供应商E,3,晴,11,正常,0,1
2026-08-15,P001,矿泉水,饮料,24,2.0,1.1,1,365,供应商A,1,晴,8,正常,1,1
2026-08-15,P002,桶装水,饮料,7,8.0,5.2,1,365,供应商A,1,晴,8,正常,1,1
2026-08-15,P003,可乐,饮料,23,3.5,2.2,0,270,供应商A,1,晴,8,正常,1,1
2026-08-15,P004,雪碧,饮料,17,3.5,2.2,0,270,供应商A,1,晴,8,正常,1,1
2026-08-15,P005,橙汁,饮料,9,5.0,3.2,0,180,供应商A,2,晴,8,正常,1,1
2026-08-15,P006,牛奶,乳品,18,3.5,2.4,1,7,供应商B,1,晴,8,正常,1,1
2026-08-15,P007,酸奶,乳品,9,5.0,3.3,0,14,供应商B,1,晴,8,正常,1,1
2026-08-15,P008,鸡蛋,生鲜,13,12.0,8.5,1,20,供应商B,1,晴,8,正常,1,1
2026-08-15,P009,大米5kg,粮油,6,35.0,28.0,1,365,供应商C,2,晴,8,正常,1,1
2026-08-15,P010,食用油5L,粮油,5,65.0,53.0,1,540,供应商C,2,晴,8,正常,1,1
2026-08-15,P011,挂面,粮油,7,8.0,5.5,1,365,供应商C,2,晴,8,正常,1,1
2026-08-15,P012,面粉2.5kg,粮油,4,18.0,14.0,1,365,供应商C,2,晴,8,正常,1,1
2026-08-15,P013,食盐,调味,8,2.5,1.4,1,730,供应商C,2,晴,8,正常,1,1
2026-08-15,P014,酱油,调味,6,8.0,5.6,1,540,供应商C,2,晴,8,正常,1,1
2026-08-15,P015,食醋,调味,7,6.0,4.0,1,540,供应商C,2,晴,8,正常,1,1
2026-08-15,P016,方便面红烧,方便食品,17,5.0,3.4,1,180,供应商D,1,晴,8,正常,1,1
2026-08-15,P017,方便面香辣,方便食品,11,5.0,3.4,0,180,供应商D,1,晴,8,正常,1,1
2026-08-15,P018,火腿肠,方便食品,10,3.0,1.9,0,180,供应商D,1,晴,8,正常,1,1
2026-08-15,P019,八宝粥,方便食品,9,6.0,4.1,0,365,供应商D,1,晴,8,正常,1,1
2026-08-15,P020,榨菜,方便食品,8,2.0,1.2,0,365,供应商D,1,晴,8,正常,1,1
2026-08-15,P021,面包,烘焙,11,6.0,3.8,0,5,供应商B,1,晴,8,正常,1,1
2026-08-15,P022,蛋糕,烘焙,7,8.0,5.2,0,4,供应商B,1,晴,8,正常,1,1
2026-08-15,P023,饼干,零食,11,7.0,4.4,0,270,供应商D,1,晴,8,正常,1,1
2026-08-15,P024,薯片,零食,11,6.0,3.8,0,180,供应商D,1,晴,8,正常,1,1
2026-08-15,P025,瓜子,零食,6,8.0,5.0,0,240,供应商D,1,晴,8,正常,1,1
2026-08-15,P026,花生,零食,8,7.0,4.3,0,240,供应商D,1,晴,8,正常,1,1
2026-08-15,P027,巧克力,零食,7,8.0,5.2,0,300,供应商D,2,晴,8,正常,1,1
2026-08-15,P028,棒棒糖,零食,9,1.0,0.5,0,365,供应商D,2,晴,8,正常,1,1
2026-08-15,P029,冰淇淋,冷饮,16,5.0,3.0,0,180,供应商A,1,晴,8,正常,1,1
2026-08-15,P030,雪糕,冷饮,15,3.0,1.7,0,180,供应商A,1,晴,8,正常,1,1
2026-08-15,P031,纸巾,日用品,8,5.0,3.2,1,1095,供应商E,2,晴,8,正常,1,1
2026-08-15,P032,卷纸,日用品,6,18.0,13.0,1,1095,供应商E,2,晴,8,正常,1,1
2026-08-15,P033,洗衣液,日用品,3,25.0,18.0,0,1095,供应商E,3,晴,8,正常,1,1
2026-08-15,P034,洗洁精,日用品,3,12.0,8.0,0,1095,供应商E,3,晴,8,正常,1,1
2026-08-15,P035,牙膏,日用品,4,12.0,8.5,0,1095,供应商E,3,晴,8,正常,1,1
2026-08-15,P036,牙刷,日用品,3,6.0,3.5,0,1095,供应商E,3,晴,8,正常,1,1
2026-08-15,P037,香皂,日用品,5,5.0,3.0,0,1095,供应商E,3,晴,8,正常,1,1
2026-08-15,P038,垃圾袋,日用品,2,8.0,5.0,0,1095,供应商E,3,晴,8,正常,1,1
2026-08-15,P039,电池,日用品,2,10.0,6.5,0,1095,供应商E,3,晴,8,正常,1,1
2026-08-15,P040,打火机,日用品,3,2.0,1.0,0,1095,供应商E,3,晴,8,正常,1,1
2026-08-15,P041,苹果,水果,9,8.0,5.0,0,10,供应商B,1,晴,8,正常,1,1
2026-08-15,P042,香蕉,水果,7,6.0,3.8,0,6,供应商B,1,晴,8,正常,1,1
2026-08-15,P043,橙子,水果,7,9.0,6.0,0,14,供应商B,1,晴,8,正常,1,1
2026-08-15,P044,西红柿,蔬菜,11,6.0,3.8,1,7,供应商B,1,晴,8,正常,1,1
2026-08-15,P045,土豆,蔬菜,10,5.0,3.0,1,30,供应商B,1,晴,8,正常,1,1
2026-08-15,P046,青菜,蔬菜,8,4.0,2.2,1,3,供应商B,1,晴,8,正常,1,1
2026-08-15,P047,火锅底料,调味,5,12.0,8.0,0,365,供应商C,2,晴,8,正常,1,1
2026-08-15,P048,速冻水饺,冷冻食品,4,18.0,12.5,0,180,供应商D,2,晴,8,正常,1,1
2026-08-15,P049,口罩10只,应急用品,2,10.0,6.0,1,1095,供应商E,3,晴,8,正常,1,1
2026-08-15,P050,创可贴,应急用品,3,5.0,2.8,1,1095,供应商E,3,晴,8,正常,1,1
2026-08-16,P001,矿泉水,饮料,32,2.0,1.1,1,365,供应商A,1,晴,6,正常,1,1
2026-08-16,P002,桶装水,饮料,7,8.0,5.2,1,365,供应商A,1,晴,6,正常,1,1
2026-08-16,P003,可乐,饮料,16,3.5,2.2,0,270,供应商A,1,晴,6,正常,1,1
2026-08-16,P004,雪碧,饮料,16,3.5,2.2,0,270,供应商A,1,晴,6,正常,1,1
2026-08-16,P005,橙汁,饮料,6,5.0,3.2,0,180,供应商A,2,晴,6,正常,1,1
2026-08-16,P006,牛奶,乳品,14,3.5,2.4,1,7,供应商B,1,晴,6,正常,1,1
2026-08-16,P007,酸奶,乳品,9,5.0,3.3,0,14,供应商B,1,晴,6,正常,1,1
2026-08-16,P008,鸡蛋,生鲜,13,12.0,8.5,1,20,供应商B,1,晴,6,正常,1,1
2026-08-16,P009,大米5kg,粮油,4,35.0,28.0,1,365,供应商C,2,晴,6,正常,1,1
2026-08-16,P010,食用油5L,粮油,3,65.0,53.0,1,540,供应商C,2,晴,6,正常,1,1
2026-08-16,P011,挂面,粮油,7,8.0,5.5,1,365,供应商C,2,晴,6,正常,1,1
2026-08-16,P012,面粉2.5kg,粮油,4,18.0,14.0,1,365,供应商C,2,晴,6,正常,1,1
2026-08-16,P013,食盐,调味,6,2.5,1.4,1,730,供应商C,2,晴,6,正常,1,1
2026-08-16,P014,酱油,调味,6,8.0,5.6,1,540,供应商C,2,晴,6,正常,1,1
2026-08-16,P015,食醋,调味,4,6.0,4.0,1,540,供应商C,2,晴,6,正常,1,1
2026-08-16,P016,方便面红烧,方便食品,18,5.0,3.4,1,180,供应商D,1,晴,6,正常,1,1
2026-08-16,P017,方便面香辣,方便食品,12,5.0,3.4,0,180,供应商D,1,晴,6,正常,1,1
2026-08-16,P018,火腿肠,方便食品,10,3.0,1.9,0,180,供应商D,1,晴,6,正常,1,1
2026-08-16,P019,八宝粥,方便食品,8,6.0,4.1,0,365,供应商D,1,晴,6,正常,1,1
2026-08-16,P020,榨菜,方便食品,8,2.0,1.2,0,365,供应商D,1,晴,6,正常,1,1
2026-08-16,P021,面包,烘焙,11,6.0,3.8,0,5,供应商B,1,晴,6,正常,1,1
2026-08-16,P022,蛋糕,烘焙,10,8.0,5.2,0,4,供应商B,1,晴,6,正常,1,1
2026-08-16,P023,饼干,零食,8,7.0,4.4,0,270,供应商D,1,晴,6,正常,1,1
2026-08-16,P024,薯片,零食,10,6.0,3.8,0,180,供应商D,1,晴,6,正常,1,1
2026-08-16,P025,瓜子,零食,5,8.0,5.0,0,240,供应商D,1,晴,6,正常,1,1
2026-08-16,P026,花生,零食,9,7.0,4.3,0,240,供应商D,1,晴,6,正常,1,1
2026-08-16,P027,巧克力,零食,5,8.0,5.2,0,300,供应商D,2,晴,6,正常,1,1
2026-08-16,P028,棒棒糖,零食,9,1.0,0.5,0,365,供应商D,2,晴,6,正常,1,1
2026-08-16,P029,冰淇淋,冷饮,14,5.0,3.0,0,180,供应商A,1,晴,6,正常,1,1
2026-08-16,P030,雪糕,冷饮,19,3.0,1.7,0,180,供应商A,1,晴,6,正常,1,1
2026-08-16,P031,纸巾,日用品,8,5.0,3.2,1,1095,供应商E,2,晴,6,正常,1,1
2026-08-16,P032,卷纸,日用品,5,18.0,13.0,1,1095,供应商E,2,晴,6,正常,1,1
2026-08-16,P033,洗衣液,日用品,0,25.0,18.0,0,1095,供应商E,3,晴,6,正常,1,1
2026-08-16,P034,洗洁精,日用品,4,12.0,8.0,0,1095,供应商E,3,晴,6,正常,1,1
2026-08-16,P035,牙膏,日用品,4,12.0,8.5,0,1095,供应商E,3,晴,6,正常,1,1
2026-08-16,P036,牙刷,日用品,6,6.0,3.5,0,1095,供应商E,3,晴,6,正常,1,1
2026-08-16,P037,香皂,日用品,6,5.0,3.0,0,1095,供应商E,3,晴,6,正常,1,1
2026-08-16,P038,垃圾袋,日用品,4,8.0,5.0,0,1095,供应商E,3,晴,6,正常,1,1
2026-08-16,P039,电池,日用品,4,10.0,6.5,0,1095,供应商E,3,晴,6,正常,1,1
2026-08-16,P040,打火机,日用品,4,2.0,1.0,0,1095,供应商E,3,晴,6,正常,1,1
2026-08-16,P041,苹果,水果,10,8.0,5.0,0,10,供应商B,1,晴,6,正常,1,1
2026-08-16,P042,香蕉,水果,9,6.0,3.8,0,6,供应商B,1,晴,6,正常,1,1
2026-08-16,P043,橙子,水果,5,9.0,6.0,0,14,供应商B,1,晴,6,正常,1,1
2026-08-16,P044,西红柿,蔬菜,9,6.0,3.8,1,7,供应商B,1,晴,6,正常,1,1
2026-08-16,P045,土豆,蔬菜,9,5.0,3.0,1,30,供应商B,1,晴,6,正常,1,1
2026-08-16,P046,青菜,蔬菜,11,4.0,2.2,1,3,供应商B,1,晴,6,正常,1,1
2026-08-16,P047,火锅底料,调味,6,12.0,8.0,0,365,供应商C,2,晴,6,正常,1,1
2026-08-16,P048,速冻水饺,冷冻食品,5,18.0,12.5,0,180,供应商D,2,晴,6,正常,1,1
2026-08-16,P049,口罩10只,应急用品,5,10.0,6.0,1,1095,供应商E,3,晴,6,正常,1,1
2026-08-16,P050,创可贴,应急用品,3,5.0,2.8,1,1095,供应商E,3,晴,6,正常,1,1
2026-08-17,P001,矿泉水,饮料,25,2.0,1.1,1,365,供应商A,1,晴,6,正常,0,1
2026-08-17,P002,桶装水,饮料,6,8.0,5.2,1,365,供应商A,1,晴,6,正常,0,1
2026-08-17,P003,可乐,饮料,18,3.5,2.2,0,270,供应商A,1,晴,6,正常,0,1
2026-08-17,P004,雪碧,饮料,14,3.5,2.2,0,270,供应商A,1,晴,6,正常,0,1
2026-08-17,P005,橙汁,饮料,7,5.0,3.2,0,180,供应商A,2,晴,6,正常,0,1
2026-08-17,P006,牛奶,乳品,16,3.5,2.4,1,7,供应商B,1,晴,6,正常,0,1
2026-08-17,P007,酸奶,乳品,11,5.0,3.3,0,14,供应商B,1,晴,6,正常,0,1
2026-08-17,P008,鸡蛋,生鲜,11,12.0,8.5,1,20,供应商B,1,晴,6,正常,0,1
2026-08-17,P009,大米5kg,粮油,2,35.0,28.0,1,365,供应商C,2,晴,6,正常,0,1
2026-08-17,P010,食用油5L,粮油,4,65.0,53.0,1,540,供应商C,2,晴,6,正常,0,1
2026-08-17,P011,挂面,粮油,7,8.0,5.5,1,365,供应商C,2,晴,6,正常,0,1
2026-08-17,P012,面粉2.5kg,粮油,4,18.0,14.0,1,365,供应商C,2,晴,6,正常,0,1
2026-08-17,P013,食盐,调味,6,2.5,1.4,1,730,供应商C,2,晴,6,正常,0,1
2026-08-17,P014,酱油,调味,4,8.0,5.6,1,540,供应商C,2,晴,6,正常,0,1
2026-08-17,P015,食醋,调味,4,6.0,4.0,1,540,供应商C,2,晴,6,正常,0,1
2026-08-17,P016,方便面红烧,方便食品,15,5.0,3.4,1,180,供应商D,1,晴,6,正常,0,1
2026-08-17,P017,方便面香辣,方便食品,12,5.0,3.4,0,180,供应商D,1,晴,6,正常,0,1
2026-08-17,P018,火腿肠,方便食品,10,3.0,1.9,0,180,供应商D,1,晴,6,正常,0,1
2026-08-17,P019,八宝粥,方便食品,6,6.0,4.1,0,365,供应商D,1,晴,6,正常,0,1
2026-08-17,P020,榨菜,方便食品,5,2.0,1.2,0,365,供应商D,1,晴,6,正常,0,1
2026-08-17,P021,面包,烘焙,12,6.0,3.8,0,5,供应商B,1,晴,6,正常,0,1
2026-08-17,P022,蛋糕,烘焙,6,8.0,5.2,0,4,供应商B,1,晴,6,正常,0,1
2026-08-17,P023,饼干,零食,7,7.0,4.4,0,270,供应商D,1,晴,6,正常,0,1
2026-08-17,P024,薯片,零食,11,6.0,3.8,0,180,供应商D,1,晴,6,正常,0,1
2026-08-17,P025,瓜子,零食,7,8.0,5.0,0,240,供应商D,1,晴,6,正常,0,1
2026-08-17,P026,花生,零食,6,7.0,4.3,0,240,供应商D,1,晴,6,正常,0,1
2026-08-17,P027,巧克力,零食,5,8.0,5.2,0,300,供应商D,2,晴,6,正常,0,1
2026-08-17,P028,棒棒糖,零食,9,1.0,0.5,0,365,供应商D,2,晴,6,正常,0,1
2026-08-17,P029,冰淇淋,冷饮,15,5.0,3.0,0,180,供应商A,1,晴,6,正常,0,1
2026-08-17,P030,雪糕,冷饮,19,3.0,1.7,0,180,供应商A,1,晴,6,正常,0,1
2026-08-17,P031,纸巾,日用品,5,5.0,3.2,1,1095,供应商E,2,晴,6,正常,0,1
2026-08-17,P032,卷纸,日用品,5,18.0,13.0,1,1095,供应商E,2,晴,6,正常,0,1
2026-08-17,P033,洗衣液,日用品,4,25.0,18.0,0,1095,供应商E,3,晴,6,正常,0,1
2026-08-17,P034,洗洁精,日用品,4,12.0,8.0,0,1095,供应商E,3,晴,6,正常,0,1
2026-08-17,P035,牙膏,日用品,4,12.0,8.5,0,1095,供应商E,3,晴,6,正常,0,1
2026-08-17,P036,牙刷,日用品,5,6.0,3.5,0,1095,供应商E,3,晴,6,正常,0,1
2026-08-17,P037,香皂,日用品,4,5.0,3.0,0,1095,供应商E,3,晴,6,正常,0,1
2026-08-17,P038,垃圾袋,日用品,6,8.0,5.0,0,1095,供应商E,3,晴,6,正常,0,1
2026-08-17,P039,电池,日用品,4,10.0,6.5,0,1095,供应商E,3,晴,6,正常,0,1
2026-08-17,P040,打火机,日用品,5,2.0,1.0,0,1095,供应商E,3,晴,6,正常,0,1
2026-08-17,P041,苹果,水果,8,8.0,5.0,0,10,供应商B,1,晴,6,正常,0,1
2026-08-17,P042,香蕉,水果,5,6.0,3.8,0,6,供应商B,1,晴,6,正常,0,1
2026-08-17,P043,橙子,水果,6,9.0,6.0,0,14,供应商B,1,晴,6,正常,0,1
2026-08-17,P044,西红柿,蔬菜,6,6.0,3.8,1,7,供应商B,1,晴,6,正常,0,1
2026-08-17,P045,土豆,蔬菜,7,5.0,3.0,1,30,供应商B,1,晴,6,正常,0,1
2026-08-17,P046,青菜,蔬菜,10,4.0,2.2,1,3,供应商B,1,晴,6,正常,0,1
2026-08-17,P047,火锅底料,调味,5,12.0,8.0,0,365,供应商C,2,晴,6,正常,0,1
2026-08-17,P048,速冻水饺,冷冻食品,7,18.0,12.5,0,180,供应商D,2,晴,6,正常,0,1
2026-08-17,P049,口罩10只,应急用品,3,10.0,6.0,1,1095,供应商E,3,晴,6,正常,0,1
2026-08-17,P050,创可贴,应急用品,6,5.0,2.8,1,1095,供应商E,3,晴,6,正常,0,1
2026-08-18,P001,矿泉水,饮料,25,2.0,1.1,1,365,供应商A,1,晴,10,正常,0,1
2026-08-18,P002,桶装水,饮料,4,8.0,5.2,1,365,供应商A,1,晴,10,正常,0,1
2026-08-18,P003,可乐,饮料,15,3.5,2.2,0,270,供应商A,1,晴,10,正常,0,1
2026-08-18,P004,雪碧,饮料,12,3.5,2.2,0,270,供应商A,1,晴,10,正常,0,1
2026-08-18,P005,橙汁,饮料,9,5.0,3.2,0,180,供应商A,2,晴,10,正常,0,1
2026-08-18,P006,牛奶,乳品,12,3.5,2.4,1,7,供应商B,1,晴,10,正常,0,1
2026-08-18,P007,酸奶,乳品,9,5.0,3.3,0,14,供应商B,1,晴,10,正常,0,1
2026-08-18,P008,鸡蛋,生鲜,12,12.0,8.5,1,20,供应商B,1,晴,10,正常,0,1
2026-08-18,P009,大米5kg,粮油,3,35.0,28.0,1,365,供应商C,2,晴,10,正常,0,1
2026-08-18,P010,食用油5L,粮油,4,65.0,53.0,1,540,供应商C,2,晴,10,正常,0,1
2026-08-18,P011,挂面,粮油,8,8.0,5.5,1,365,供应商C,2,晴,10,正常,0,1
2026-08-18,P012,面粉2.5kg,粮油,5,18.0,14.0,1,365,供应商C,2,晴,10,正常,0,1
2026-08-18,P013,食盐,调味,5,2.5,1.4,1,730,供应商C,2,晴,10,正常,0,1
2026-08-18,P014,酱油,调味,6,8.0,5.6,1,540,供应商C,2,晴,10,正常,0,1
2026-08-18,P015,食醋,调味,2,6.0,4.0,1,540,供应商C,2,晴,10,正常,0,1
2026-08-18,P016,方便面红烧,方便食品,12,5.0,3.4,1,180,供应商D,1,晴,10,正常,0,1
2026-08-18,P017,方便面香辣,方便食品,8,5.0,3.4,0,180,供应商D,1,晴,10,正常,0,1
2026-08-18,P018,火腿肠,方便食品,10,3.0,1.9,0,180,供应商D,1,晴,10,正常,0,1
2026-08-18,P019,八宝粥,方便食品,8,6.0,4.1,0,365,供应商D,1,晴,10,正常,0,1
2026-08-18,P020,榨菜,方便食品,5,2.0,1.2,0,365,供应商D,1,晴,10,正常,0,1
2026-08-18,P021,面包,烘焙,11,6.0,3.8,0,5,供应商B,1,晴,10,正常,0,1
2026-08-18,P022,蛋糕,烘焙,7,8.0,5.2,0,4,供应商B,1,晴,10,正常,0,1
2026-08-18,P023,饼干,零食,10,7.0,4.4,0,270,供应商D,1,晴,10,正常,0,1
2026-08-18,P024,薯片,零食,9,6.0,3.8,0,180,供应商D,1,晴,10,正常,0,1
2026-08-18,P025,瓜子,零食,5,8.0,5.0,0,240,供应商D,1,晴,10,正常,0,1
2026-08-18,P026,花生,零食,4,7.0,4.3,0,240,供应商D,1,晴,10,正常,0,1
2026-08-18,P027,巧克力,零食,4,8.0,5.2,0,300,供应商D,2,晴,10,正常,0,1
2026-08-18,P028,棒棒糖,零食,11,1.0,0.5,0,365,供应商D,2,晴,10,正常,0,1
2026-08-18,P029,冰淇淋,冷饮,14,5.0,3.0,0,180,供应商A,1,晴,10,正常,0,1
2026-08-18,P030,雪糕,冷饮,15,3.0,1.7,0,180,供应商A,1,晴,10,正常,0,1
2026-08-18,P031,纸巾,日用品,10,5.0,3.2,1,1095,供应商E,2,晴,10,正常,0,1
2026-08-18,P032,卷纸,日用品,4,18.0,13.0,1,1095,供应商E,2,晴,10,正常,0,1
2026-08-18,P033,洗衣液,日用品,5,25.0,18.0,0,1095,供应商E,3,晴,10,正常,0,1
2026-08-18,P034,洗洁精,日用品,6,12.0,8.0,0,1095,供应商E,3,晴,10,正常,0,1
2026-08-18,P035,牙膏,日用品,4,12.0,8.5,0,1095,供应商E,3,晴,10,正常,0,1
2026-08-18,P036,牙刷,日用品,2,6.0,3.5,0,1095,供应商E,3,晴,10,正常,0,1
2026-08-18,P037,香皂,日用品,7,5.0,3.0,0,1095,供应商E,3,晴,10,正常,0,1
2026-08-18,P038,垃圾袋,日用品,4,8.0,5.0,0,1095,供应商E,3,晴,10,正常,0,1
2026-08-18,P039,电池,日用品,3,10.0,6.5,0,1095,供应商E,3,晴,10,正常,0,1
2026-08-18,P040,打火机,日用品,6,2.0,1.0,0,1095,供应商E,3,晴,10,正常,0,1
2026-08-18,P041,苹果,水果,9,8.0,5.0,0,10,供应商B,1,晴,10,正常,0,1
2026-08-18,P042,香蕉,水果,11,6.0,3.8,0,6,供应商B,1,晴,10,正常,0,1
2026-08-18,P043,橙子,水果,5,9.0,6.0,0,14,供应商B,1,晴,10,正常,0,1
2026-08-18,P044,西红柿,蔬菜,8,6.0,3.8,1,7,供应商B,1,晴,10,正常,0,1
2026-08-18,P045,土豆,蔬菜,6,5.0,3.0,1,30,供应商B,1,晴,10,正常,0,1
2026-08-18,P046,青菜,蔬菜,11,4.0,2.2,1,3,供应商B,1,晴,10,正常,0,1
2026-08-18,P047,火锅底料,调味,4,12.0,8.0,0,365,供应商C,2,晴,10,正常,0,1
2026-08-18,P048,速冻水饺,冷冻食品,5,18.0,12.5,0,180,供应商D,2,晴,10,正常,0,1
2026-08-18,P049,口罩10只,应急用品,3,10.0,6.0,1,1095,供应商E,3,晴,10,正常,0,1
2026-08-18,P050,创可贴,应急用品,3,5.0,2.8,1,1095,供应商E,3,晴,10,正常,0,1
2026-08-19,P001,矿泉水,饮料,21,2.0,1.1,1,365,供应商A,1,晴,14,正常,0,1
2026-08-19,P002,桶装水,饮料,7,8.0,5.2,1,365,供应商A,1,晴,14,正常,0,1
2026-08-19,P003,可乐,饮料,20,3.5,2.2,0,270,供应商A,1,晴,14,正常,0,1
2026-08-19,P004,雪碧,饮料,12,3.5,2.2,0,270,供应商A,1,晴,14,正常,0,1
2026-08-19,P005,橙汁,饮料,9,5.0,3.2,0,180,供应商A,2,晴,14,正常,0,1
2026-08-19,P006,牛奶,乳品,15,3.5,2.4,1,7,供应商B,1,晴,14,正常,0,1
2026-08-19,P007,酸奶,乳品,9,5.0,3.3,0,14,供应商B,1,晴,14,正常,0,1
2026-08-19,P008,鸡蛋,生鲜,9,12.0,8.5,1,20,供应商B,1,晴,14,正常,0,1
2026-08-19,P009,大米5kg,粮油,2,35.0,28.0,1,365,供应商C,2,晴,14,正常,0,1
2026-08-19,P010,食用油5L,粮油,2,65.0,53.0,1,540,供应商C,2,晴,14,正常,0,1
2026-08-19,P011,挂面,粮油,4,8.0,5.5,1,365,供应商C,2,晴,14,正常,0,1
2026-08-19,P012,面粉2.5kg,粮油,6,18.0,14.0,1,365,供应商C,2,晴,14,正常,0,1
2026-08-19,P013,食盐,调味,5,2.5,1.4,1,730,供应商C,2,晴,14,正常,0,1
2026-08-19,P014,酱油,调味,5,8.0,5.6,1,540,供应商C,2,晴,14,正常,0,1
2026-08-19,P015,食醋,调味,1,6.0,4.0,1,540,供应商C,2,晴,14,正常,0,1
2026-08-19,P016,方便面红烧,方便食品,11,5.0,3.4,1,180,供应商D,1,晴,14,正常,0,1
2026-08-19,P017,方便面香辣,方便食品,10,5.0,3.4,0,180,供应商D,1,晴,14,正常,0,1
2026-08-19,P018,火腿肠,方便食品,13,3.0,1.9,0,180,供应商D,1,晴,14,正常,0,1
2026-08-19,P019,八宝粥,方便食品,6,6.0,4.1,0,365,供应商D,1,晴,14,正常,0,1
2026-08-19,P020,榨菜,方便食品,7,2.0,1.2,0,365,供应商D,1,晴,14,正常,0,1
2026-08-19,P021,面包,烘焙,11,6.0,3.8,0,5,供应商B,1,晴,14,正常,0,1
2026-08-19,P022,蛋糕,烘焙,7,8.0,5.2,0,4,供应商B,1,晴,14,正常,0,1
2026-08-19,P023,饼干,零食,11,7.0,4.4,0,270,供应商D,1,晴,14,正常,0,1
2026-08-19,P024,薯片,零食,9,6.0,3.8,0,180,供应商D,1,晴,14,正常,0,1
2026-08-19,P025,瓜子,零食,5,8.0,5.0,0,240,供应商D,1,晴,14,正常,0,1
2026-08-19,P026,花生,零食,8,7.0,4.3,0,240,供应商D,1,晴,14,正常,0,1
2026-08-19,P027,巧克力,零食,5,8.0,5.2,0,300,供应商D,2,晴,14,正常,0,1
2026-08-19,P028,棒棒糖,零食,11,1.0,0.5,0,365,供应商D,2,晴,14,正常,0,1
2026-08-19,P029,冰淇淋,冷饮,12,5.0,3.0,0,180,供应商A,1,晴,14,正常,0,1
2026-08-19,P030,雪糕,冷饮,21,3.0,1.7,0,180,供应商A,1,晴,14,正常,0,1
2026-08-19,P031,纸巾,日用品,8,5.0,3.2,1,1095,供应商E,2,晴,14,正常,0,1
2026-08-19,P032,卷纸,日用品,6,18.0,13.0,1,1095,供应商E,2,晴,14,正常,0,1
2026-08-19,P033,洗衣液,日用品,3,25.0,18.0,0,1095,供应商E,3,晴,14,正常,0,1
2026-08-19,P034,洗洁精,日用品,3,12.0,8.0,0,1095,供应商E,3,晴,14,正常,0,1
2026-08-19,P035,牙膏,日用品,4,12.0,8.5,0,1095,供应商E,3,晴,14,正常,0,1
2026-08-19,P036,牙刷,日用品,3,6.0,3.5,0,1095,供应商E,3,晴,14,正常,0,1
2026-08-19,P037,香皂,日用品,5,5.0,3.0,0,1095,供应商E,3,晴,14,正常,0,1
2026-08-19,P038,垃圾袋,日用品,4,8.0,5.0,0,1095,供应商E,3,晴,14,正常,0,1
2026-08-19,P039,电池,日用品,1,10.0,6.5,0,1095,供应商E,3,晴,14,正常,0,1
2026-08-19,P040,打火机,日用品,3,2.0,1.0,0,1095,供应商E,3,晴,14,正常,0,1
2026-08-19,P041,苹果,水果,6,8.0,5.0,0,10,供应商B,1,晴,14,正常,0,1
2026-08-19,P042,香蕉,水果,10,6.0,3.8,0,6,供应商B,1,晴,14,正常,0,1
2026-08-19,P043,橙子,水果,5,9.0,6.0,0,14,供应商B,1,晴,14,正常,0,1
2026-08-19,P044,西红柿,蔬菜,8,6.0,3.8,1,7,供应商B,1,晴,14,正常,0,1
2026-08-19,P045,土豆,蔬菜,7,5.0,3.0,1,30,供应商B,1,晴,14,正常,0,1
2026-08-19,P046,青菜,蔬菜,10,4.0,2.2,1,3,供应商B,1,晴,14,正常,0,1
2026-08-19,P047,火锅底料,调味,5,12.0,8.0,0,365,供应商C,2,晴,14,正常,0,1
2026-08-19,P048,速冻水饺,冷冻食品,5,18.0,12.5,0,180,供应商D,2,晴,14,正常,0,1
2026-08-19,P049,口罩10只,应急用品,0,10.0,6.0,1,1095,供应商E,3,晴,14,正常,0,1
2026-08-19,P050,创可贴,应急用品,3,5.0,2.8,1,1095,供应商E,3,晴,14,正常,0,1
2026-08-20,P001,矿泉水,饮料,26,2.0,1.1,1,365,供应商A,1,晴,10,正常,0,1
2026-08-20,P002,桶装水,饮料,8,8.0,5.2,1,365,供应商A,1,晴,10,正常,0,1
2026-08-20,P003,可乐,饮料,20,3.5,2.2,0,270,供应商A,1,晴,10,正常,0,1
2026-08-20,P004,雪碧,饮料,10,3.5,2.2,0,270,供应商A,1,晴,10,正常,0,1
2026-08-20,P005,橙汁,饮料,8,5.0,3.2,0,180,供应商A,2,晴,10,正常,0,1
2026-08-20,P006,牛奶,乳品,10,3.5,2.4,1,7,供应商B,1,晴,10,正常,0,1
2026-08-20,P007,酸奶,乳品,11,5.0,3.3,0,14,供应商B,1,晴,10,正常,0,1
2026-08-20,P008,鸡蛋,生鲜,14,12.0,8.5,1,20,供应商B,1,晴,10,正常,0,1
2026-08-20,P009,大米5kg,粮油,4,35.0,28.0,1,365,供应商C,2,晴,10,正常,0,1
2026-08-20,P010,食用油5L,粮油,3,65.0,53.0,1,540,供应商C,2,晴,10,正常,0,1
2026-08-20,P011,挂面,粮油,9,8.0,5.5,1,365,供应商C,2,晴,10,正常,0,1
2026-08-20,P012,面粉2.5kg,粮油,5,18.0,14.0,1,365,供应商C,2,晴,10,正常,0,1
2026-08-20,P013,食盐,调味,6,2.5,1.4,1,730,供应商C,2,晴,10,正常,0,1
2026-08-20,P014,酱油,调味,6,8.0,5.6,1,540,供应商C,2,晴,10,正常,0,1
2026-08-20,P015,食醋,调味,4,6.0,4.0,1,540,供应商C,2,晴,10,正常,0,1
2026-08-20,P016,方便面红烧,方便食品,17,5.0,3.4,1,180,供应商D,1,晴,10,正常,0,1
2026-08-20,P017,方便面香辣,方便食品,11,5.0,3.4,0,180,供应商D,1,晴,10,正常,0,1
2026-08-20,P018,火腿肠,方便食品,10,3.0,1.9,0,180,供应商D,1,晴,10,正常,0,1
2026-08-20,P019,八宝粥,方便食品,7,6.0,4.1,0,365,供应商D,1,晴,10,正常,0,1
2026-08-20,P020,榨菜,方便食品,7,2.0,1.2,0,365,供应商D,1,晴,10,正常,0,1
2026-08-20,P021,面包,烘焙,15,6.0,3.8,0,5,供应商B,1,晴,10,正常,0,1
2026-08-20,P022,蛋糕,烘焙,6,8.0,5.2,0,4,供应商B,1,晴,10,正常,0,1
2026-08-20,P023,饼干,零食,9,7.0,4.4,0,270,供应商D,1,晴,10,正常,0,1
2026-08-20,P024,薯片,零食,11,6.0,3.8,0,180,供应商D,1,晴,10,正常,0,1
2026-08-20,P025,瓜子,零食,7,8.0,5.0,0,240,供应商D,1,晴,10,正常,0,1
2026-08-20,P026,花生,零食,5,7.0,4.3,0,240,供应商D,1,晴,10,正常,0,1
2026-08-20,P027,巧克力,零食,7,8.0,5.2,0,300,供应商D,2,晴,10,正常,0,1
2026-08-20,P028,棒棒糖,零食,10,1.0,0.5,0,365,供应商D,2,晴,10,正常,0,1
2026-08-20,P029,冰淇淋,冷饮,15,5.0,3.0,0,180,供应商A,1,晴,10,正常,0,1
2026-08-20,P030,雪糕,冷饮,22,3.0,1.7,0,180,供应商A,1,晴,10,正常,0,1
2026-08-20,P031,纸巾,日用品,7,5.0,3.2,1,1095,供应商E,2,晴,10,正常,0,1
2026-08-20,P032,卷纸,日用品,5,18.0,13.0,1,1095,供应商E,2,晴,10,正常,0,1
2026-08-20,P033,洗衣液,日用品,1,25.0,18.0,0,1095,供应商E,3,晴,10,正常,0,1
2026-08-20,P034,洗洁精,日用品,4,12.0,8.0,0,1095,供应商E,3,晴,10,正常,0,1
2026-08-20,P035,牙膏,日用品,2,12.0,8.5,0,1095,供应商E,3,晴,10,正常,0,1
2026-08-20,P036,牙刷,日用品,5,6.0,3.5,0,1095,供应商E,3,晴,10,正常,0,1
2026-08-20,P037,香皂,日用品,5,5.0,3.0,0,1095,供应商E,3,晴,10,正常,0,1
2026-08-20,P038,垃圾袋,日用品,4,8.0,5.0,0,1095,供应商E,3,晴,10,正常,0,1
2026-08-20,P039,电池,日用品,3,10.0,6.5,0,1095,供应商E,3,晴,10,正常,0,1
2026-08-20,P040,打火机,日用品,6,2.0,1.0,0,1095,供应商E,3,晴,10,正常,0,1
2026-08-20,P041,苹果,水果,7,8.0,5.0,0,10,供应商B,1,晴,10,正常,0,1
2026-08-20,P042,香蕉,水果,9,6.0,3.8,0,6,供应商B,1,晴,10,正常,0,1
2026-08-20,P043,橙子,水果,7,9.0,6.0,0,14,供应商B,1,晴,10,正常,0,1
2026-08-20,P044,西红柿,蔬菜,6,6.0,3.8,1,7,供应商B,1,晴,10,正常,0,1
2026-08-20,P045,土豆,蔬菜,8,5.0,3.0,1,30,供应商B,1,晴,10,正常,0,1
2026-08-20,P046,青菜,蔬菜,7,4.0,2.2,1,3,供应商B,1,晴,10,正常,0,1
2026-08-20,P047,火锅底料,调味,4,12.0,8.0,0,365,供应商C,2,晴,10,正常,0,1
2026-08-20,P048,速冻水饺,冷冻食品,4,18.0,12.5,0,180,供应商D,2,晴,10,正常,0,1
2026-08-20,P049,口罩10只,应急用品,5,10.0,6.0,1,1095,供应商E,3,晴,10,正常,0,1
2026-08-20,P050,创可贴,应急用品,2,5.0,2.8,1,1095,供应商E,3,晴,10,正常,0,1
2026-08-21,P001,矿泉水,饮料,18,2.0,1.1,1,365,供应商A,1,晴,9,正常,0,1
2026-08-21,P002,桶装水,饮料,6,8.0,5.2,1,365,供应商A,1,晴,9,正常,0,1
2026-08-21,P003,可乐,饮料,15,3.5,2.2,0,270,供应商A,1,晴,9,正常,0,1
2026-08-21,P004,雪碧,饮料,10,3.5,2.2,0,270,供应商A,1,晴,9,正常,0,1
2026-08-21,P005,橙汁,饮料,9,5.0,3.2,0,180,供应商A,2,晴,9,正常,0,1
2026-08-21,P006,牛奶,乳品,10,3.5,2.4,1,7,供应商B,1,晴,9,正常,0,1
2026-08-21,P007,酸奶,乳品,8,5.0,3.3,0,14,供应商B,1,晴,9,正常,0,1
2026-08-21,P008,鸡蛋,生鲜,11,12.0,8.5,1,20,供应商B,1,晴,9,正常,0,1
2026-08-21,P009,大米5kg,粮油,5,35.0,28.0,1,365,供应商C,2,晴,9,正常,0,1
2026-08-21,P010,食用油5L,粮油,5,65.0,53.0,1,540,供应商C,2,晴,9,正常,0,1
2026-08-21,P011,挂面,粮油,8,8.0,5.5,1,365,供应商C,2,晴,9,正常,0,1
2026-08-21,P012,面粉2.5kg,粮油,4,18.0,14.0,1,365,供应商C,2,晴,9,正常,0,1
2026-08-21,P013,食盐,调味,2,2.5,1.4,1,730,供应商C,2,晴,9,正常,0,1
2026-08-21,P014,酱油,调味,5,8.0,5.6,1,540,供应商C,2,晴,9,正常,0,1
2026-08-21,P015,食醋,调味,6,6.0,4.0,1,540,供应商C,2,晴,9,正常,0,1
2026-08-21,P016,方便面红烧,方便食品,18,5.0,3.4,1,180,供应商D,1,晴,9,正常,0,1
2026-08-21,P017,方便面香辣,方便食品,11,5.0,3.4,0,180,供应商D,1,晴,9,正常,0,1
2026-08-21,P018,火腿肠,方便食品,8,3.0,1.9,0,180,供应商D,1,晴,9,正常,0,1
2026-08-21,P019,八宝粥,方便食品,6,6.0,4.1,0,365,供应商D,1,晴,9,正常,0,1
2026-08-21,P020,榨菜,方便食品,8,2.0,1.2,0,365,供应商D,1,晴,9,正常,0,1
2026-08-21,P021,面包,烘焙,9,6.0,3.8,0,5,供应商B,1,晴,9,正常,0,1
2026-08-21,P022,蛋糕,烘焙,6,8.0,5.2,0,4,供应商B,1,晴,9,正常,0,1
2026-08-21,P023,饼干,零食,10,7.0,4.4,0,270,供应商D,1,晴,9,正常,0,1
2026-08-21,P024,薯片,零食,9,6.0,3.8,0,180,供应商D,1,晴,9,正常,0,1
2026-08-21,P025,瓜子,零食,5,8.0,5.0,0,240,供应商D,1,晴,9,正常,0,1
2026-08-21,P026,花生,零食,8,7.0,4.3,0,240,供应商D,1,晴,9,正常,0,1
2026-08-21,P027,巧克力,零食,6,8.0,5.2,0,300,供应商D,2,晴,9,正常,0,1
2026-08-21,P028,棒棒糖,零食,8,1.0,0.5,0,365,供应商D,2,晴,9,正常,0,1
2026-08-21,P029,冰淇淋,冷饮,11,5.0,3.0,0,180,供应商A,1,晴,9,正常,0,1
2026-08-21,P030,雪糕,冷饮,23,3.0,1.7,0,180,供应商A,1,晴,9,正常,0,1
2026-08-21,P031,纸巾,日用品,8,5.0,3.2,1,1095,供应商E,2,晴,9,正常,0,1
2026-08-21,P032,卷纸,日用品,7,18.0,13.0,1,1095,供应商E,2,晴,9,正常,0,1
2026-08-21,P033,洗衣液,日用品,4,25.0,18.0,0,1095,供应商E,3,晴,9,正常,0,1
2026-08-21,P034,洗洁精,日用品,3,12.0,8.0,0,1095,供应商E,3,晴,9,正常,0,1
2026-08-21,P035,牙膏,日用品,3,12.0,8.5,0,1095,供应商E,3,晴,9,正常,0,1
2026-08-21,P036,牙刷,日用品,6,6.0,3.5,0,1095,供应商E,3,晴,9,正常,0,1
2026-08-21,P037,香皂,日用品,6,5.0,3.0,0,1095,供应商E,3,晴,9,正常,0,1
2026-08-21,P038,垃圾袋,日用品,2,8.0,5.0,0,1095,供应商E,3,晴,9,正常,0,1
2026-08-21,P039,电池,日用品,4,10.0,6.5,0,1095,供应商E,3,晴,9,正常,0,1
2026-08-21,P040,打火机,日用品,5,2.0,1.0,0,1095,供应商E,3,晴,9,正常,0,1
2026-08-21,P041,苹果,水果,7,8.0,5.0,0,10,供应商B,1,晴,9,正常,0,1
2026-08-21,P042,香蕉,水果,9,6.0,3.8,0,6,供应商B,1,晴,9,正常,0,1
2026-08-21,P043,橙子,水果,4,9.0,6.0,0,14,供应商B,1,晴,9,正常,0,1
2026-08-21,P044,西红柿,蔬菜,7,6.0,3.8,1,7,供应商B,1,晴,9,正常,0,1
2026-08-21,P045,土豆,蔬菜,6,5.0,3.0,1,30,供应商B,1,晴,9,正常,0,1
2026-08-21,P046,青菜,蔬菜,9,4.0,2.2,1,3,供应商B,1,晴,9,正常,0,1
2026-08-21,P047,火锅底料,调味,4,12.0,8.0,0,365,供应商C,2,晴,9,正常,0,1
2026-08-21,P048,速冻水饺,冷冻食品,4,18.0,12.5,0,180,供应商D,2,晴,9,正常,0,1
2026-08-21,P049,口罩10只,应急用品,5,10.0,6.0,1,1095,供应商E,3,晴,9,正常,0,1
2026-08-21,P050,创可贴,应急用品,4,5.0,2.8,1,1095,供应商E,3,晴,9,正常,0,1
2026-08-22,P001,矿泉水,饮料,34,2.0,1.1,1,365,供应商A,1,晴,10,正常,1,1
2026-08-22,P002,桶装水,饮料,6,8.0,5.2,1,365,供应商A,1,晴,10,正常,1,1
2026-08-22,P003,可乐,饮料,16,3.5,2.2,0,270,供应商A,1,晴,10,正常,1,1
2026-08-22,P004,雪碧,饮料,18,3.5,2.2,0,270,供应商A,1,晴,10,正常,1,1
2026-08-22,P005,橙汁,饮料,8,5.0,3.2,0,180,供应商A,2,晴,10,正常,1,1
2026-08-22,P006,牛奶,乳品,15,3.5,2.4,1,7,供应商B,1,晴,10,正常,1,1
2026-08-22,P007,酸奶,乳品,11,5.0,3.3,0,14,供应商B,1,晴,10,正常,1,1
2026-08-22,P008,鸡蛋,生鲜,11,12.0,8.5,1,20,供应商B,1,晴,10,正常,1,1
2026-08-22,P009,大米5kg,粮油,5,35.0,28.0,1,365,供应商C,2,晴,10,正常,1,1
2026-08-22,P010,食用油5L,粮油,4,65.0,53.0,1,540,供应商C,2,晴,10,正常,1,1
2026-08-22,P011,挂面,粮油,9,8.0,5.5,1,365,供应商C,2,晴,10,正常,1,1
2026-08-22,P012,面粉2.5kg,粮油,5,18.0,14.0,1,365,供应商C,2,晴,10,正常,1,1
2026-08-22,P013,食盐,调味,7,2.5,1.4,1,730,供应商C,2,晴,10,正常,1,1
2026-08-22,P014,酱油,调味,5,8.0,5.6,1,540,供应商C,2,晴,10,正常,1,1
2026-08-22,P015,食醋,调味,3,6.0,4.0,1,540,供应商C,2,晴,10,正常,1,1
2026-08-22,P016,方便面红烧,方便食品,22,5.0,3.4,1,180,供应商D,1,晴,10,正常,1,1
2026-08-22,P017,方便面香辣,方便食品,8,5.0,3.4,0,180,供应商D,1,晴,10,正常,1,1
2026-08-22,P018,火腿肠,方便食品,8,3.0,1.9,0,180,供应商D,1,晴,10,正常,1,1
2026-08-22,P019,八宝粥,方便食品,8,6.0,4.1,0,365,供应商D,1,晴,10,正常,1,1
2026-08-22,P020,榨菜,方便食品,9,2.0,1.2,0,365,供应商D,1,晴,10,正常,1,1
2026-08-22,P021,面包,烘焙,14,6.0,3.8,0,5,供应商B,1,晴,10,正常,1,1
2026-08-22,P022,蛋糕,烘焙,9,8.0,5.2,0,4,供应商B,1,晴,10,正常,1,1
2026-08-22,P023,饼干,零食,7,7.0,4.4,0,270,供应商D,1,晴,10,正常,1,1
2026-08-22,P024,薯片,零食,10,6.0,3.8,0,180,供应商D,1,晴,10,正常,1,1
2026-08-22,P025,瓜子,零食,4,8.0,5.0,0,240,供应商D,1,晴,10,正常,1,1
2026-08-22,P026,花生,零食,8,7.0,4.3,0,240,供应商D,1,晴,10,正常,1,1
2026-08-22,P027,巧克力,零食,4,8.0,5.2,0,300,供应商D,2,晴,10,正常,1,1
2026-08-22,P028,棒棒糖,零食,8,1.0,0.5,0,365,供应商D,2,晴,10,正常,1,1
2026-08-22,P029,冰淇淋,冷饮,17,5.0,3.0,0,180,供应商A,1,晴,10,正常,1,1
2026-08-22,P030,雪糕,冷饮,22,3.0,1.7,0,180,供应商A,1,晴,10,正常,1,1
2026-08-22,P031,纸巾,日用品,9,5.0,3.2,1,1095,供应商E,2,晴,10,正常,1,1
2026-08-22,P032,卷纸,日用品,6,18.0,13.0,1,1095,供应商E,2,晴,10,正常,1,1
2026-08-22,P033,洗衣液,日用品,4,25.0,18.0,0,1095,供应商E,3,晴,10,正常,1,1
2026-08-22,P034,洗洁精,日用品,4,12.0,8.0,0,1095,供应商E,3,晴,10,正常,1,1
2026-08-22,P035,牙膏,日用品,3,12.0,8.5,0,1095,供应商E,3,晴,10,正常,1,1
2026-08-22,P036,牙刷,日用品,5,6.0,3.5,0,1095,供应商E,3,晴,10,正常,1,1
2026-08-22,P037,香皂,日用品,5,5.0,3.0,0,1095,供应商E,3,晴,10,正常,1,1
2026-08-22,P038,垃圾袋,日用品,5,8.0,5.0,0,1095,供应商E,3,晴,10,正常,1,1
2026-08-22,P039,电池,日用品,4,10.0,6.5,0,1095,供应商E,3,晴,10,正常,1,1
2026-08-22,P040,打火机,日用品,4,2.0,1.0,0,1095,供应商E,3,晴,10,正常,1,1
2026-08-22,P041,苹果,水果,10,8.0,5.0,0,10,供应商B,1,晴,10,正常,1,1
2026-08-22,P042,香蕉,水果,10,6.0,3.8,0,6,供应商B,1,晴,10,正常,1,1
2026-08-22,P043,橙子,水果,6,9.0,6.0,0,14,供应商B,1,晴,10,正常,1,1
2026-08-22,P044,西红柿,蔬菜,8,6.0,3.8,1,7,供应商B,1,晴,10,正常,1,1
2026-08-22,P045,土豆,蔬菜,7,5.0,3.0,1,30,供应商B,1,晴,10,正常,1,1
2026-08-22,P046,青菜,蔬菜,13,4.0,2.2,1,3,供应商B,1,晴,10,正常,1,1
2026-08-22,P047,火锅底料,调味,3,12.0,8.0,0,365,供应商C,2,晴,10,正常,1,1
2026-08-22,P048,速冻水饺,冷冻食品,4,18.0,12.5,0,180,供应商D,2,晴,10,正常,1,1
2026-08-22,P049,口罩10只,应急用品,3,10.0,6.0,1,1095,供应商E,3,晴,10,正常,1,1
2026-08-22,P050,创可贴,应急用品,5,5.0,2.8,1,1095,供应商E,3,晴,10,正常,1,1
2026-08-23,P001,矿泉水,饮料,31,2.0,1.1,1,365,供应商A,1,晴,14,正常,1,1
2026-08-23,P002,桶装水,饮料,5,8.0,5.2,1,365,供应商A,1,晴,14,正常,1,1
2026-08-23,P003,可乐,饮料,21,3.5,2.2,0,270,供应商A,1,晴,14,正常,1,1
2026-08-23,P004,雪碧,饮料,17,3.5,2.2,0,270,供应商A,1,晴,14,正常,1,1
2026-08-23,P005,橙汁,饮料,7,5.0,3.2,0,180,供应商A,2,晴,14,正常,1,1
2026-08-23,P006,牛奶,乳品,9,3.5,2.4,1,7,供应商B,1,晴,14,正常,1,1
2026-08-23,P007,酸奶,乳品,10,5.0,3.3,0,14,供应商B,1,晴,14,正常,1,1
2026-08-23,P008,鸡蛋,生鲜,16,12.0,8.5,1,20,供应商B,1,晴,14,正常,1,1
2026-08-23,P009,大米5kg,粮油,6,35.0,28.0,1,365,供应商C,2,晴,14,正常,1,1
2026-08-23,P010,食用油5L,粮油,2,65.0,53.0,1,540,供应商C,2,晴,14,正常,1,1
2026-08-23,P011,挂面,粮油,10,8.0,5.5,1,365,供应商C,2,晴,14,正常,1,1
2026-08-23,P012,面粉2.5kg,粮油,2,18.0,14.0,1,365,供应商C,2,晴,14,正常,1,1
2026-08-23,P013,食盐,调味,5,2.5,1.4,1,730,供应商C,2,晴,14,正常,1,1
2026-08-23,P014,酱油,调味,5,8.0,5.6,1,540,供应商C,2,晴,14,正常,1,1
2026-08-23,P015,食醋,调味,6,6.0,4.0,1,540,供应商C,2,晴,14,正常,1,1
2026-08-23,P016,方便面红烧,方便食品,20,5.0,3.4,1,180,供应商D,1,晴,14,正常,1,1
2026-08-23,P017,方便面香辣,方便食品,13,5.0,3.4,0,180,供应商D,1,晴,14,正常,1,1
2026-08-23,P018,火腿肠,方便食品,9,3.0,1.9,0,180,供应商D,1,晴,14,正常,1,1
2026-08-23,P019,八宝粥,方便食品,9,6.0,4.1,0,365,供应商D,1,晴,14,正常,1,1
2026-08-23,P020,榨菜,方便食品,7,2.0,1.2,0,365,供应商D,1,晴,14,正常,1,1
2026-08-23,P021,面包,烘焙,10,6.0,3.8,0,5,供应商B,1,晴,14,正常,1,1
2026-08-23,P022,蛋糕,烘焙,5,8.0,5.2,0,4,供应商B,1,晴,14,正常,1,1
2026-08-23,P023,饼干,零食,12,7.0,4.4,0,270,供应商D,1,晴,14,正常,1,1
2026-08-23,P024,薯片,零食,11,6.0,3.8,0,180,供应商D,1,晴,14,正常,1,1
2026-08-23,P025,瓜子,零食,5,8.0,5.0,0,240,供应商D,1,晴,14,正常,1,1
2026-08-23,P026,花生,零食,6,7.0,4.3,0,240,供应商D,1,晴,14,正常,1,1
2026-08-23,P027,巧克力,零食,6,8.0,5.2,0,300,供应商D,2,晴,14,正常,1,1
2026-08-23,P028,棒棒糖,零食,10,1.0,0.5,0,365,供应商D,2,晴,14,正常,1,1
2026-08-23,P029,冰淇淋,冷饮,12,5.0,3.0,0,180,供应商A,1,晴,14,正常,1,1
2026-08-23,P030,雪糕,冷饮,24,3.0,1.7,0,180,供应商A,1,晴,14,正常,1,1
2026-08-23,P031,纸巾,日用品,10,5.0,3.2,1,1095,供应商E,2,晴,14,正常,1,1
2026-08-23,P032,卷纸,日用品,5,18.0,13.0,1,1095,供应商E,2,晴,14,正常,1,1
2026-08-23,P033,洗衣液,日用品,3,25.0,18.0,0,1095,供应商E,3,晴,14,正常,1,1
2026-08-23,P034,洗洁精,日用品,5,12.0,8.0,0,1095,供应商E,3,晴,14,正常,1,1
2026-08-23,P035,牙膏,日用品,3,12.0,8.5,0,1095,供应商E,3,晴,14,正常,1,1
2026-08-23,P036,牙刷,日用品,5,6.0,3.5,0,1095,供应商E,3,晴,14,正常,1,1
2026-08-23,P037,香皂,日用品,3,5.0,3.0,0,1095,供应商E,3,晴,14,正常,1,1
2026-08-23,P038,垃圾袋,日用品,4,8.0,5.0,0,1095,供应商E,3,晴,14,正常,1,1
2026-08-23,P039,电池,日用品,2,10.0,6.5,0,1095,供应商E,3,晴,14,正常,1,1
2026-08-23,P040,打火机,日用品,4,2.0,1.0,0,1095,供应商E,3,晴,14,正常,1,1
2026-08-23,P041,苹果,水果,11,8.0,5.0,0,10,供应商B,1,晴,14,正常,1,1
2026-08-23,P042,香蕉,水果,10,6.0,3.8,0,6,供应商B,1,晴,14,正常,1,1
2026-08-23,P043,橙子,水果,7,9.0,6.0,0,14,供应商B,1,晴,14,正常,1,1
2026-08-23,P044,西红柿,蔬菜,6,6.0,3.8,1,7,供应商B,1,晴,14,正常,1,1
2026-08-23,P045,土豆,蔬菜,7,5.0,3.0,1,30,供应商B,1,晴,14,正常,1,1
2026-08-23,P046,青菜,蔬菜,12,4.0,2.2,1,3,供应商B,1,晴,14,正常,1,1
2026-08-23,P047,火锅底料,调味,5,12.0,8.0,0,365,供应商C,2,晴,14,正常,1,1
2026-08-23,P048,速冻水饺,冷冻食品,3,18.0,12.5,0,180,供应商D,2,晴,14,正常,1,1
2026-08-23,P049,口罩10只,应急用品,4,10.0,6.0,1,1095,供应商E,3,晴,14,正常,1,1
2026-08-23,P050,创可贴,应急用品,4,5.0,2.8,1,1095,供应商E,3,晴,14,正常,1,1
2026-08-24,P001,矿泉水,饮料,29,2.0,1.1,1,365,供应商A,1,晴,10,正常,0,1
2026-08-24,P002,桶装水,饮料,5,8.0,5.2,1,365,供应商A,1,晴,10,正常,0,1
2026-08-24,P003,可乐,饮料,10,3.5,2.2,0,270,供应商A,1,晴,10,正常,0,1
2026-08-24,P004,雪碧,饮料,11,3.5,2.2,0,270,供应商A,1,晴,10,正常,0,1
2026-08-24,P005,橙汁,饮料,7,5.0,3.2,0,180,供应商A,2,晴,10,正常,0,1
2026-08-24,P006,牛奶,乳品,16,3.5,2.4,1,7,供应商B,1,晴,10,正常,0,1
2026-08-24,P007,酸奶,乳品,5,5.0,3.3,0,14,供应商B,1,晴,10,正常,0,1
2026-08-24,P008,鸡蛋,生鲜,11,12.0,8.5,1,20,供应商B,1,晴,10,正常,0,1
2026-08-24,P009,大米5kg,粮油,6,35.0,28.0,1,365,供应商C,2,晴,10,正常,0,1
2026-08-24,P010,食用油5L,粮油,3,65.0,53.0,1,540,供应商C,2,晴,10,正常,0,1
2026-08-24,P011,挂面,粮油,8,8.0,5.5,1,365,供应商C,2,晴,10,正常,0,1
2026-08-24,P012,面粉2.5kg,粮油,2,18.0,14.0,1,365,供应商C,2,晴,10,正常,0,1
2026-08-24,P013,食盐,调味,3,2.5,1.4,1,730,供应商C,2,晴,10,正常,0,1
2026-08-24,P014,酱油,调味,7,8.0,5.6,1,540,供应商C,2,晴,10,正常,0,1
2026-08-24,P015,食醋,调味,4,6.0,4.0,1,540,供应商C,2,晴,10,正常,0,1
2026-08-24,P016,方便面红烧,方便食品,15,5.0,3.4,1,180,供应商D,1,晴,10,正常,0,1
2026-08-24,P017,方便面香辣,方便食品,8,5.0,3.4,0,180,供应商D,1,晴,10,正常,0,1
2026-08-24,P018,火腿肠,方便食品,10,3.0,1.9,0,180,供应商D,1,晴,10,正常,0,1
2026-08-24,P019,八宝粥,方便食品,6,6.0,4.1,0,365,供应商D,1,晴,10,正常,0,1
2026-08-24,P020,榨菜,方便食品,7,2.0,1.2,0,365,供应商D,1,晴,10,正常,0,1
2026-08-24,P021,面包,烘焙,17,6.0,3.8,0,5,供应商B,1,晴,10,正常,0,1
2026-08-24,P022,蛋糕,烘焙,8,8.0,5.2,0,4,供应商B,1,晴,10,正常,0,1
2026-08-24,P023,饼干,零食,8,7.0,4.4,0,270,供应商D,1,晴,10,正常,0,1
2026-08-24,P024,薯片,零食,6,6.0,3.8,0,180,供应商D,1,晴,10,正常,0,1
2026-08-24,P025,瓜子,零食,4,8.0,5.0,0,240,供应商D,1,晴,10,正常,0,1
2026-08-24,P026,花生,零食,8,7.0,4.3,0,240,供应商D,1,晴,10,正常,0,1
2026-08-24,P027,巧克力,零食,4,8.0,5.2,0,300,供应商D,2,晴,10,正常,0,1
2026-08-24,P028,棒棒糖,零食,8,1.0,0.5,0,365,供应商D,2,晴,10,正常,0,1
2026-08-24,P029,冰淇淋,冷饮,15,5.0,3.0,0,180,供应商A,1,晴,10,正常,0,1
2026-08-24,P030,雪糕,冷饮,21,3.0,1.7,0,180,供应商A,1,晴,10,正常,0,1
2026-08-24,P031,纸巾,日用品,8,5.0,3.2,1,1095,供应商E,2,晴,10,正常,0,1
2026-08-24,P032,卷纸,日用品,5,18.0,13.0,1,1095,供应商E,2,晴,10,正常,0,1
2026-08-24,P033,洗衣液,日用品,3,25.0,18.0,0,1095,供应商E,3,晴,10,正常,0,1
2026-08-24,P034,洗洁精,日用品,3,12.0,8.0,0,1095,供应商E,3,晴,10,正常,0,1
2026-08-24,P035,牙膏,日用品,3,12.0,8.5,0,1095,供应商E,3,晴,10,正常,0,1
2026-08-24,P036,牙刷,日用品,4,6.0,3.5,0,1095,供应商E,3,晴,10,正常,0,1
2026-08-24,P037,香皂,日用品,4,5.0,3.0,0,1095,供应商E,3,晴,10,正常,0,1
2026-08-24,P038,垃圾袋,日用品,7,8.0,5.0,0,1095,供应商E,3,晴,10,正常,0,1
2026-08-24,P039,电池,日用品,4,10.0,6.5,0,1095,供应商E,3,晴,10,正常,0,1
2026-08-24,P040,打火机,日用品,6,2.0,1.0,0,1095,供应商E,3,晴,10,正常,0,1
2026-08-24,P041,苹果,水果,7,8.0,5.0,0,10,供应商B,1,晴,10,正常,0,1
2026-08-24,P042,香蕉,水果,10,6.0,3.8,0,6,供应商B,1,晴,10,正常,0,1
2026-08-24,P043,橙子,水果,5,9.0,6.0,0,14,供应商B,1,晴,10,正常,0,1
2026-08-24,P044,西红柿,蔬菜,9,6.0,3.8,1,7,供应商B,1,晴,10,正常,0,1
2026-08-24,P045,土豆,蔬菜,8,5.0,3.0,1,30,供应商B,1,晴,10,正常,0,1
2026-08-24,P046,青菜,蔬菜,10,4.0,2.2,1,3,供应商B,1,晴,10,正常,0,1
2026-08-24,P047,火锅底料,调味,7,12.0,8.0,0,365,供应商C,2,晴,10,正常,0,1
2026-08-24,P048,速冻水饺,冷冻食品,7,18.0,12.5,0,180,供应商D,2,晴,10,正常,0,1
2026-08-24,P049,口罩10只,应急用品,4,10.0,6.0,1,1095,供应商E,3,晴,10,正常,0,1
2026-08-24,P050,创可贴,应急用品,4,5.0,2.8,1,1095,供应商E,3,晴,10,正常,0,1
2026-08-25,P001,矿泉水,饮料,31,2.0,1.1,1,365,供应商A,1,晴,9,正常,0,1
2026-08-25,P002,桶装水,饮料,4,8.0,5.2,1,365,供应商A,1,晴,9,正常,0,1
2026-08-25,P003,可乐,饮料,20,3.5,2.2,0,270,供应商A,1,晴,9,正常,0,1
2026-08-25,P004,雪碧,饮料,11,3.5,2.2,0,270,供应商A,1,晴,9,正常,0,1
2026-08-25,P005,橙汁,饮料,7,5.0,3.2,0,180,供应商A,2,晴,9,正常,0,1
2026-08-25,P006,牛奶,乳品,15,3.5,2.4,1,7,供应商B,1,晴,9,正常,0,1
2026-08-25,P007,酸奶,乳品,11,5.0,3.3,0,14,供应商B,1,晴,9,正常,0,1
2026-08-25,P008,鸡蛋,生鲜,10,12.0,8.5,1,20,供应商B,1,晴,9,正常,0,1
2026-08-25,P009,大米5kg,粮油,3,35.0,28.0,1,365,供应商C,2,晴,9,正常,0,1
2026-08-25,P010,食用油5L,粮油,3,65.0,53.0,1,540,供应商C,2,晴,9,正常,0,1
2026-08-25,P011,挂面,粮油,7,8.0,5.5,1,365,供应商C,2,晴,9,正常,0,1
2026-08-25,P012,面粉2.5kg,粮油,5,18.0,14.0,1,365,供应商C,2,晴,9,正常,0,1
2026-08-25,P013,食盐,调味,9,2.5,1.4,1,730,供应商C,2,晴,9,正常,0,1
2026-08-25,P014,酱油,调味,6,8.0,5.6,1,540,供应商C,2,晴,9,正常,0,1
2026-08-25,P015,食醋,调味,3,6.0,4.0,1,540,供应商C,2,晴,9,正常,0,1
2026-08-25,P016,方便面红烧,方便食品,12,5.0,3.4,1,180,供应商D,1,晴,9,正常,0,1
2026-08-25,P017,方便面香辣,方便食品,9,5.0,3.4,0,180,供应商D,1,晴,9,正常,0,1
2026-08-25,P018,火腿肠,方便食品,8,3.0,1.9,0,180,供应商D,1,晴,9,正常,0,1
2026-08-25,P019,八宝粥,方便食品,8,6.0,4.1,0,365,供应商D,1,晴,9,正常,0,1
2026-08-25,P020,榨菜,方便食品,7,2.0,1.2,0,365,供应商D,1,晴,9,正常,0,1
2026-08-25,P021,面包,烘焙,11,6.0,3.8,0,5,供应商B,1,晴,9,正常,0,1
2026-08-25,P022,蛋糕,烘焙,9,8.0,5.2,0,4,供应商B,1,晴,9,正常,0,1
2026-08-25,P023,饼干,零食,8,7.0,4.4,0,270,供应商D,1,晴,9,正常,0,1
2026-08-25,P024,薯片,零食,10,6.0,3.8,0,180,供应商D,1,晴,9,正常,0,1
2026-08-25,P025,瓜子,零食,7,8.0,5.0,0,240,供应商D,1,晴,9,正常,0,1
2026-08-25,P026,花生,零食,7,7.0,4.3,0,240,供应商D,1,晴,9,正常,0,1
2026-08-25,P027,巧克力,零食,7,8.0,5.2,0,300,供应商D,2,晴,9,正常,0,1
2026-08-25,P028,棒棒糖,零食,10,1.0,0.5,0,365,供应商D,2,晴,9,正常,0,1
2026-08-25,P029,冰淇淋,冷饮,16,5.0,3.0,0,180,供应商A,1,晴,9,正常,0,1
2026-08-25,P030,雪糕,冷饮,15,3.0,1.7,0,180,供应商A,1,晴,9,正常,0,1
2026-08-25,P031,纸巾,日用品,9,5.0,3.2,1,1095,供应商E,2,晴,9,正常,0,1
2026-08-25,P032,卷纸,日用品,6,18.0,13.0,1,1095,供应商E,2,晴,9,正常,0,1
2026-08-25,P033,洗衣液,日用品,5,25.0,18.0,0,1095,供应商E,3,晴,9,正常,0,1
2026-08-25,P034,洗洁精,日用品,2,12.0,8.0,0,1095,供应商E,3,晴,9,正常,0,1
2026-08-25,P035,牙膏,日用品,3,12.0,8.5,0,1095,供应商E,3,晴,9,正常,0,1
2026-08-25,P036,牙刷,日用品,5,6.0,3.5,0,1095,供应商E,3,晴,9,正常,0,1
2026-08-25,P037,香皂,日用品,1,5.0,3.0,0,1095,供应商E,3,晴,9,正常,0,1
2026-08-25,P038,垃圾袋,日用品,5,8.0,5.0,0,1095,供应商E,3,晴,9,正常,0,1
2026-08-25,P039,电池,日用品,4,10.0,6.5,0,1095,供应商E,3,晴,9,正常,0,1
2026-08-25,P040,打火机,日用品,4,2.0,1.0,0,1095,供应商E,3,晴,9,正常,0,1
2026-08-25,P041,苹果,水果,7,8.0,5.0,0,10,供应商B,1,晴,9,正常,0,1
2026-08-25,P042,香蕉,水果,7,6.0,3.8,0,6,供应商B,1,晴,9,正常,0,1
2026-08-25,P043,橙子,水果,5,9.0,6.0,0,14,供应商B,1,晴,9,正常,0,1
2026-08-25,P044,西红柿,蔬菜,7,6.0,3.8,1,7,供应商B,1,晴,9,正常,0,1
2026-08-25,P045,土豆,蔬菜,6,5.0,3.0,1,30,供应商B,1,晴,9,正常,0,1
2026-08-25,P046,青菜,蔬菜,9,4.0,2.2,1,3,供应商B,1,晴,9,正常,0,1
2026-08-25,P047,火锅底料,调味,4,12.0,8.0,0,365,供应商C,2,晴,9,正常,0,1
2026-08-25,P048,速冻水饺,冷冻食品,5,18.0,12.5,0,180,供应商D,2,晴,9,正常,0,1
2026-08-25,P049,口罩10只,应急用品,5,10.0,6.0,1,1095,供应商E,3,晴,9,正常,0,1
2026-08-25,P050,创可贴,应急用品,3,5.0,2.8,1,1095,供应商E,3,晴,9,正常,0,1
2026-08-26,P001,矿泉水,饮料,25,2.0,1.1,1,365,供应商A,1,晴,13,正常,0,1
2026-08-26,P002,桶装水,饮料,5,8.0,5.2,1,365,供应商A,1,晴,13,正常,0,1
2026-08-26,P003,可乐,饮料,14,3.5,2.2,0,270,供应商A,1,晴,13,正常,0,1
2026-08-26,P004,雪碧,饮料,9,3.5,2.2,0,270,供应商A,1,晴,13,正常,0,1
2026-08-26,P005,橙汁,饮料,6,5.0,3.2,0,180,供应商A,2,晴,13,正常,0,1
2026-08-26,P006,牛奶,乳品,11,3.5,2.4,1,7,供应商B,1,晴,13,正常,0,1
2026-08-26,P007,酸奶,乳品,9,5.0,3.3,0,14,供应商B,1,晴,13,正常,0,1
2026-08-26,P008,鸡蛋,生鲜,14,12.0,8.5,1,20,供应商B,1,晴,13,正常,0,1
2026-08-26,P009,大米5kg,粮油,2,35.0,28.0,1,365,供应商C,2,晴,13,正常,0,1
2026-08-26,P010,食用油5L,粮油,2,65.0,53.0,1,540,供应商C,2,晴,13,正常,0,1
2026-08-26,P011,挂面,粮油,5,8.0,5.5,1,365,供应商C,2,晴,13,正常,0,1
2026-08-26,P012,面粉2.5kg,粮油,4,18.0,14.0,1,365,供应商C,2,晴,13,正常,0,1
2026-08-26,P013,食盐,调味,6,2.5,1.4,1,730,供应商C,2,晴,13,正常,0,1
2026-08-26,P014,酱油,调味,4,8.0,5.6,1,540,供应商C,2,晴,13,正常,0,1
2026-08-26,P015,食醋,调味,4,6.0,4.0,1,540,供应商C,2,晴,13,正常,0,1
2026-08-26,P016,方便面红烧,方便食品,18,5.0,3.4,1,180,供应商D,1,晴,13,正常,0,1
2026-08-26,P017,方便面香辣,方便食品,11,5.0,3.4,0,180,供应商D,1,晴,13,正常,0,1
2026-08-26,P018,火腿肠,方便食品,9,3.0,1.9,0,180,供应商D,1,晴,13,正常,0,1
2026-08-26,P019,八宝粥,方便食品,7,6.0,4.1,0,365,供应商D,1,晴,13,正常,0,1
2026-08-26,P020,榨菜,方便食品,5,2.0,1.2,0,365,供应商D,1,晴,13,正常,0,1
2026-08-26,P021,面包,烘焙,13,6.0,3.8,0,5,供应商B,1,晴,13,正常,0,1
2026-08-26,P022,蛋糕,烘焙,8,8.0,5.2,0,4,供应商B,1,晴,13,正常,0,1
2026-08-26,P023,饼干,零食,7,7.0,4.4,0,270,供应商D,1,晴,13,正常,0,1
2026-08-26,P024,薯片,零食,10,6.0,3.8,0,180,供应商D,1,晴,13,正常,0,1
2026-08-26,P025,瓜子,零食,6,8.0,5.0,0,240,供应商D,1,晴,13,正常,0,1
2026-08-26,P026,花生,零食,7,7.0,4.3,0,240,供应商D,1,晴,13,正常,0,1
2026-08-26,P027,巧克力,零食,6,8.0,5.2,0,300,供应商D,2,晴,13,正常,0,1
2026-08-26,P028,棒棒糖,零食,10,1.0,0.5,0,365,供应商D,2,晴,13,正常,0,1
2026-08-26,P029,冰淇淋,冷饮,13,5.0,3.0,0,180,供应商A,1,晴,13,正常,0,1
2026-08-26,P030,雪糕,冷饮,20,3.0,1.7,0,180,供应商A,1,晴,13,正常,0,1
2026-08-26,P031,纸巾,日用品,7,5.0,3.2,1,1095,供应商E,2,晴,13,正常,0,1
2026-08-26,P032,卷纸,日用品,3,18.0,13.0,1,1095,供应商E,2,晴,13,正常,0,1
2026-08-26,P033,洗衣液,日用品,0,25.0,18.0,0,1095,供应商E,3,晴,13,正常,0,1
2026-08-26,P034,洗洁精,日用品,4,12.0,8.0,0,1095,供应商E,3,晴,13,正常,0,1
2026-08-26,P035,牙膏,日用品,3,12.0,8.5,0,1095,供应商E,3,晴,13,正常,0,1
2026-08-26,P036,牙刷,日用品,4,6.0,3.5,0,1095,供应商E,3,晴,13,正常,0,1
2026-08-26,P037,香皂,日用品,2,5.0,3.0,0,1095,供应商E,3,晴,13,正常,0,1
2026-08-26,P038,垃圾袋,日用品,3,8.0,5.0,0,1095,供应商E,3,晴,13,正常,0,1
2026-08-26,P039,电池,日用品,4,10.0,6.5,0,1095,供应商E,3,晴,13,正常,0,1
2026-08-26,P040,打火机,日用品,4,2.0,1.0,0,1095,供应商E,3,晴,13,正常,0,1
2026-08-26,P041,苹果,水果,9,8.0,5.0,0,10,供应商B,1,晴,13,正常,0,1
2026-08-26,P042,香蕉,水果,8,6.0,3.8,0,6,供应商B,1,晴,13,正常,0,1
2026-08-26,P043,橙子,水果,6,9.0,6.0,0,14,供应商B,1,晴,13,正常,0,1
2026-08-26,P044,西红柿,蔬菜,9,6.0,3.8,1,7,供应商B,1,晴,13,正常,0,1
2026-08-26,P045,土豆,蔬菜,8,5.0,3.0,1,30,供应商B,1,晴,13,正常,0,1
2026-08-26,P046,青菜,蔬菜,10,4.0,2.2,1,3,供应商B,1,晴,13,正常,0,1
2026-08-26,P047,火锅底料,调味,3,12.0,8.0,0,365,供应商C,2,晴,13,正常,0,1
2026-08-26,P048,速冻水饺,冷冻食品,4,18.0,12.5,0,180,供应商D,2,晴,13,正常,0,1
2026-08-26,P049,口罩10只,应急用品,4,10.0,6.0,1,1095,供应商E,3,晴,13,正常,0,1
2026-08-26,P050,创可贴,应急用品,2,5.0,2.8,1,1095,供应商E,3,晴,13,正常,0,1
2026-08-27,P001,矿泉水,饮料,23,2.0,1.1,1,365,供应商A,1,晴,11,正常,0,1
2026-08-27,P002,桶装水,饮料,6,8.0,5.2,1,365,供应商A,1,晴,11,正常,0,1
2026-08-27,P003,可乐,饮料,16,3.5,2.2,0,270,供应商A,1,晴,11,正常,0,1
2026-08-27,P004,雪碧,饮料,11,3.5,2.2,0,270,供应商A,1,晴,11,正常,0,1
2026-08-27,P005,橙汁,饮料,6,5.0,3.2,0,180,供应商A,2,晴,11,正常,0,1
2026-08-27,P006,牛奶,乳品,15,3.5,2.4,1,7,供应商B,1,晴,11,正常,0,1
2026-08-27,P007,酸奶,乳品,10,5.0,3.3,0,14,供应商B,1,晴,11,正常,0,1
2026-08-27,P008,鸡蛋,生鲜,9,12.0,8.5,1,20,供应商B,1,晴,11,正常,0,1
2026-08-27,P009,大米5kg,粮油,4,35.0,28.0,1,365,供应商C,2,晴,11,正常,0,1
2026-08-27,P010,食用油5L,粮油,4,65.0,53.0,1,540,供应商C,2,晴,11,正常,0,1
2026-08-27,P011,挂面,粮油,8,8.0,5.5,1,365,供应商C,2,晴,11,正常,0,1
2026-08-27,P012,面粉2.5kg,粮油,3,18.0,14.0,1,365,供应商C,2,晴,11,正常,0,1
2026-08-27,P013,食盐,调味,4,2.5,1.4,1,730,供应商C,2,晴,11,正常,0,1
2026-08-27,P014,酱油,调味,5,8.0,5.6,1,540,供应商C,2,晴,11,正常,0,1
2026-08-27,P015,食醋,调味,4,6.0,4.0,1,540,供应商C,2,晴,11,正常,0,1
2026-08-27,P016,方便面红烧,方便食品,15,5.0,3.4,1,180,供应商D,1,晴,11,正常,0,1
2026-08-27,P017,方便面香辣,方便食品,10,5.0,3.4,0,180,供应商D,1,晴,11,正常,0,1
2026-08-27,P018,火腿肠,方便食品,8,3.0,1.9,0,180,供应商D,1,晴,11,正常,0,1
2026-08-27,P019,八宝粥,方便食品,8,6.0,4.1,0,365,供应商D,1,晴,11,正常,0,1
2026-08-27,P020,榨菜,方便食品,7,2.0,1.2,0,365,供应商D,1,晴,11,正常,0,1
2026-08-27,P021,面包,烘焙,12,6.0,3.8,0,5,供应商B,1,晴,11,正常,0,1
2026-08-27,P022,蛋糕,烘焙,7,8.0,5.2,0,4,供应商B,1,晴,11,正常,0,1
2026-08-27,P023,饼干,零食,11,7.0,4.4,0,270,供应商D,1,晴,11,正常,0,1
2026-08-27,P024,薯片,零食,9,6.0,3.8,0,180,供应商D,1,晴,11,正常,0,1
2026-08-27,P025,瓜子,零食,8,8.0,5.0,0,240,供应商D,1,晴,11,正常,0,1
2026-08-27,P026,花生,零食,5,7.0,4.3,0,240,供应商D,1,晴,11,正常,0,1
2026-08-27,P027,巧克力,零食,6,8.0,5.2,0,300,供应商D,2,晴,11,正常,0,1
2026-08-27,P028,棒棒糖,零食,11,1.0,0.5,0,365,供应商D,2,晴,11,正常,0,1
2026-08-27,P029,冰淇淋,冷饮,13,5.0,3.0,0,180,供应商A,1,晴,11,正常,0,1
2026-08-27,P030,雪糕,冷饮,22,3.0,1.7,0,180,供应商A,1,晴,11,正常,0,1
2026-08-27,P031,纸巾,日用品,9,5.0,3.2,1,1095,供应商E,2,晴,11,正常,0,1
2026-08-27,P032,卷纸,日用品,4,18.0,13.0,1,1095,供应商E,2,晴,11,正常,0,1
2026-08-27,P033,洗衣液,日用品,3,25.0,18.0,0,1095,供应商E,3,晴,11,正常,0,1
2026-08-27,P034,洗洁精,日用品,5,12.0,8.0,0,1095,供应商E,3,晴,11,正常,0,1
2026-08-27,P035,牙膏,日用品,5,12.0,8.5,0,1095,供应商E,3,晴,11,正常,0,1
2026-08-27,P036,牙刷,日用品,3,6.0,3.5,0,1095,供应商E,3,晴,11,正常,0,1
2026-08-27,P037,香皂,日用品,4,5.0,3.0,0,1095,供应商E,3,晴,11,正常,0,1
2026-08-27,P038,垃圾袋,日用品,4,8.0,5.0,0,1095,供应商E,3,晴,11,正常,0,1
2026-08-27,P039,电池,日用品,2,10.0,6.5,0,1095,供应商E,3,晴,11,正常,0,1
2026-08-27,P040,打火机,日用品,8,2.0,1.0,0,1095,供应商E,3,晴,11,正常,0,1
2026-08-27,P041,苹果,水果,8,8.0,5.0,0,10,供应商B,1,晴,11,正常,0,1
2026-08-27,P042,香蕉,水果,9,6.0,3.8,0,6,供应商B,1,晴,11,正常,0,1
2026-08-27,P043,橙子,水果,7,9.0,6.0,0,14,供应商B,1,晴,11,正常,0,1
2026-08-27,P044,西红柿,蔬菜,8,6.0,3.8,1,7,供应商B,1,晴,11,正常,0,1
2026-08-27,P045,土豆,蔬菜,8,5.0,3.0,1,30,供应商B,1,晴,11,正常,0,1
2026-08-27,P046,青菜,蔬菜,7,4.0,2.2,1,3,供应商B,1,晴,11,正常,0,1
2026-08-27,P047,火锅底料,调味,3,12.0,8.0,0,365,供应商C,2,晴,11,正常,0,1
2026-08-27,P048,速冻水饺,冷冻食品,6,18.0,12.5,0,180,供应商D,2,晴,11,正常,0,1
2026-08-27,P049,口罩10只,应急用品,5,10.0,6.0,1,1095,供应商E,3,晴,11,正常,0,1
2026-08-27,P050,创可贴,应急用品,2,5.0,2.8,1,1095,供应商E,3,晴,11,正常,0,1
